id,order_number,customer_id,product_id,quantity,unit_price,total_price,order_date,status
f845003e-9f69-4ed2-b7e6-91bf3d4682e6,ORD-20251128-0001,d5cbcd09-6763-416c-b8bd-c5859f32ec8d,b3cc44f1-f3c1-4703-98d8-ac40cb387187,3,70000,210000,2025-09-17 20:57:07,completed
cab8052e-2c74-4136-b0d7-b3b2614c2984,ORD-20251128-0001,d5cbcd09-6763-416c-b8bd-c5859f32ec8d,457afb33-6e9d-4ad9-9f4c-b52be26e5f18,2,65000,130000,2025-09-17 20:57:07,completed
dbb06f3c-023a-48c5-98bd-65f0658109a7,ORD-20251128-0001,d5cbcd09-6763-416c-b8bd-c5859f32ec8d,70710b93-2b14-4674-a243-b919d6002c48,5,85000,425000,2025-09-17 20:57:07,completed
86a8a1ce-6aa5-4fc6-86cb-686f66db945d,ORD-20251128-0002,d05444c6-b8e7-46e9-aec2-6d4dcef2cda5,af7ba84d-676a-47e6-9221-0974fb76dce2,3,45000,135000,2025-10-25 20:57:07,processing
2a142ff8-c129-4f50-872e-61f6da1e78c3,ORD-20251128-0002,d05444c6-b8e7-46e9-aec2-6d4dcef2cda5,54f78d73-e07a-4863-bb29-3c9517a716d3,1,8000,8000,2025-10-25 20:57:07,processing
c1a1b55e-6d87-4b08-a2a1-673257c408f5,ORD-20251128-0003,51457108-5651-4917-aef4-01e005360bcb,7720d4b9-00ca-4de7-9020-041265fc3107,1,28000,28000,2025-10-05 20:57:07,completed
4093e71a-e69a-4523-8eec-b9198e7ca199,ORD-20251128-0004,d47c8b39-984c-426b-903e-aba2ae2c9fb8,b766b9d7-f3ae-4858-8273-7afc2b0d0ea9,3,35000,105000,2025-09-19 20:57:07,completed
2e8eb9d8-a294-4470-bb15-0f544fad6f02,ORD-20251128-0004,d47c8b39-984c-426b-903e-aba2ae2c9fb8,15a2b4b7-8e82-4815-84af-477582d6d4e8,3,45000,135000,2025-09-19 20:57:07,completed
bf16d20e-513f-4b70-af82-784547f84dec,ORD-20251128-0004,d47c8b39-984c-426b-903e-aba2ae2c9fb8,0dcea2ff-2c7d-4349-81a4-9a922d251bc7,3,20000,60000,2025-09-19 20:57:07,completed
1f0cd57b-09d2-44d4-9afb-7798815938fc,ORD-20251128-0005,d47c8b39-984c-426b-903e-aba2ae2c9fb8,d17954aa-743b-4ff8-843f-baa9882e56a3,2,5000,10000,2025-10-13 20:57:07,completed
faf9b821-3675-4d86-aede-75e269152e68,ORD-20251128-0005,d47c8b39-984c-426b-903e-aba2ae2c9fb8,54f78d73-e07a-4863-bb29-3c9517a716d3,5,8000,40000,2025-10-13 20:57:07,completed
2dfc132b-1d61-4d2f-9c76-6e7ae9a56799,ORD-20251128-0005,d47c8b39-984c-426b-903e-aba2ae2c9fb8,36d6f0d3-a4e9-40e8-b4a0-f37ffdc98e80,3,7000,21000,2025-10-13 20:57:07,completed
55b2641d-a387-4317-893d-0450ef6d6f5a,ORD-20251128-0006,1ad5e86a-1d26-431f-b684-6478baa5a883,7a4af2f2-f55b-4300-a4ba-4406efcc350c,4,65000,260000,2025-11-08 20:57:07,completed
377b9efc-209d-46af-a9af-01acacfbfa45,ORD-20251128-0006,1ad5e86a-1d26-431f-b684-6478baa5a883,b3cc44f1-f3c1-4703-98d8-ac40cb387187,4,70000,280000,2025-11-08 20:57:07,completed
b14d0513-140a-47a9-8311-2c74fcc50d99,ORD-20251128-0006,1ad5e86a-1d26-431f-b684-6478baa5a883,f3093aaa-5474-468c-9b8d-9ef9a28956b9,1,40000,40000,2025-11-08 20:57:07,completed
26cc74af-6950-4140-ac1c-b103bac50d0b,ORD-20251128-0007,d47c8b39-984c-426b-903e-aba2ae2c9fb8,0e462ced-37f3-4960-bd58-1461ae7cebe2,4,6000,24000,2025-11-10 20:57:07,completed
8212e81a-ca25-40e0-afea-2cc402d455d3,ORD-20251128-0007,d47c8b39-984c-426b-903e-aba2ae2c9fb8,54f78d73-e07a-4863-bb29-3c9517a716d3,5,8000,40000,2025-11-10 20:57:07,completed
39064525-7acb-4a50-b5a0-4ee4f820501a,ORD-20251128-0007,d47c8b39-984c-426b-903e-aba2ae2c9fb8,36d6f0d3-a4e9-40e8-b4a0-f37ffdc98e80,1,7000,7000,2025-11-10 20:57:07,completed
acbb7b1f-c9b4-4180-9751-d7314aadff94,ORD-20251128-0008,11e05a0b-c2b5-43f1-80f4-46b547188bb9,a0ab615e-653c-4623-96d5-7bc0121b23ee,1,95000,95000,2025-11-27 20:57:07,completed
9b19bf72-4db5-4a79-adb4-918f8ac4ff2e,ORD-20251128-0008,11e05a0b-c2b5-43f1-80f4-46b547188bb9,9932efc2-6bf0-43a3-a3a9-22be92df3e72,1,42000,42000,2025-11-27 20:57:07,completed
e6abe270-93fd-4ec9-99b2-a33feb29741b,ORD-20251128-0008,11e05a0b-c2b5-43f1-80f4-46b547188bb9,17ad20c4-a240-4058-b0d7-6bf0159238eb,1,38000,38000,2025-11-27 20:57:07,completed
ffce746b-c6a9-4cb9-9af2-1232d9f95f9c,ORD-20251128-0009,612e799f-2782-4b21-ac5c-6ac5bd3b9e8a,5264a61a-da95-4ca9-8c42-c845a8fad53e,4,18000,72000,2025-08-30 20:57:07,completed
844bd7e2-8034-4441-8098-e6b1483e7652,ORD-20251128-0009,612e799f-2782-4b21-ac5c-6ac5bd3b9e8a,b3cc44f1-f3c1-4703-98d8-ac40cb387187,2,70000,140000,2025-08-30 20:57:07,completed
7f4dca6c-b574-4e5a-8fdd-28854d9ab395,ORD-20251128-0009,612e799f-2782-4b21-ac5c-6ac5bd3b9e8a,b14d511b-20cd-43c7-9b49-f37c0a9d4e2e,3,8000,24000,2025-08-30 20:57:07,completed
0b852de1-f008-44da-a15a-d4053f951597,ORD-20251128-0009,612e799f-2782-4b21-ac5c-6ac5bd3b9e8a,457afb33-6e9d-4ad9-9f4c-b52be26e5f18,2,65000,130000,2025-08-30 20:57:07,completed
bb580fcf-93e2-4c00-bea2-0a1ecfda38c7,ORD-20251128-0009,612e799f-2782-4b21-ac5c-6ac5bd3b9e8a,932a5d8b-c8d0-442f-91a5-4dc7dbe137f6,3,75000,225000,2025-08-30 20:57:07,completed
b412d2da-ccb9-4cbd-873a-62708298704e,ORD-20251128-0010,d5cbcd09-6763-416c-b8bd-c5859f32ec8d,566f0937-73b3-4115-b5aa-ddf548383135,4,3000,12000,2025-11-05 20:57:07,completed
5d9db6fc-c9fe-4f7f-83d8-f13609d2cb2d,ORD-20251128-0010,d5cbcd09-6763-416c-b8bd-c5859f32ec8d,8e92045c-5e6e-49ed-ab90-b2f48ee054ac,3,18000,54000,2025-11-05 20:57:07,completed
128ad0d5-77a3-45b3-a93a-b67f9182ba75,ORD-20251128-0010,d5cbcd09-6763-416c-b8bd-c5859f32ec8d,7c05ce84-5fba-401a-b3dd-6c1bb3434baa,1,4000,4000,2025-11-05 20:57:07,completed
83797981-07d2-4602-b148-0e72985816c5,ORD-20251128-0011,d05444c6-b8e7-46e9-aec2-6d4dcef2cda5,7ff7d632-79f8-4a95-bcdf-dafb9b46899e,4,25000,100000,2025-10-17 20:57:07,completed
c3ba7821-a103-43e7-8c91-c1b446962042,ORD-20251128-0011,d05444c6-b8e7-46e9-aec2-6d4dcef2cda5,b14d511b-20cd-43c7-9b49-f37c0a9d4e2e,4,8000,32000,2025-10-17 20:57:07,completed
e287d6c3-7c2e-4008-b4a6-31247c2b4ab0,ORD-20251128-0012,fd09d135-3d92-4afa-8f25-362828ce59ea,8e92045c-5e6e-49ed-ab90-b2f48ee054ac,4,18000,72000,2025-11-17 20:57:07,completed
771a8bae-c87b-46fe-b888-50374101e7b5,ORD-20251128-0012,fd09d135-3d92-4afa-8f25-362828ce59ea,22dcfd0f-1989-4b3a-905e-4d4508483590,4,25000,100000,2025-11-17 20:57:07,completed
122e2a78-8a1f-4df1-b117-c8f91625f975,ORD-20251128-0012,fd09d135-3d92-4afa-8f25-362828ce59ea,566f0937-73b3-4115-b5aa-ddf548383135,1,3000,3000,2025-11-17 20:57:07,completed
e19542ba-252d-4c7e-98b4-5c5f0842fc7a,ORD-20251128-0013,ba4010ef-70bf-489b-b893-f0defdb98d05,f3093aaa-5474-468c-9b8d-9ef9a28956b9,4,40000,160000,2025-11-03 20:57:07,completed
4dfd88a9-52e7-40a7-94e2-420f99932c6f,ORD-20251128-0013,ba4010ef-70bf-489b-b893-f0defdb98d05,70710b93-2b14-4674-a243-b919d6002c48,2,85000,170000,2025-11-03 20:57:07,completed
a1618d56-f8d2-4751-8640-50b789fd4ff5,ORD-20251128-0013,ba4010ef-70bf-489b-b893-f0defdb98d05,457afb33-6e9d-4ad9-9f4c-b52be26e5f18,2,65000,130000,2025-11-03 20:57:07,completed
8c921809-55a7-491c-91ef-d34a77aedabb,ORD-20251128-0014,a280a790-efe9-490b-9be6-7d44e02f828b,7c05ce84-5fba-401a-b3dd-6c1bb3434baa,5,4000,20000,2025-10-05 20:57:07,completed
71ffcf2c-756e-469c-8887-bc5f1ae40015,ORD-20251128-0014,a280a790-efe9-490b-9be6-7d44e02f828b,566f0937-73b3-4115-b5aa-ddf548383135,5,3000,15000,2025-10-05 20:57:07,completed
508901f2-399c-46c5-aa88-63dcc85ff81c,ORD-20251128-0014,a280a790-efe9-490b-9be6-7d44e02f828b,22dcfd0f-1989-4b3a-905e-4d4508483590,1,25000,25000,2025-10-05 20:57:07,completed
a8c9602f-a556-42f2-8ae6-e276ac27574e,ORD-20251128-0015,d05444c6-b8e7-46e9-aec2-6d4dcef2cda5,17ad20c4-a240-4058-b0d7-6bf0159238eb,5,38000,190000,2025-09-07 20:57:07,processing
793561ee-913c-4f16-a6a9-c2aeea0bc79c,ORD-20251128-0015,d05444c6-b8e7-46e9-aec2-6d4dcef2cda5,9932efc2-6bf0-43a3-a3a9-22be92df3e72,3,42000,126000,2025-09-07 20:57:07,processing
f9e0e173-6b58-4f3d-8a6e-c0bc1082e649,ORD-20251128-0015,d05444c6-b8e7-46e9-aec2-6d4dcef2cda5,523853a9-14ec-4b71-8ea1-d85e92f1b94c,2,45000,90000,2025-09-07 20:57:07,processing
be622b8a-12ce-4512-bb8c-013801ddfcda,ORD-20251128-0016,ff70de0a-9ebe-42db-a040-b1773b1bcfb5,15a2b4b7-8e82-4815-84af-477582d6d4e8,1,45000,45000,2025-09-20 20:57:07,completed
79b028ea-e8d1-4c1c-b964-7226b187b0c0,ORD-20251128-0016,ff70de0a-9ebe-42db-a040-b1773b1bcfb5,0dcea2ff-2c7d-4349-81a4-9a922d251bc7,3,20000,60000,2025-09-20 20:57:07,completed
ae4857b9-26a6-4346-8b9f-4f1ca8aecaf4,ORD-20251128-0016,ff70de0a-9ebe-42db-a040-b1773b1bcfb5,b766b9d7-f3ae-4858-8273-7afc2b0d0ea9,1,35000,35000,2025-09-20 20:57:07,completed
0f2e0c06-3958-4948-9c0e-216f4347414a,ORD-20251128-0017,1ad5e86a-1d26-431f-b684-6478baa5a883,8e92045c-5e6e-49ed-ab90-b2f48ee054ac,5,18000,90000,2025-10-26 20:57:07,completed
b270f25f-e246-4fdb-8ab1-5ef1547f0a58,ORD-20251128-0017,1ad5e86a-1d26-431f-b684-6478baa5a883,7c05ce84-5fba-401a-b3dd-6c1bb3434baa,2,4000,8000,2025-10-26 20:57:07,completed
91f87601-2fcf-419a-8040-e2230decdf5f,ORD-20251128-0017,1ad5e86a-1d26-431f-b684-6478baa5a883,566f0937-73b3-4115-b5aa-ddf548383135,2,3000,6000,2025-10-26 20:57:07,completed
5fdda1c7-d8a9-4558-a149-939795d9c681,ORD-20251128-0018,19fc1f86-de81-46c8-bb6f-d3570572efa4,705e8518-49ce-4be4-a01b-fdc214f4ec72,4,28000,112000,2025-09-24 20:57:07,completed
a837e622-8192-459f-a420-f4996bd90a3e,ORD-20251128-0018,19fc1f86-de81-46c8-bb6f-d3570572efa4,15a2b4b7-8e82-4815-84af-477582d6d4e8,1,45000,45000,2025-09-24 20:57:07,completed
fce71417-68b2-436f-8421-b8c1433c9cb1,ORD-20251128-0018,19fc1f86-de81-46c8-bb6f-d3570572efa4,b3cc44f1-f3c1-4703-98d8-ac40cb387187,5,70000,350000,2025-09-24 20:57:07,completed
4bdb9913-04b2-4b2b-b96f-a8a9c93d214d,ORD-20251128-0018,19fc1f86-de81-46c8-bb6f-d3570572efa4,457afb33-6e9d-4ad9-9f4c-b52be26e5f18,5,65000,325000,2025-09-24 20:57:07,completed
3858eaa4-012a-4989-add3-40b28f85cc2f,ORD-20251128-0018,19fc1f86-de81-46c8-bb6f-d3570572efa4,af7ba84d-676a-47e6-9221-0974fb76dce2,3,45000,135000,2025-09-24 20:57:07,completed
3bcaf495-b9bd-44cc-b02c-b48c180f06c0,ORD-20251128-0019,612e799f-2782-4b21-ac5c-6ac5bd3b9e8a,7c05ce84-5fba-401a-b3dd-6c1bb3434baa,1,4000,4000,2025-11-08 20:57:07,completed
4777c1f4-b151-4288-b3e1-7094fc8c3d63,ORD-20251128-0019,612e799f-2782-4b21-ac5c-6ac5bd3b9e8a,22dcfd0f-1989-4b3a-905e-4d4508483590,1,25000,25000,2025-11-08 20:57:07,completed
e454ab01-6164-4bd1-b770-3aedeb976327,ORD-20251128-0019,612e799f-2782-4b21-ac5c-6ac5bd3b9e8a,566f0937-73b3-4115-b5aa-ddf548383135,4,3000,12000,2025-11-08 20:57:07,completed
b8d74d7a-55fe-42c0-bf93-72db5367c642,ORD-20251128-0020,10437b60-348b-4211-8052-22724becf62a,932a5d8b-c8d0-442f-91a5-4dc7dbe137f6,3,75000,225000,2025-09-29 20:57:07,completed
45a5fb19-1c64-4b0f-bafd-ad2cb4bd785e,ORD-20251128-0020,10437b60-348b-4211-8052-22724becf62a,81e681d5-8f1f-4f3d-b16f-268bc92305e5,5,22000,110000,2025-09-29 20:57:07,completed
6ef57b64-1b62-4575-8634-d15a7eb67561,ORD-20251128-0020,10437b60-348b-4211-8052-22724becf62a,1c47fbb5-9ffd-4919-b89b-58991b37a275,5,140000,700000,2025-09-29 20:57:07,completed
892ef193-fc8c-4570-9ff3-47f9d3820950,ORD-20251128-0020,10437b60-348b-4211-8052-22724becf62a,2994aaf1-ae81-4d5c-97c7-ee6044ad977a,2,15000,30000,2025-09-29 20:57:07,completed
199c709e-70b6-4c7f-9236-0876eb046ad1,ORD-20251128-0020,10437b60-348b-4211-8052-22724becf62a,1e23552f-bc5e-4208-9e11-427b901c022c,5,30000,150000,2025-09-29 20:57:07,completed
4d0fdde8-3c6b-42b6-88f2-fd07ca3033c8,ORD-20251128-0021,ff70de0a-9ebe-42db-a040-b1773b1bcfb5,8969e32c-0606-49f8-8262-28a337d93839,1,9000,9000,2025-09-24 20:57:07,cancelled
e3ce3e82-2554-46c1-9454-9d8ec4e08220,ORD-20251128-0021,ff70de0a-9ebe-42db-a040-b1773b1bcfb5,0e462ced-37f3-4960-bd58-1461ae7cebe2,1,6000,6000,2025-09-24 20:57:07,cancelled
802850cf-9d9e-4d37-8294-ce11ac793652,ORD-20251128-0021,ff70de0a-9ebe-42db-a040-b1773b1bcfb5,54f78d73-e07a-4863-bb29-3c9517a716d3,2,8000,16000,2025-09-24 20:57:07,cancelled
d7a94428-0d09-40f9-8731-5746fe0875ed,ORD-20251128-0022,d47c8b39-984c-426b-903e-aba2ae2c9fb8,8969e32c-0606-49f8-8262-28a337d93839,5,9000,45000,2025-10-03 20:57:07,completed
0077e0ab-fcad-4a6a-8990-ae36d7f868e4,ORD-20251128-0022,d47c8b39-984c-426b-903e-aba2ae2c9fb8,0e462ced-37f3-4960-bd58-1461ae7cebe2,3,6000,18000,2025-10-03 20:57:07,completed
97184ce9-958a-4ab4-9ad1-c1ff570291d6,ORD-20251128-0022,d47c8b39-984c-426b-903e-aba2ae2c9fb8,d17954aa-743b-4ff8-843f-baa9882e56a3,1,5000,5000,2025-10-03 20:57:07,completed
5bd0911a-2a29-4224-bafe-c3865b5c65d5,ORD-20251128-0023,ba4010ef-70bf-489b-b893-f0defdb98d05,70710b93-2b14-4674-a243-b919d6002c48,5,85000,425000,2025-11-01 20:57:07,completed
4b92b82a-9b15-47ae-9849-32ab342ce996,ORD-20251128-0023,ba4010ef-70bf-489b-b893-f0defdb98d05,b3cc44f1-f3c1-4703-98d8-ac40cb387187,2,70000,140000,2025-11-01 20:57:07,completed
f6057b0d-6e46-423d-9efb-8c4469e78546,ORD-20251128-0023,ba4010ef-70bf-489b-b893-f0defdb98d05,f3093aaa-5474-468c-9b8d-9ef9a28956b9,4,40000,160000,2025-11-01 20:57:07,completed
f2ff5171-94e7-4450-ad60-890acd5ff89e,ORD-20251128-0024,ff70de0a-9ebe-42db-a040-b1773b1bcfb5,b40277d1-e51a-4b24-b017-83458955af1a,3,18000,54000,2025-11-28 20:57:07,completed
afe0a906-3c48-41e3-9c42-0bdca3990606,ORD-20251128-0024,ff70de0a-9ebe-42db-a040-b1773b1bcfb5,9932efc2-6bf0-43a3-a3a9-22be92df3e72,3,42000,126000,2025-11-28 20:57:07,completed
adb302ac-e212-46b4-822b-ee0beb8cdb3b,ORD-20251128-0024,ff70de0a-9ebe-42db-a040-b1773b1bcfb5,0dcea2ff-2c7d-4349-81a4-9a922d251bc7,4,20000,80000,2025-11-28 20:57:07,completed
4e72a4d1-b2c6-45ac-81b8-aa101a0679cc,ORD-20251128-0024,ff70de0a-9ebe-42db-a040-b1773b1bcfb5,e4edb052-837f-4f83-aa21-da54a1e1c8e7,2,42000,84000,2025-11-28 20:57:07,completed
9924c333-bf63-47ff-9b76-b60dc4a81614,ORD-20251128-0024,ff70de0a-9ebe-42db-a040-b1773b1bcfb5,523853a9-14ec-4b71-8ea1-d85e92f1b94c,5,45000,225000,2025-11-28 20:57:07,completed
f88515b8-6c8e-46a3-a514-4cb48ab139a3,ORD-20251128-0025,10437b60-348b-4211-8052-22724becf62a,8e92045c-5e6e-49ed-ab90-b2f48ee054ac,5,18000,90000,2025-10-14 20:57:07,completed
6b8e1a09-4b64-43f2-9f0a-632935b551e3,ORD-20251128-0025,10437b60-348b-4211-8052-22724becf62a,566f0937-73b3-4115-b5aa-ddf548383135,3,3000,9000,2025-10-14 20:57:07,completed
d279098a-64b8-47e8-b4a2-f2f808aa61a9,ORD-20251128-0025,10437b60-348b-4211-8052-22724becf62a,7c05ce84-5fba-401a-b3dd-6c1bb3434baa,4,4000,16000,2025-10-14 20:57:07,completed
018302c0-82a1-4ee2-99f6-b9c8ac523be5,ORD-20251128-0026,ff70de0a-9ebe-42db-a040-b1773b1bcfb5,7a4af2f2-f55b-4300-a4ba-4406efcc350c,5,65000,325000,2025-10-02 20:57:07,completed
6c654f23-1b0e-4f3d-9a69-8df7f9c59dfb,ORD-20251128-0026,ff70de0a-9ebe-42db-a040-b1773b1bcfb5,457afb33-6e9d-4ad9-9f4c-b52be26e5f18,2,65000,130000,2025-10-02 20:57:07,completed
b8b4e8cf-5d5e-4e1a-b157-a850bc9fe919,ORD-20251128-0026,ff70de0a-9ebe-42db-a040-b1773b1bcfb5,70710b93-2b14-4674-a243-b919d6002c48,5,85000,425000,2025-10-02 20:57:07,completed
1fb6fcdf-5dcc-43c1-9d9d-4888bb27bdc8,ORD-20251128-0027,ff70de0a-9ebe-42db-a040-b1773b1bcfb5,17ad20c4-a240-4058-b0d7-6bf0159238eb,1,38000,38000,2025-09-09 20:57:07,completed
553acc66-e9d7-4097-9698-3a49d4508a4b,ORD-20251128-0027,ff70de0a-9ebe-42db-a040-b1773b1bcfb5,a0ab615e-653c-4623-96d5-7bc0121b23ee,5,95000,475000,2025-09-09 20:57:07,completed
c51e6e08-7944-4912-bd62-a6186758fc72,ORD-20251128-0027,ff70de0a-9ebe-42db-a040-b1773b1bcfb5,9932efc2-6bf0-43a3-a3a9-22be92df3e72,4,42000,168000,2025-09-09 20:57:07,completed
e0e4eb3f-7ace-4eee-b174-863dbe838dfc,ORD-20251128-0028,d5cbcd09-6763-416c-b8bd-c5859f32ec8d,9af10703-fa13-4473-8682-aa9d905205f6,1,6000,6000,2025-10-13 20:57:07,completed
c4390b58-57e3-4444-aeec-e0beaf3cbe10,ORD-20251128-0028,d5cbcd09-6763-416c-b8bd-c5859f32ec8d,7c05ce84-5fba-401a-b3dd-6c1bb3434baa,1,4000,4000,2025-10-13 20:57:07,completed
ef05e49c-6da9-42a6-8680-70d5e0bc7648,ORD-20251128-0028,d5cbcd09-6763-416c-b8bd-c5859f32ec8d,4d43fae2-9d28-488c-832a-de6f9f94087f,3,25000,75000,2025-10-13 20:57:07,completed
d50aa173-976b-4220-8042-25479dbe3b28,ORD-20251128-0029,d47c8b39-984c-426b-903e-aba2ae2c9fb8,d17954aa-743b-4ff8-843f-baa9882e56a3,4,5000,20000,2025-10-26 20:57:07,completed
9b6ff1f9-b57e-404c-adde-19d9f7524181,ORD-20251128-0029,d47c8b39-984c-426b-903e-aba2ae2c9fb8,8969e32c-0606-49f8-8262-28a337d93839,2,9000,18000,2025-10-26 20:57:07,completed
53c2de76-fcba-4ff9-932f-81afaeb48c90,ORD-20251128-0029,d47c8b39-984c-426b-903e-aba2ae2c9fb8,36d6f0d3-a4e9-40e8-b4a0-f37ffdc98e80,5,7000,35000,2025-10-26 20:57:07,completed
2c6460ff-df54-4f69-b67a-b021586a25c0,ORD-20251128-0030,1ad5e86a-1d26-431f-b684-6478baa5a883,0dcea2ff-2c7d-4349-81a4-9a922d251bc7,3,20000,60000,2025-09-28 20:57:07,completed
d2cc2712-c819-4648-912f-bb398447dad0,ORD-20251128-0030,1ad5e86a-1d26-431f-b684-6478baa5a883,15a2b4b7-8e82-4815-84af-477582d6d4e8,3,45000,135000,2025-09-28 20:57:07,completed
b895277c-ae34-4d6f-9db9-b6c05331643a,ORD-20251128-0030,1ad5e86a-1d26-431f-b684-6478baa5a883,b766b9d7-f3ae-4858-8273-7afc2b0d0ea9,4,35000,140000,2025-09-28 20:57:07,completed
cddf4c74-4d58-416c-b3fd-002747178cca,ORD-20251128-0031,f637fadc-8fdc-4b7d-a0b7-724af70b2565,b766b9d7-f3ae-4858-8273-7afc2b0d0ea9,5,35000,175000,2025-10-30 20:57:07,completed
e70defa9-e857-47d0-90e7-258e96afbac1,ORD-20251128-0031,f637fadc-8fdc-4b7d-a0b7-724af70b2565,15a2b4b7-8e82-4815-84af-477582d6d4e8,3,45000,135000,2025-10-30 20:57:07,completed
fd81b0ff-8919-4abc-b832-6209dfdc8627,ORD-20251128-0031,f637fadc-8fdc-4b7d-a0b7-724af70b2565,0dcea2ff-2c7d-4349-81a4-9a922d251bc7,3,20000,60000,2025-10-30 20:57:07,completed
7bfb26d9-5a71-424b-8d6e-e1e3c2a4c8f9,ORD-20251128-0032,11e05a0b-c2b5-43f1-80f4-46b547188bb9,42d5ef1c-db95-411b-89fa-434505387edc,3,22000,66000,2025-11-18 20:57:07,completed
1e9847e1-173b-4dfa-b1e9-aa67e9c73c3b,ORD-20251128-0032,11e05a0b-c2b5-43f1-80f4-46b547188bb9,af5f9e6c-806a-416d-aa71-951a0d5774fc,1,38000,38000,2025-11-18 20:57:07,completed
db2cb5c9-9a33-48ab-9cd6-b66cf6d54337,ORD-20251128-0032,11e05a0b-c2b5-43f1-80f4-46b547188bb9,895a88ae-b25e-4198-b8ce-2c6b98b530fa,1,12000,12000,2025-11-18 20:57:07,completed
3a9ebdb0-711a-4d10-8eca-70eebdd703e3,ORD-20251128-0032,11e05a0b-c2b5-43f1-80f4-46b547188bb9,705e8518-49ce-4be4-a01b-fdc214f4ec72,2,28000,56000,2025-11-18 20:57:07,completed
0f545399-08b6-4761-9061-99235ba1edf5,ORD-20251128-0033,a280a790-efe9-490b-9be6-7d44e02f828b,8969e32c-0606-49f8-8262-28a337d93839,3,9000,27000,2025-10-04 20:57:07,completed
4deefe4e-d8d7-4693-9488-2a1af4489451,ORD-20251128-0033,a280a790-efe9-490b-9be6-7d44e02f828b,0e462ced-37f3-4960-bd58-1461ae7cebe2,3,6000,18000,2025-10-04 20:57:07,completed
354c4ab8-3c69-41eb-b80e-e020ac9643a1,ORD-20251128-0033,a280a790-efe9-490b-9be6-7d44e02f828b,d17954aa-743b-4ff8-843f-baa9882e56a3,3,5000,15000,2025-10-04 20:57:07,completed
5c037627-b86a-4d55-83a4-d63814ae5c99,ORD-20251128-0034,d47c8b39-984c-426b-903e-aba2ae2c9fb8,a0ab615e-653c-4623-96d5-7bc0121b23ee,5,95000,475000,2025-11-12 20:57:07,completed
174375b3-3359-4294-b685-a0d9b825c446,ORD-20251128-0034,d47c8b39-984c-426b-903e-aba2ae2c9fb8,523853a9-14ec-4b71-8ea1-d85e92f1b94c,5,45000,225000,2025-11-12 20:57:07,completed
65d7f06b-7dd4-4ec3-8c06-bd74bbfc85b7,ORD-20251128-0034,d47c8b39-984c-426b-903e-aba2ae2c9fb8,17ad20c4-a240-4058-b0d7-6bf0159238eb,4,38000,152000,2025-11-12 20:57:07,completed
93c65d35-8efd-4359-b97a-70e5f6030cf9,ORD-20251128-0035,a280a790-efe9-490b-9be6-7d44e02f828b,0e462ced-37f3-4960-bd58-1461ae7cebe2,4,6000,24000,2025-11-04 20:57:07,completed
bcee0a2d-0c06-448b-add7-a26d620b37db,ORD-20251128-0035,a280a790-efe9-490b-9be6-7d44e02f828b,d17954aa-743b-4ff8-843f-baa9882e56a3,4,5000,20000,2025-11-04 20:57:07,completed
e404a30a-0740-43b6-b6ac-ed7848048e22,ORD-20251128-0035,a280a790-efe9-490b-9be6-7d44e02f828b,36d6f0d3-a4e9-40e8-b4a0-f37ffdc98e80,4,7000,28000,2025-11-04 20:57:07,completed
46041c71-e74d-4ded-b804-f83a6e7055b1,ORD-20251128-0036,da4f4e65-7433-4f4e-84ba-90a9f424ab7f,523853a9-14ec-4b71-8ea1-d85e92f1b94c,4,45000,180000,2025-10-11 20:57:07,processing
234e0451-ed9f-482a-9dff-22954d747e6b,ORD-20251128-0036,da4f4e65-7433-4f4e-84ba-90a9f424ab7f,a0ab615e-653c-4623-96d5-7bc0121b23ee,4,95000,380000,2025-10-11 20:57:07,processing
e517caac-ebd6-4676-abe6-b5a728fedd4e,ORD-20251128-0036,da4f4e65-7433-4f4e-84ba-90a9f424ab7f,9932efc2-6bf0-43a3-a3a9-22be92df3e72,3,42000,126000,2025-10-11 20:57:07,processing
53dc2d28-f9d6-4f0a-9a5a-f340cf839d13,ORD-20251128-0037,fd09d135-3d92-4afa-8f25-362828ce59ea,b766b9d7-f3ae-4858-8273-7afc2b0d0ea9,2,35000,70000,2025-10-06 20:57:07,completed
47539903-cc32-45f9-861f-8c145a7f0c66,ORD-20251128-0037,fd09d135-3d92-4afa-8f25-362828ce59ea,0dcea2ff-2c7d-4349-81a4-9a922d251bc7,4,20000,80000,2025-10-06 20:57:07,completed
b6a02c05-0e46-485b-b26a-617df6a63d66,ORD-20251128-0037,fd09d135-3d92-4afa-8f25-362828ce59ea,15a2b4b7-8e82-4815-84af-477582d6d4e8,2,45000,90000,2025-10-06 20:57:07,completed
9fae86ee-e2b1-49e0-b616-7aeb497faa84,ORD-20251128-0038,fd09d135-3d92-4afa-8f25-362828ce59ea,17ad20c4-a240-4058-b0d7-6bf0159238eb,2,38000,76000,2025-09-25 20:57:07,completed
09642e01-c0d6-4da9-ac27-b6612e9e63ba,ORD-20251128-0038,fd09d135-3d92-4afa-8f25-362828ce59ea,42d5ef1c-db95-411b-89fa-434505387edc,1,22000,22000,2025-09-25 20:57:07,completed
a79fe5cd-a6f8-49b2-b389-1efa35451345,ORD-20251128-0038,fd09d135-3d92-4afa-8f25-362828ce59ea,0926c326-915b-409d-b677-aae6696c87ab,1,4000,4000,2025-09-25 20:57:07,completed
d64789ed-8d90-4702-885f-fb0555bd44ba,ORD-20251128-0038,fd09d135-3d92-4afa-8f25-362828ce59ea,54f78d73-e07a-4863-bb29-3c9517a716d3,5,8000,40000,2025-09-25 20:57:07,completed
7cd63e79-d79e-4118-8813-549301edd052,ORD-20251128-0039,19fc1f86-de81-46c8-bb6f-d3570572efa4,15a2b4b7-8e82-4815-84af-477582d6d4e8,3,45000,135000,2025-10-08 20:57:07,completed
67e4cbda-d14e-4173-8ad3-2c1b2d8a4977,ORD-20251128-0039,19fc1f86-de81-46c8-bb6f-d3570572efa4,0c51b03f-00c3-4bac-b11c-de90b8ba27fd,5,12000,60000,2025-10-08 20:57:07,completed
a529f831-d410-489f-af5b-d849928ff107,ORD-20251128-0039,19fc1f86-de81-46c8-bb6f-d3570572efa4,8e92045c-5e6e-49ed-ab90-b2f48ee054ac,3,18000,54000,2025-10-08 20:57:07,completed
f0a24485-d812-44f8-b916-054876a70700,ORD-20251128-0039,19fc1f86-de81-46c8-bb6f-d3570572efa4,98d8d5cb-c8f1-4a5a-ad69-bec1d221e519,3,15000,45000,2025-10-08 20:57:07,completed
e2267bca-3229-4ba7-9f16-1c92d2b07613,ORD-20251128-0040,11e05a0b-c2b5-43f1-80f4-46b547188bb9,a60dbf18-c1fb-474b-bff4-e8426cb2cc7a,4,35000,140000,2025-09-21 20:57:07,completed
744778d1-c468-4ec8-a440-4090d5f5dfd7,ORD-20251128-0040,11e05a0b-c2b5-43f1-80f4-46b547188bb9,e4edb052-837f-4f83-aa21-da54a1e1c8e7,5,42000,210000,2025-09-21 20:57:07,completed
e1698dac-9dc4-4f7a-9c9d-962b23cfabd7,ORD-20251128-0040,11e05a0b-c2b5-43f1-80f4-46b547188bb9,81e681d5-8f1f-4f3d-b16f-268bc92305e5,2,22000,44000,2025-09-21 20:57:07,completed
782b4da0-b93d-4fd6-a015-25220216e358,ORD-20251128-0040,11e05a0b-c2b5-43f1-80f4-46b547188bb9,566f0937-73b3-4115-b5aa-ddf548383135,2,3000,6000,2025-09-21 20:57:07,completed
c634a7e1-124d-4ce2-9eff-a5b88a46139a,ORD-20251128-0040,11e05a0b-c2b5-43f1-80f4-46b547188bb9,932a5d8b-c8d0-442f-91a5-4dc7dbe137f6,2,75000,150000,2025-09-21 20:57:07,completed
939eb29f-5d39-4b26-a779-6a4c1131968f,ORD-20251128-0041,612e799f-2782-4b21-ac5c-6ac5bd3b9e8a,7a4af2f2-f55b-4300-a4ba-4406efcc350c,4,65000,260000,2025-11-28 20:57:07,completed
5ff644ad-c9d0-40df-99bc-a612d23a0a94,ORD-20251128-0041,612e799f-2782-4b21-ac5c-6ac5bd3b9e8a,457afb33-6e9d-4ad9-9f4c-b52be26e5f18,3,65000,195000,2025-11-28 20:57:07,completed
f2c4f1e8-142a-4421-9719-cc2463c8ac75,ORD-20251128-0041,612e799f-2782-4b21-ac5c-6ac5bd3b9e8a,f3093aaa-5474-468c-9b8d-9ef9a28956b9,1,40000,40000,2025-11-28 20:57:07,completed
0ddcc88d-524b-4641-b421-3913d5d65c01,ORD-20251128-0042,f637fadc-8fdc-4b7d-a0b7-724af70b2565,7c05ce84-5fba-401a-b3dd-6c1bb3434baa,5,4000,20000,2025-10-25 20:57:07,completed
ede64165-1319-4ab7-9886-5aaeb6a348b4,ORD-20251128-0042,f637fadc-8fdc-4b7d-a0b7-724af70b2565,566f0937-73b3-4115-b5aa-ddf548383135,2,3000,6000,2025-10-25 20:57:07,completed
e59d09f3-ac7c-4190-bf91-6dea6e58bfb8,ORD-20251128-0042,f637fadc-8fdc-4b7d-a0b7-724af70b2565,8e92045c-5e6e-49ed-ab90-b2f48ee054ac,5,18000,90000,2025-10-25 20:57:07,completed
f2106443-e2a9-45e5-b5ac-a3653c1bd939,ORD-20251128-0043,51e4f36f-1dc4-4382-a0c4-1f6fb0d356a5,7c05ce84-5fba-401a-b3dd-6c1bb3434baa,5,4000,20000,2025-09-10 20:57:07,completed
ba06db38-f544-4c85-ae81-3333322f6522,ORD-20251128-0043,51e4f36f-1dc4-4382-a0c4-1f6fb0d356a5,566f0937-73b3-4115-b5aa-ddf548383135,4,3000,12000,2025-09-10 20:57:07,completed
37bbc41a-d00b-429f-82e4-269106263b95,ORD-20251128-0043,51e4f36f-1dc4-4382-a0c4-1f6fb0d356a5,8e92045c-5e6e-49ed-ab90-b2f48ee054ac,5,18000,90000,2025-09-10 20:57:07,completed
364c2c77-ccd8-47d1-8034-c98c926db1ea,ORD-20251128-0044,a280a790-efe9-490b-9be6-7d44e02f828b,b3cc44f1-f3c1-4703-98d8-ac40cb387187,5,70000,350000,2025-11-25 20:57:07,completed
a050c340-f6f0-4919-b14e-ceed3373e44b,ORD-20251128-0044,a280a790-efe9-490b-9be6-7d44e02f828b,70710b93-2b14-4674-a243-b919d6002c48,3,85000,255000,2025-11-25 20:57:07,completed
d919e71c-ce3b-42e1-838c-f972b05b5af6,ORD-20251128-0044,a280a790-efe9-490b-9be6-7d44e02f828b,457afb33-6e9d-4ad9-9f4c-b52be26e5f18,4,65000,260000,2025-11-25 20:57:07,completed
99359613-d73e-475b-b4e4-1a733620e019,ORD-20251128-0045,51457108-5651-4917-aef4-01e005360bcb,7ff7d632-79f8-4a95-bcdf-dafb9b46899e,3,25000,75000,2025-10-04 20:57:07,completed
a4a682b1-430a-4bbe-bee4-4d18ba1bbe66,ORD-20251128-0045,51457108-5651-4917-aef4-01e005360bcb,566f0937-73b3-4115-b5aa-ddf548383135,2,3000,6000,2025-10-04 20:57:07,completed
95edd668-4248-43b1-95a2-6be84cc1d3ae,ORD-20251128-0046,d47c8b39-984c-426b-903e-aba2ae2c9fb8,523853a9-14ec-4b71-8ea1-d85e92f1b94c,4,45000,180000,2025-11-09 20:57:07,completed
32c71e0d-d329-4c67-bf5b-b2c2f1c16631,ORD-20251128-0046,d47c8b39-984c-426b-903e-aba2ae2c9fb8,17ad20c4-a240-4058-b0d7-6bf0159238eb,3,38000,114000,2025-11-09 20:57:07,completed
ce366461-1046-4214-b201-297d025c2fea,ORD-20251128-0046,d47c8b39-984c-426b-903e-aba2ae2c9fb8,a0ab615e-653c-4623-96d5-7bc0121b23ee,4,95000,380000,2025-11-09 20:57:07,completed
adcc6917-a9b6-4996-a4e1-1c346a35e7f6,ORD-20251128-0047,fd09d135-3d92-4afa-8f25-362828ce59ea,b14d511b-20cd-43c7-9b49-f37c0a9d4e2e,2,8000,16000,2025-09-03 20:57:07,completed
b1a87694-e291-4b50-9c0a-bac338a08745,ORD-20251128-0047,fd09d135-3d92-4afa-8f25-362828ce59ea,566f0937-73b3-4115-b5aa-ddf548383135,2,3000,6000,2025-09-03 20:57:07,completed
ee1c33cd-8286-411f-aea5-7d8a2b95fa1e,ORD-20251128-0047,fd09d135-3d92-4afa-8f25-362828ce59ea,54f78d73-e07a-4863-bb29-3c9517a716d3,4,8000,32000,2025-09-03 20:57:07,completed
2fb3bdf7-f38a-40e1-9871-3c0aeffbb910,ORD-20251128-0047,fd09d135-3d92-4afa-8f25-362828ce59ea,1c47fbb5-9ffd-4919-b89b-58991b37a275,2,140000,280000,2025-09-03 20:57:07,completed
1af63716-c56c-4271-8f0b-3580405861f3,ORD-20251128-0048,d5cbcd09-6763-416c-b8bd-c5859f32ec8d,15a2b4b7-8e82-4815-84af-477582d6d4e8,2,45000,90000,2025-10-28 20:57:07,completed
814ab35f-4a49-44fd-8390-c7f5c3dbe0ba,ORD-20251128-0048,d5cbcd09-6763-416c-b8bd-c5859f32ec8d,0dcea2ff-2c7d-4349-81a4-9a922d251bc7,3,20000,60000,2025-10-28 20:57:07,completed
e4c0cb41-168e-4602-9b0a-79c684af4e5b,ORD-20251128-0048,d5cbcd09-6763-416c-b8bd-c5859f32ec8d,b766b9d7-f3ae-4858-8273-7afc2b0d0ea9,3,35000,105000,2025-10-28 20:57:07,completed
78363f50-4ec6-4906-9892-b588a6bad025,ORD-20251128-0049,51457108-5651-4917-aef4-01e005360bcb,8e92045c-5e6e-49ed-ab90-b2f48ee054ac,3,18000,54000,2025-11-03 20:57:07,completed
86495474-379b-4ae2-bf6d-24bfcb76b0d7,ORD-20251128-0049,51457108-5651-4917-aef4-01e005360bcb,566f0937-73b3-4115-b5aa-ddf548383135,3,3000,9000,2025-11-03 20:57:07,completed
0114f4e8-0e39-4e24-ad1d-1961a949f16b,ORD-20251128-0049,51457108-5651-4917-aef4-01e005360bcb,22dcfd0f-1989-4b3a-905e-4d4508483590,5,25000,125000,2025-11-03 20:57:07,completed
430a43a7-a5bd-4d77-ac1a-90e102e865f5,ORD-20251128-0050,da4f4e65-7433-4f4e-84ba-90a9f424ab7f,523853a9-14ec-4b71-8ea1-d85e92f1b94c,4,45000,180000,2025-09-22 20:57:07,completed
3a40f815-dfaf-4de7-885c-0da78672b07c,ORD-20251128-0050,da4f4e65-7433-4f4e-84ba-90a9f424ab7f,9932efc2-6bf0-43a3-a3a9-22be92df3e72,2,42000,84000,2025-09-22 20:57:07,completed
3745bf60-ebfe-41ab-9fc3-8d7765d7827e,ORD-20251128-0050,da4f4e65-7433-4f4e-84ba-90a9f424ab7f,a0ab615e-653c-4623-96d5-7bc0121b23ee,4,95000,380000,2025-09-22 20:57:07,completed
a2cd3803-7200-4bb2-a5ed-9b2342490fba,ORD-20251128-0051,1ad5e86a-1d26-431f-b684-6478baa5a883,22dcfd0f-1989-4b3a-905e-4d4508483590,1,25000,25000,2025-09-21 20:57:07,completed
c89a6c57-6b83-4bd9-9642-2b418e2b45d8,ORD-20251128-0051,1ad5e86a-1d26-431f-b684-6478baa5a883,7c05ce84-5fba-401a-b3dd-6c1bb3434baa,1,4000,4000,2025-09-21 20:57:07,completed
d9f64661-bf2a-474d-926d-c5ceda9226e3,ORD-20251128-0051,1ad5e86a-1d26-431f-b684-6478baa5a883,8e92045c-5e6e-49ed-ab90-b2f48ee054ac,1,18000,18000,2025-09-21 20:57:07,completed
b1ac00e0-a100-4227-a923-0be5949b79b6,ORD-20251128-0052,19fc1f86-de81-46c8-bb6f-d3570572efa4,0926c326-915b-409d-b677-aae6696c87ab,4,4000,16000,2025-09-09 20:57:07,completed
555bb1bd-fcd1-493b-a650-c28d6178edb6,ORD-20251128-0052,19fc1f86-de81-46c8-bb6f-d3570572efa4,8e92045c-5e6e-49ed-ab90-b2f48ee054ac,1,18000,18000,2025-09-09 20:57:07,completed
5f958acc-6cc0-4574-9a50-046e6d10426f,ORD-20251128-0053,19fc1f86-de81-46c8-bb6f-d3570572efa4,8969e32c-0606-49f8-8262-28a337d93839,2,9000,18000,2025-10-01 20:57:07,completed
d13dd5cf-a579-49ca-bf6a-c9b99a9656f5,ORD-20251128-0053,19fc1f86-de81-46c8-bb6f-d3570572efa4,54f78d73-e07a-4863-bb29-3c9517a716d3,1,8000,8000,2025-10-01 20:57:07,completed
dfd218bc-7395-4e74-8f37-9baa6b900a51,ORD-20251128-0053,19fc1f86-de81-46c8-bb6f-d3570572efa4,36d6f0d3-a4e9-40e8-b4a0-f37ffdc98e80,3,7000,21000,2025-10-01 20:57:07,completed
9cc9e9b9-868f-4fef-9619-a865caec943e,ORD-20251128-0054,612e799f-2782-4b21-ac5c-6ac5bd3b9e8a,8969e32c-0606-49f8-8262-28a337d93839,3,9000,27000,2025-10-08 20:57:07,completed
c9f3a97d-0f80-4220-818f-09c221a14362,ORD-20251128-0054,612e799f-2782-4b21-ac5c-6ac5bd3b9e8a,36d6f0d3-a4e9-40e8-b4a0-f37ffdc98e80,2,7000,14000,2025-10-08 20:57:07,completed
b34bd93f-daa8-4e7b-a396-f53c0c929032,ORD-20251128-0054,612e799f-2782-4b21-ac5c-6ac5bd3b9e8a,0e462ced-37f3-4960-bd58-1461ae7cebe2,5,6000,30000,2025-10-08 20:57:07,completed
93b306ee-500c-4f98-9628-00ed4cb02938,ORD-20251128-0055,da4f4e65-7433-4f4e-84ba-90a9f424ab7f,70710b93-2b14-4674-a243-b919d6002c48,5,85000,425000,2025-11-12 20:57:07,completed
deb781cf-87ad-4225-8113-d9b15b82e94b,ORD-20251128-0055,da4f4e65-7433-4f4e-84ba-90a9f424ab7f,7a4af2f2-f55b-4300-a4ba-4406efcc350c,1,65000,65000,2025-11-12 20:57:07,completed
a9dc61c6-083d-4a2b-818a-baf2fb690a52,ORD-20251128-0055,da4f4e65-7433-4f4e-84ba-90a9f424ab7f,b3cc44f1-f3c1-4703-98d8-ac40cb387187,2,70000,140000,2025-11-12 20:57:07,completed
0cc5caae-c249-45aa-acdd-d548bc519d70,ORD-20251128-0056,ff70de0a-9ebe-42db-a040-b1773b1bcfb5,0e462ced-37f3-4960-bd58-1461ae7cebe2,1,6000,6000,2025-10-10 20:57:07,completed
1753f0e4-13b1-4158-8626-b6e7e03d1e91,ORD-20251128-0056,ff70de0a-9ebe-42db-a040-b1773b1bcfb5,d17954aa-743b-4ff8-843f-baa9882e56a3,5,5000,25000,2025-10-10 20:57:07,completed
4ad78ef2-18d0-435f-8d93-a356c231e044,ORD-20251128-0056,ff70de0a-9ebe-42db-a040-b1773b1bcfb5,8969e32c-0606-49f8-8262-28a337d93839,4,9000,36000,2025-10-10 20:57:07,completed
2ae682b5-0c09-466e-a6db-12f981bc9c27,ORD-20251128-0057,f637fadc-8fdc-4b7d-a0b7-724af70b2565,15a2b4b7-8e82-4815-84af-477582d6d4e8,1,45000,45000,2025-08-31 20:57:07,completed
923c63dc-e014-40ce-a583-5aaf3c9702b6,ORD-20251128-0057,f637fadc-8fdc-4b7d-a0b7-724af70b2565,b766b9d7-f3ae-4858-8273-7afc2b0d0ea9,1,35000,35000,2025-08-31 20:57:07,completed
aef16de0-d1c0-43ce-b120-69b2ae9ba8e3,ORD-20251128-0057,f637fadc-8fdc-4b7d-a0b7-724af70b2565,0dcea2ff-2c7d-4349-81a4-9a922d251bc7,3,20000,60000,2025-08-31 20:57:07,completed
52a6278d-f9a0-4272-844a-30f2d94aa6bc,ORD-20251128-0058,10437b60-348b-4211-8052-22724becf62a,35f6a297-a125-4617-a38c-8a49a7002cd9,1,5000,5000,2025-09-20 20:57:07,completed
7a348e59-c000-4f4b-aa41-711e6b58e830,ORD-20251128-0058,10437b60-348b-4211-8052-22724becf62a,8969e32c-0606-49f8-8262-28a337d93839,3,9000,27000,2025-09-20 20:57:07,completed
cdef8041-9814-429d-9a4f-7dcbaace634f,ORD-20251128-0058,10437b60-348b-4211-8052-22724becf62a,af7ba84d-676a-47e6-9221-0974fb76dce2,1,45000,45000,2025-09-20 20:57:07,completed
5abab86c-637c-47fe-8010-12ca40206660,ORD-20251128-0059,ba4010ef-70bf-489b-b893-f0defdb98d05,d17954aa-743b-4ff8-843f-baa9882e56a3,3,5000,15000,2025-09-01 20:57:07,completed
0e12a868-edaa-4a3a-aca9-2bb819edd4c5,ORD-20251128-0059,ba4010ef-70bf-489b-b893-f0defdb98d05,8969e32c-0606-49f8-8262-28a337d93839,1,9000,9000,2025-09-01 20:57:07,completed
5f17c223-1b2e-4443-bc66-a6d5b7113586,ORD-20251128-0059,ba4010ef-70bf-489b-b893-f0defdb98d05,36d6f0d3-a4e9-40e8-b4a0-f37ffdc98e80,1,7000,7000,2025-09-01 20:57:07,completed
dadc5e5b-7003-423c-8a1b-8bcc6e99eb82,ORD-20251128-0060,d05444c6-b8e7-46e9-aec2-6d4dcef2cda5,8969e32c-0606-49f8-8262-28a337d93839,5,9000,45000,2025-11-03 20:57:07,completed
351e8f90-a714-417d-9aec-9fd089a2168d,ORD-20251128-0060,d05444c6-b8e7-46e9-aec2-6d4dcef2cda5,d17954aa-743b-4ff8-843f-baa9882e56a3,4,5000,20000,2025-11-03 20:57:07,completed
6e008b97-6926-4929-852a-99591e032fdb,ORD-20251128-0060,d05444c6-b8e7-46e9-aec2-6d4dcef2cda5,54f78d73-e07a-4863-bb29-3c9517a716d3,5,8000,40000,2025-11-03 20:57:07,completed
72c658f3-023d-4e4e-b355-1f338d09114d,ORD-20251128-0061,d05444c6-b8e7-46e9-aec2-6d4dcef2cda5,f3093aaa-5474-468c-9b8d-9ef9a28956b9,3,40000,120000,2025-09-28 20:57:07,completed
7c98c3c0-ab60-447b-8bc9-dddc3ef63e99,ORD-20251128-0061,d05444c6-b8e7-46e9-aec2-6d4dcef2cda5,b3cc44f1-f3c1-4703-98d8-ac40cb387187,4,70000,280000,2025-09-28 20:57:07,completed
f175a1da-eac8-4319-92c9-0c34f6106c91,ORD-20251128-0061,d05444c6-b8e7-46e9-aec2-6d4dcef2cda5,7a4af2f2-f55b-4300-a4ba-4406efcc350c,1,65000,65000,2025-09-28 20:57:07,completed
2380ee84-5a46-4311-a85f-70e232b22128,ORD-20251128-0062,f637fadc-8fdc-4b7d-a0b7-724af70b2565,705e8518-49ce-4be4-a01b-fdc214f4ec72,3,28000,84000,2025-09-27 20:57:07,completed
3af4d3b2-3f6b-4401-95b9-fb4c12c2b9b4,ORD-20251128-0062,f637fadc-8fdc-4b7d-a0b7-724af70b2565,9932efc2-6bf0-43a3-a3a9-22be92df3e72,5,42000,210000,2025-09-27 20:57:07,completed
dcb9528e-5812-4ebb-8a03-9be702a19001,ORD-20251128-0062,f637fadc-8fdc-4b7d-a0b7-724af70b2565,17ad20c4-a240-4058-b0d7-6bf0159238eb,1,38000,38000,2025-09-27 20:57:07,completed
697d421e-f947-48a6-938f-87a406ef9bff,ORD-20251128-0063,d05444c6-b8e7-46e9-aec2-6d4dcef2cda5,523853a9-14ec-4b71-8ea1-d85e92f1b94c,4,45000,180000,2025-11-20 20:57:07,completed
3daf3623-c2e1-4d01-b963-ea6ee18d4936,ORD-20251128-0063,d05444c6-b8e7-46e9-aec2-6d4dcef2cda5,a0ab615e-653c-4623-96d5-7bc0121b23ee,1,95000,95000,2025-11-20 20:57:07,completed
990874ec-3833-4a75-b0ba-913c9e9904d0,ORD-20251128-0063,d05444c6-b8e7-46e9-aec2-6d4dcef2cda5,17ad20c4-a240-4058-b0d7-6bf0159238eb,1,38000,38000,2025-11-20 20:57:07,completed
136b91b6-916f-443e-873e-bb0995f392fc,ORD-20251128-0064,1ad5e86a-1d26-431f-b684-6478baa5a883,d17954aa-743b-4ff8-843f-baa9882e56a3,5,5000,25000,2025-11-15 20:57:07,completed
8a6fa317-7bb6-469e-8223-1b6d9601828e,ORD-20251128-0064,1ad5e86a-1d26-431f-b684-6478baa5a883,0e462ced-37f3-4960-bd58-1461ae7cebe2,3,6000,18000,2025-11-15 20:57:07,completed
b44e3621-466e-48dc-8e1c-5e331db2961c,ORD-20251128-0064,1ad5e86a-1d26-431f-b684-6478baa5a883,54f78d73-e07a-4863-bb29-3c9517a716d3,2,8000,16000,2025-11-15 20:57:07,completed
fd2222ab-a65a-4246-bf38-df794ee20683,ORD-20251128-0065,51e4f36f-1dc4-4382-a0c4-1f6fb0d356a5,9932efc2-6bf0-43a3-a3a9-22be92df3e72,1,42000,42000,2025-11-12 20:57:07,completed
7b810c0b-5547-4fae-baf0-4441e987b079,ORD-20251128-0065,51e4f36f-1dc4-4382-a0c4-1f6fb0d356a5,523853a9-14ec-4b71-8ea1-d85e92f1b94c,4,45000,180000,2025-11-12 20:57:07,completed
4db247a0-504e-44ca-b035-0d477b4ed106,ORD-20251128-0065,51e4f36f-1dc4-4382-a0c4-1f6fb0d356a5,17ad20c4-a240-4058-b0d7-6bf0159238eb,1,38000,38000,2025-11-12 20:57:07,completed
0950c5b3-a15e-4d2a-a32f-dd2323ea2007,ORD-20251128-0066,d5cbcd09-6763-416c-b8bd-c5859f32ec8d,b14d511b-20cd-43c7-9b49-f37c0a9d4e2e,2,8000,16000,2025-10-02 20:57:07,completed
45f8e593-dc56-4fd1-a04c-db0f324fc157,ORD-20251128-0066,d5cbcd09-6763-416c-b8bd-c5859f32ec8d,4d43fae2-9d28-488c-832a-de6f9f94087f,2,25000,50000,2025-10-02 20:57:07,completed
961cbbdb-bd96-48f6-af11-146bcb2fe3d3,ORD-20251128-0066,d5cbcd09-6763-416c-b8bd-c5859f32ec8d,8e92045c-5e6e-49ed-ab90-b2f48ee054ac,5,18000,90000,2025-10-02 20:57:07,completed
ed23a443-9e76-4615-99ab-8ac0f4b07965,ORD-20251128-0066,d5cbcd09-6763-416c-b8bd-c5859f32ec8d,1e23552f-bc5e-4208-9e11-427b901c022c,1,30000,30000,2025-10-02 20:57:07,completed
a3acb618-c7ce-471b-acca-213fc96aeaca,ORD-20251128-0067,a280a790-efe9-490b-9be6-7d44e02f828b,15a2b4b7-8e82-4815-84af-477582d6d4e8,2,45000,90000,2025-09-13 20:57:07,completed
174d5339-ac67-4d69-a561-9548678cbeae,ORD-20251128-0067,a280a790-efe9-490b-9be6-7d44e02f828b,b766b9d7-f3ae-4858-8273-7afc2b0d0ea9,1,35000,35000,2025-09-13 20:57:07,completed
c772b040-9aaf-4239-b410-0ab99cd6a3b2,ORD-20251128-0067,a280a790-efe9-490b-9be6-7d44e02f828b,0dcea2ff-2c7d-4349-81a4-9a922d251bc7,5,20000,100000,2025-09-13 20:57:07,completed
7f9aeae6-52b4-45e4-b802-2bc9e9e27201,ORD-20251128-0068,d47c8b39-984c-426b-903e-aba2ae2c9fb8,8969e32c-0606-49f8-8262-28a337d93839,3,9000,27000,2025-10-12 20:57:07,completed
ee094a51-98e4-4788-893c-051becad6358,ORD-20251128-0068,d47c8b39-984c-426b-903e-aba2ae2c9fb8,d17954aa-743b-4ff8-843f-baa9882e56a3,2,5000,10000,2025-10-12 20:57:07,completed
4f0a4e91-3902-4476-94db-a046a5e1cdea,ORD-20251128-0068,d47c8b39-984c-426b-903e-aba2ae2c9fb8,36d6f0d3-a4e9-40e8-b4a0-f37ffdc98e80,1,7000,7000,2025-10-12 20:57:07,completed
1d8b6104-b9c2-4948-b047-5f3c58b38b7f,ORD-20251128-0069,d47c8b39-984c-426b-903e-aba2ae2c9fb8,54f78d73-e07a-4863-bb29-3c9517a716d3,4,8000,32000,2025-09-01 20:57:07,completed
a96ff581-4428-4b60-b77d-bbe96dfe2c61,ORD-20251128-0069,d47c8b39-984c-426b-903e-aba2ae2c9fb8,0e462ced-37f3-4960-bd58-1461ae7cebe2,3,6000,18000,2025-09-01 20:57:07,completed
da82d329-85ea-4cc5-9e6b-260dc383ed53,ORD-20251128-0069,d47c8b39-984c-426b-903e-aba2ae2c9fb8,d17954aa-743b-4ff8-843f-baa9882e56a3,2,5000,10000,2025-09-01 20:57:07,completed
ec6e7fda-d82e-48ca-a10f-8c7c34f2b00e,ORD-20251128-0070,11e05a0b-c2b5-43f1-80f4-46b547188bb9,70710b93-2b14-4674-a243-b919d6002c48,4,85000,340000,2025-11-20 20:57:07,completed
803296cc-652e-400d-9aa9-c22594e6bb43,ORD-20251128-0070,11e05a0b-c2b5-43f1-80f4-46b547188bb9,b3cc44f1-f3c1-4703-98d8-ac40cb387187,5,70000,350000,2025-11-20 20:57:07,completed
0c5a9e35-8a53-46fd-93ef-1db945ae9c3b,ORD-20251128-0070,11e05a0b-c2b5-43f1-80f4-46b547188bb9,7a4af2f2-f55b-4300-a4ba-4406efcc350c,1,65000,65000,2025-11-20 20:57:07,completed
498f3ac7-95e8-43c9-be95-34253712b9f0,ORD-20251128-0071,d47c8b39-984c-426b-903e-aba2ae2c9fb8,523853a9-14ec-4b71-8ea1-d85e92f1b94c,5,45000,225000,2025-10-23 20:57:07,completed
b81e80e1-69b2-4bd9-98cb-1029f7d8b9ef,ORD-20251128-0071,d47c8b39-984c-426b-903e-aba2ae2c9fb8,9932efc2-6bf0-43a3-a3a9-22be92df3e72,3,42000,126000,2025-10-23 20:57:07,completed
df2f10d0-ee13-438e-b132-18da680c0932,ORD-20251128-0071,d47c8b39-984c-426b-903e-aba2ae2c9fb8,17ad20c4-a240-4058-b0d7-6bf0159238eb,3,38000,114000,2025-10-23 20:57:07,completed
3fcc1bdf-cf6a-4740-ab15-5bbb2cf518eb,ORD-20251128-0072,339091db-a3ff-477a-b28f-19efbbf5f495,22dcfd0f-1989-4b3a-905e-4d4508483590,1,25000,25000,2025-11-24 20:57:07,completed
cbfa9d3a-586e-4239-b28f-5b1926bc2025,ORD-20251128-0072,339091db-a3ff-477a-b28f-19efbbf5f495,a60dbf18-c1fb-474b-bff4-e8426cb2cc7a,4,35000,140000,2025-11-24 20:57:07,completed
4ff45d93-f570-429f-bab7-fc650904aff8,ORD-20251128-0072,339091db-a3ff-477a-b28f-19efbbf5f495,98d8d5cb-c8f1-4a5a-ad69-bec1d221e519,4,15000,60000,2025-11-24 20:57:07,completed
3e474964-e76f-4281-92a2-401aa49e38ae,ORD-20251128-0072,339091db-a3ff-477a-b28f-19efbbf5f495,b3cc44f1-f3c1-4703-98d8-ac40cb387187,1,70000,70000,2025-11-24 20:57:07,completed
d06cb667-d812-4d50-8bf4-350e2d8963fc,ORD-20251128-0072,339091db-a3ff-477a-b28f-19efbbf5f495,f3093aaa-5474-468c-9b8d-9ef9a28956b9,4,40000,160000,2025-11-24 20:57:07,completed
3975eb09-b534-4506-8a55-e113d53b9cfb,ORD-20251128-0073,10437b60-348b-4211-8052-22724becf62a,395bced4-b52f-41d1-86f0-09eba3e7ca08,1,75000,75000,2025-09-22 20:57:07,completed
f5985161-c248-4ab8-97b6-5197866042ea,ORD-20251128-0074,da4f4e65-7433-4f4e-84ba-90a9f424ab7f,b3cc44f1-f3c1-4703-98d8-ac40cb387187,4,70000,280000,2025-11-13 20:57:07,completed
2fe14ec8-1ee3-40f3-9df8-b27901fd6025,ORD-20251128-0074,da4f4e65-7433-4f4e-84ba-90a9f424ab7f,7a4af2f2-f55b-4300-a4ba-4406efcc350c,3,65000,195000,2025-11-13 20:57:07,completed
2ce94134-fc1b-4669-a0b2-e50aaaf6be00,ORD-20251128-0074,da4f4e65-7433-4f4e-84ba-90a9f424ab7f,457afb33-6e9d-4ad9-9f4c-b52be26e5f18,2,65000,130000,2025-11-13 20:57:07,completed
92eb96cf-dffb-478c-8000-ffb36435204b,ORD-20251128-0075,d05444c6-b8e7-46e9-aec2-6d4dcef2cda5,705e8518-49ce-4be4-a01b-fdc214f4ec72,4,28000,112000,2025-09-23 20:57:07,completed
7b8d4460-893c-4553-9b35-17f52ffc67a3,ORD-20251128-0075,d05444c6-b8e7-46e9-aec2-6d4dcef2cda5,1c47fbb5-9ffd-4919-b89b-58991b37a275,1,140000,140000,2025-09-23 20:57:07,completed
ea6a0fee-59f1-4a5e-bbab-0613215f74a0,ORD-20251128-0075,d05444c6-b8e7-46e9-aec2-6d4dcef2cda5,e4016c30-6fdf-4bc0-8aac-90251ed59474,1,120000,120000,2025-09-23 20:57:07,completed
0af5fc73-2495-417d-a580-aba0465c9088,ORD-20251128-0076,11e05a0b-c2b5-43f1-80f4-46b547188bb9,d17954aa-743b-4ff8-843f-baa9882e56a3,4,5000,20000,2025-11-22 20:57:07,completed
07d3a96b-845e-4df8-9066-f03ad32f2091,ORD-20251128-0076,11e05a0b-c2b5-43f1-80f4-46b547188bb9,0e462ced-37f3-4960-bd58-1461ae7cebe2,4,6000,24000,2025-11-22 20:57:07,completed
3f644d1d-af53-4cf4-872e-f5a51acc7758,ORD-20251128-0076,11e05a0b-c2b5-43f1-80f4-46b547188bb9,54f78d73-e07a-4863-bb29-3c9517a716d3,2,8000,16000,2025-11-22 20:57:07,completed
39c95dcb-0445-4978-b585-475aad83acd0,ORD-20251128-0077,612e799f-2782-4b21-ac5c-6ac5bd3b9e8a,7a4af2f2-f55b-4300-a4ba-4406efcc350c,4,65000,260000,2025-10-06 20:57:07,completed
8e992404-78c8-4e13-a598-0aec1f1a40ff,ORD-20251128-0077,612e799f-2782-4b21-ac5c-6ac5bd3b9e8a,f3093aaa-5474-468c-9b8d-9ef9a28956b9,5,40000,200000,2025-10-06 20:57:07,completed
55011952-85ab-473a-93bd-3bba3a87cc6e,ORD-20251128-0077,612e799f-2782-4b21-ac5c-6ac5bd3b9e8a,457afb33-6e9d-4ad9-9f4c-b52be26e5f18,2,65000,130000,2025-10-06 20:57:07,completed
8134ede3-b6fe-4d09-9f54-59d2e019bc98,ORD-20251128-0078,ff70de0a-9ebe-42db-a040-b1773b1bcfb5,7a4af2f2-f55b-4300-a4ba-4406efcc350c,4,65000,260000,2025-10-10 20:57:07,completed
2adde81d-5987-4500-bb80-742621ff48e3,ORD-20251128-0078,ff70de0a-9ebe-42db-a040-b1773b1bcfb5,457afb33-6e9d-4ad9-9f4c-b52be26e5f18,5,65000,325000,2025-10-10 20:57:07,completed
2bad1cdd-1a36-4971-a486-2f1f688ce05d,ORD-20251128-0078,ff70de0a-9ebe-42db-a040-b1773b1bcfb5,70710b93-2b14-4674-a243-b919d6002c48,2,85000,170000,2025-10-10 20:57:07,completed
54fad372-ba85-411c-b097-f49b47b72aa1,ORD-20251128-0079,f637fadc-8fdc-4b7d-a0b7-724af70b2565,15a2b4b7-8e82-4815-84af-477582d6d4e8,5,45000,225000,2025-09-23 20:57:07,completed
b5c29b23-3600-47c2-ad8f-b425cc881476,ORD-20251128-0079,f637fadc-8fdc-4b7d-a0b7-724af70b2565,5264a61a-da95-4ca9-8c42-c845a8fad53e,5,18000,90000,2025-09-23 20:57:07,completed
2f5ef722-6477-4493-a0c7-0bae0195ab28,ORD-20251128-0079,f637fadc-8fdc-4b7d-a0b7-724af70b2565,7720d4b9-00ca-4de7-9020-041265fc3107,5,28000,140000,2025-09-23 20:57:07,completed
79c1946f-8e28-4ea6-b0d0-604bfa5ac302,ORD-20251128-0080,19fc1f86-de81-46c8-bb6f-d3570572efa4,15a2b4b7-8e82-4815-84af-477582d6d4e8,4,45000,180000,2025-09-28 20:57:07,completed
e46ebbd8-1e4c-4bd5-8e7e-63d1ceaec0e3,ORD-20251128-0080,19fc1f86-de81-46c8-bb6f-d3570572efa4,b766b9d7-f3ae-4858-8273-7afc2b0d0ea9,1,35000,35000,2025-09-28 20:57:07,completed
569b4dc0-b4a4-4b22-a44a-caa17dca106c,ORD-20251128-0080,19fc1f86-de81-46c8-bb6f-d3570572efa4,0dcea2ff-2c7d-4349-81a4-9a922d251bc7,5,20000,100000,2025-09-28 20:57:07,completed
fa119aff-96d2-4e13-aaff-cff53a3d3cd3,ORD-20251128-0081,aae116d2-7f3c-4a2d-9b6c-9633be3fd127,36d6f0d3-a4e9-40e8-b4a0-f37ffdc98e80,4,7000,28000,2025-09-01 20:57:07,processing
fa661627-e983-40a9-9263-ab4ad63f4d4e,ORD-20251128-0081,aae116d2-7f3c-4a2d-9b6c-9633be3fd127,d17954aa-743b-4ff8-843f-baa9882e56a3,2,5000,10000,2025-09-01 20:57:07,processing
85cff3bb-aeec-426a-bac6-d48e0cc79a88,ORD-20251128-0081,aae116d2-7f3c-4a2d-9b6c-9633be3fd127,54f78d73-e07a-4863-bb29-3c9517a716d3,2,8000,16000,2025-09-01 20:57:07,processing
63de2a59-b48e-4969-803c-720518800543,ORD-20251128-0082,11e05a0b-c2b5-43f1-80f4-46b547188bb9,17ad20c4-a240-4058-b0d7-6bf0159238eb,2,38000,76000,2025-11-22 20:57:07,completed
63340f85-2482-44ee-bce2-378077460d22,ORD-20251128-0082,11e05a0b-c2b5-43f1-80f4-46b547188bb9,9932efc2-6bf0-43a3-a3a9-22be92df3e72,1,42000,42000,2025-11-22 20:57:07,completed
c67c5f81-51bc-4555-8ec4-14755594bf69,ORD-20251128-0082,11e05a0b-c2b5-43f1-80f4-46b547188bb9,523853a9-14ec-4b71-8ea1-d85e92f1b94c,3,45000,135000,2025-11-22 20:57:07,completed
5a90a9bd-8d8e-4643-8dd9-7a2205168c7c,ORD-20251128-0083,a280a790-efe9-490b-9be6-7d44e02f828b,523853a9-14ec-4b71-8ea1-d85e92f1b94c,1,45000,45000,2025-09-15 20:57:07,completed
a94ef960-a5cb-49b0-91a7-54d1e57e8727,ORD-20251128-0083,a280a790-efe9-490b-9be6-7d44e02f828b,17ad20c4-a240-4058-b0d7-6bf0159238eb,5,38000,190000,2025-09-15 20:57:07,completed
6ee54adf-c40b-4007-9f56-77ffb787503b,ORD-20251128-0083,a280a790-efe9-490b-9be6-7d44e02f828b,a0ab615e-653c-4623-96d5-7bc0121b23ee,3,95000,285000,2025-09-15 20:57:07,completed
32869182-c3c5-45a6-9561-1eb9d2af9494,ORD-20251128-0084,d47c8b39-984c-426b-903e-aba2ae2c9fb8,36d6f0d3-a4e9-40e8-b4a0-f37ffdc98e80,5,7000,35000,2025-11-07 20:57:07,completed
c6d520ae-b28c-4f88-9874-cfd0b69330f8,ORD-20251128-0084,d47c8b39-984c-426b-903e-aba2ae2c9fb8,7720d4b9-00ca-4de7-9020-041265fc3107,3,28000,84000,2025-11-07 20:57:07,completed
e384d239-5df0-478a-bb67-5c9456456ace,ORD-20251128-0085,19fc1f86-de81-46c8-bb6f-d3570572efa4,8e92045c-5e6e-49ed-ab90-b2f48ee054ac,2,18000,36000,2025-11-20 20:57:07,completed
1b87ede6-98b1-48ed-b32c-997c835ab276,ORD-20251128-0085,19fc1f86-de81-46c8-bb6f-d3570572efa4,7c05ce84-5fba-401a-b3dd-6c1bb3434baa,2,4000,8000,2025-11-20 20:57:07,completed
ff991607-ba5a-4898-8522-4f5e55f60684,ORD-20251128-0085,19fc1f86-de81-46c8-bb6f-d3570572efa4,566f0937-73b3-4115-b5aa-ddf548383135,4,3000,12000,2025-11-20 20:57:07,completed
703e0e97-8b0d-43e5-a9d4-f252a3adb0a2,ORD-20251128-0086,aae116d2-7f3c-4a2d-9b6c-9633be3fd127,7a4af2f2-f55b-4300-a4ba-4406efcc350c,3,65000,195000,2025-10-19 20:57:07,completed
529f2ff3-754f-47ad-bf1a-befe78b5698e,ORD-20251128-0086,aae116d2-7f3c-4a2d-9b6c-9633be3fd127,f3093aaa-5474-468c-9b8d-9ef9a28956b9,2,40000,80000,2025-10-19 20:57:07,completed
af4b65ce-ee40-49e8-856f-942940c4f13a,ORD-20251128-0086,aae116d2-7f3c-4a2d-9b6c-9633be3fd127,70710b93-2b14-4674-a243-b919d6002c48,4,85000,340000,2025-10-19 20:57:07,completed
08e82110-e78b-4895-b6c1-f73e29783be6,ORD-20251128-0087,19fc1f86-de81-46c8-bb6f-d3570572efa4,35f6a297-a125-4617-a38c-8a49a7002cd9,5,5000,25000,2025-08-30 20:57:07,completed
59a25f54-294f-411f-9814-47648cef36ec,ORD-20251128-0087,19fc1f86-de81-46c8-bb6f-d3570572efa4,7c05ce84-5fba-401a-b3dd-6c1bb3434baa,5,4000,20000,2025-08-30 20:57:07,completed
9d1a6ab7-00c7-4fa9-9c0e-c0a6e6f68b8f,ORD-20251128-0088,51457108-5651-4917-aef4-01e005360bcb,0dcea2ff-2c7d-4349-81a4-9a922d251bc7,3,20000,60000,2025-11-05 20:57:07,completed
1b9b9477-79bd-436e-a726-c9edabf408c8,ORD-20251128-0088,51457108-5651-4917-aef4-01e005360bcb,b766b9d7-f3ae-4858-8273-7afc2b0d0ea9,5,35000,175000,2025-11-05 20:57:07,completed
0aa75c00-b242-4764-b9c0-be4141047b6a,ORD-20251128-0088,51457108-5651-4917-aef4-01e005360bcb,15a2b4b7-8e82-4815-84af-477582d6d4e8,2,45000,90000,2025-11-05 20:57:07,completed
ac5b1946-c281-44dc-82e4-ba9a6238b4c0,ORD-20251128-0089,fd09d135-3d92-4afa-8f25-362828ce59ea,15a2b4b7-8e82-4815-84af-477582d6d4e8,3,45000,135000,2025-10-16 20:57:07,completed
790fdbdd-d915-4866-917d-f898710b326e,ORD-20251128-0089,fd09d135-3d92-4afa-8f25-362828ce59ea,2414ebda-b693-4952-8dc6-1c7e6f18f861,2,22000,44000,2025-10-16 20:57:07,completed
861ac594-8f05-47e1-9410-23f44be71e70,ORD-20251128-0089,fd09d135-3d92-4afa-8f25-362828ce59ea,e4edb052-837f-4f83-aa21-da54a1e1c8e7,5,42000,210000,2025-10-16 20:57:07,completed
f5df6582-55d3-4da7-84e3-6b38945f9560,ORD-20251128-0090,d05444c6-b8e7-46e9-aec2-6d4dcef2cda5,0dcea2ff-2c7d-4349-81a4-9a922d251bc7,1,20000,20000,2025-11-18 20:57:07,completed
f3ba56c3-4b99-4068-850c-86175a7f4b61,ORD-20251128-0090,d05444c6-b8e7-46e9-aec2-6d4dcef2cda5,15a2b4b7-8e82-4815-84af-477582d6d4e8,3,45000,135000,2025-11-18 20:57:07,completed
a96c00ee-2230-4b1d-8b0b-8fca8b3094fc,ORD-20251128-0090,d05444c6-b8e7-46e9-aec2-6d4dcef2cda5,b766b9d7-f3ae-4858-8273-7afc2b0d0ea9,5,35000,175000,2025-11-18 20:57:07,completed
a14fa63e-b83e-4c9b-9eb4-249ae3f8a6be,ORD-20251128-0091,fd09d135-3d92-4afa-8f25-362828ce59ea,e4016c30-6fdf-4bc0-8aac-90251ed59474,2,120000,240000,2025-10-08 20:57:07,completed
c25cdca0-7883-49a3-9fe2-c7874ce8aae8,ORD-20251128-0091,fd09d135-3d92-4afa-8f25-362828ce59ea,0c51b03f-00c3-4bac-b11c-de90b8ba27fd,2,12000,24000,2025-10-08 20:57:07,completed
689e466d-b753-4258-af70-3a1eba774a17,ORD-20251128-0092,d5cbcd09-6763-416c-b8bd-c5859f32ec8d,9932efc2-6bf0-43a3-a3a9-22be92df3e72,1,42000,42000,2025-11-15 20:57:07,completed
f6ee4303-360f-4524-a647-1d0771e3ccb0,ORD-20251128-0092,d5cbcd09-6763-416c-b8bd-c5859f32ec8d,a0ab615e-653c-4623-96d5-7bc0121b23ee,4,95000,380000,2025-11-15 20:57:07,completed
418a5900-8991-45d8-ac34-0ac627c007ed,ORD-20251128-0092,d5cbcd09-6763-416c-b8bd-c5859f32ec8d,523853a9-14ec-4b71-8ea1-d85e92f1b94c,2,45000,90000,2025-11-15 20:57:07,completed
20817620-b5a6-4657-88c7-2b2cf1d1aeb7,ORD-20251128-0093,fd09d135-3d92-4afa-8f25-362828ce59ea,7a4af2f2-f55b-4300-a4ba-4406efcc350c,2,65000,130000,2025-09-05 20:57:07,processing
b4fd71cf-845f-49a7-9788-b0b45804ba9a,ORD-20251128-0093,fd09d135-3d92-4afa-8f25-362828ce59ea,457afb33-6e9d-4ad9-9f4c-b52be26e5f18,2,65000,130000,2025-09-05 20:57:07,processing
c61451b2-300d-4b2e-b534-2ed020cdaa87,ORD-20251128-0093,fd09d135-3d92-4afa-8f25-362828ce59ea,70710b93-2b14-4674-a243-b919d6002c48,1,85000,85000,2025-09-05 20:57:07,processing
70b6a266-048a-4e62-b014-47902cc61b83,ORD-20251128-0094,f637fadc-8fdc-4b7d-a0b7-724af70b2565,a0ab615e-653c-4623-96d5-7bc0121b23ee,3,95000,285000,2025-09-10 20:57:07,completed
f284bf12-b259-4539-a2be-8145609418b0,ORD-20251128-0094,f637fadc-8fdc-4b7d-a0b7-724af70b2565,523853a9-14ec-4b71-8ea1-d85e92f1b94c,3,45000,135000,2025-09-10 20:57:07,completed
09bbd02c-4ef1-462e-95c2-037210eb6832,ORD-20251128-0094,f637fadc-8fdc-4b7d-a0b7-724af70b2565,9932efc2-6bf0-43a3-a3a9-22be92df3e72,1,42000,42000,2025-09-10 20:57:07,completed
ac6a7733-97c0-496a-832e-65cc1717fd53,ORD-20251128-0095,aae116d2-7f3c-4a2d-9b6c-9633be3fd127,b3cc44f1-f3c1-4703-98d8-ac40cb387187,2,70000,140000,2025-09-19 20:57:07,completed
bc5e0cfc-8a45-46d6-84e5-073f939c16da,ORD-20251128-0095,aae116d2-7f3c-4a2d-9b6c-9633be3fd127,7a4af2f2-f55b-4300-a4ba-4406efcc350c,3,65000,195000,2025-09-19 20:57:07,completed
fbba172f-fa24-4be7-87cc-5ce2a76b7c39,ORD-20251128-0095,aae116d2-7f3c-4a2d-9b6c-9633be3fd127,70710b93-2b14-4674-a243-b919d6002c48,5,85000,425000,2025-09-19 20:57:07,completed
b2ae0a6c-91f1-4f53-bbca-34bfac549b5a,ORD-20251128-0096,f637fadc-8fdc-4b7d-a0b7-724af70b2565,566f0937-73b3-4115-b5aa-ddf548383135,1,3000,3000,2025-10-26 20:57:07,completed
706e312e-1ca7-4b66-bb33-fa9a683dec24,ORD-20251128-0096,f637fadc-8fdc-4b7d-a0b7-724af70b2565,70710b93-2b14-4674-a243-b919d6002c48,3,85000,255000,2025-10-26 20:57:07,completed
07a1aec0-1ec8-4fd5-a8d1-3e39a54ebf24,ORD-20251128-0096,f637fadc-8fdc-4b7d-a0b7-724af70b2565,b3cc44f1-f3c1-4703-98d8-ac40cb387187,4,70000,280000,2025-10-26 20:57:07,completed
0225998d-2aa8-4ffd-bd13-1abcd24beab3,ORD-20251128-0096,f637fadc-8fdc-4b7d-a0b7-724af70b2565,54f78d73-e07a-4863-bb29-3c9517a716d3,1,8000,8000,2025-10-26 20:57:07,completed
098c9a8d-1780-4ebe-943a-3e7121f0a77b,ORD-20251128-0097,612e799f-2782-4b21-ac5c-6ac5bd3b9e8a,b766b9d7-f3ae-4858-8273-7afc2b0d0ea9,1,35000,35000,2025-11-20 20:57:07,completed
f13c4a62-57fc-447e-807e-d7e8d0ebe80d,ORD-20251128-0097,612e799f-2782-4b21-ac5c-6ac5bd3b9e8a,0dcea2ff-2c7d-4349-81a4-9a922d251bc7,2,20000,40000,2025-11-20 20:57:07,completed
d13ba110-7763-4d73-bbd7-cbfeda089695,ORD-20251128-0097,612e799f-2782-4b21-ac5c-6ac5bd3b9e8a,15a2b4b7-8e82-4815-84af-477582d6d4e8,1,45000,45000,2025-11-20 20:57:07,completed
11f7e363-ce89-41c4-b4ba-0b4c389ebd0b,ORD-20251128-0098,d05444c6-b8e7-46e9-aec2-6d4dcef2cda5,15a2b4b7-8e82-4815-84af-477582d6d4e8,3,45000,135000,2025-11-23 20:57:07,completed
d03349c2-ba5f-4f37-b235-7017d3ebe439,ORD-20251128-0098,d05444c6-b8e7-46e9-aec2-6d4dcef2cda5,0dcea2ff-2c7d-4349-81a4-9a922d251bc7,4,20000,80000,2025-11-23 20:57:07,completed
9b5e6f95-448a-4d02-a832-2faef79a8573,ORD-20251128-0098,d05444c6-b8e7-46e9-aec2-6d4dcef2cda5,b766b9d7-f3ae-4858-8273-7afc2b0d0ea9,3,35000,105000,2025-11-23 20:57:07,completed
4ef6d26a-959b-4998-b2dd-58856e9a9309,ORD-20251128-0099,1ad5e86a-1d26-431f-b684-6478baa5a883,b3cc44f1-f3c1-4703-98d8-ac40cb387187,2,70000,140000,2025-09-13 20:57:07,completed
124670da-1b53-45af-915d-2642261b0edb,ORD-20251128-0099,1ad5e86a-1d26-431f-b684-6478baa5a883,f3093aaa-5474-468c-9b8d-9ef9a28956b9,4,40000,160000,2025-09-13 20:57:07,completed
405230eb-be39-4e52-bb59-bd030d997811,ORD-20251128-0099,1ad5e86a-1d26-431f-b684-6478baa5a883,457afb33-6e9d-4ad9-9f4c-b52be26e5f18,5,65000,325000,2025-09-13 20:57:07,completed
2589f6e6-2711-433b-bcb3-169422c180e7,ORD-20251128-0100,991e985c-995f-4d63-817f-81d1ac478e0f,d17954aa-743b-4ff8-843f-baa9882e56a3,2,5000,10000,2025-11-05 20:57:07,completed
07baf5c2-1f36-4383-a3c9-f937a5f5d9ee,ORD-20251128-0100,991e985c-995f-4d63-817f-81d1ac478e0f,54f78d73-e07a-4863-bb29-3c9517a716d3,5,8000,40000,2025-11-05 20:57:07,completed
8ec2f06b-53ca-4115-ab91-43b36080eff1,ORD-20251128-0100,991e985c-995f-4d63-817f-81d1ac478e0f,8969e32c-0606-49f8-8262-28a337d93839,5,9000,45000,2025-11-05 20:57:07,completed
6c312c56-5060-4e95-b970-20d41a8113fb,ORD-20251128-0101,67e5fd1c-26a2-429b-9994-ba309e43ceee,36d6f0d3-a4e9-40e8-b4a0-f37ffdc98e80,3,7000,21000,2025-10-01 20:57:07,completed
ca127a18-7d6e-42b5-992c-944f8f7d6e9d,ORD-20251128-0101,67e5fd1c-26a2-429b-9994-ba309e43ceee,8969e32c-0606-49f8-8262-28a337d93839,5,9000,45000,2025-10-01 20:57:07,completed
64c5c3d6-0869-4b4f-8847-28e9ae10a0b2,ORD-20251128-0101,67e5fd1c-26a2-429b-9994-ba309e43ceee,0e462ced-37f3-4960-bd58-1461ae7cebe2,1,6000,6000,2025-10-01 20:57:07,completed
8f76f123-36f9-496f-9c1a-ba9846739877,ORD-20251128-0102,a280a790-efe9-490b-9be6-7d44e02f828b,8e92045c-5e6e-49ed-ab90-b2f48ee054ac,2,18000,36000,2025-10-07 20:57:07,completed
1d5d53a2-8c05-498f-a73a-eb4441390015,ORD-20251128-0102,a280a790-efe9-490b-9be6-7d44e02f828b,566f0937-73b3-4115-b5aa-ddf548383135,1,3000,3000,2025-10-07 20:57:07,completed
39190efc-ff06-492e-ba53-bb1c3d02838e,ORD-20251128-0102,a280a790-efe9-490b-9be6-7d44e02f828b,7c05ce84-5fba-401a-b3dd-6c1bb3434baa,5,4000,20000,2025-10-07 20:57:07,completed
13cd0efc-f73f-40de-a320-54bd0a48436e,ORD-20251128-0103,d05444c6-b8e7-46e9-aec2-6d4dcef2cda5,15a2b4b7-8e82-4815-84af-477582d6d4e8,1,45000,45000,2025-09-08 20:57:07,completed
32edf11a-8a22-415e-ba0e-40d0c4ae0295,ORD-20251128-0103,d05444c6-b8e7-46e9-aec2-6d4dcef2cda5,0dcea2ff-2c7d-4349-81a4-9a922d251bc7,2,20000,40000,2025-09-08 20:57:07,completed
d6176c57-2d43-4ee3-8181-370a4a497c3e,ORD-20251128-0103,d05444c6-b8e7-46e9-aec2-6d4dcef2cda5,b766b9d7-f3ae-4858-8273-7afc2b0d0ea9,1,35000,35000,2025-09-08 20:57:07,completed
b4b587ed-a463-494a-87a3-474d8cf9523b,ORD-20251128-0104,aae116d2-7f3c-4a2d-9b6c-9633be3fd127,17ad20c4-a240-4058-b0d7-6bf0159238eb,3,38000,114000,2025-11-13 20:57:07,completed
f6b2421c-8dfc-4c8c-8347-4420f9f066e0,ORD-20251128-0104,aae116d2-7f3c-4a2d-9b6c-9633be3fd127,9932efc2-6bf0-43a3-a3a9-22be92df3e72,4,42000,168000,2025-11-13 20:57:07,completed
adfea18e-9aa2-497e-aef4-df37195644eb,ORD-20251128-0104,aae116d2-7f3c-4a2d-9b6c-9633be3fd127,a0ab615e-653c-4623-96d5-7bc0121b23ee,2,95000,190000,2025-11-13 20:57:07,completed
df8a0f4c-f313-4dc4-8641-ed2bd9155829,ORD-20251128-0105,d47c8b39-984c-426b-903e-aba2ae2c9fb8,d64a383b-6112-47b7-a18e-a8cf9fa8fb21,3,32000,96000,2025-09-06 20:57:07,completed
17cb5487-e9ef-4581-bcc7-58994b8cba77,ORD-20251128-0105,d47c8b39-984c-426b-903e-aba2ae2c9fb8,b40277d1-e51a-4b24-b017-83458955af1a,5,18000,90000,2025-09-06 20:57:07,completed
9dbd7d41-3ceb-4b4e-85aa-3609b7f21ea5,ORD-20251128-0105,d47c8b39-984c-426b-903e-aba2ae2c9fb8,7ff7d632-79f8-4a95-bcdf-dafb9b46899e,3,25000,75000,2025-09-06 20:57:07,completed
35f0c8b5-2f1d-4c64-b088-88a79c2191e4,ORD-20251128-0105,d47c8b39-984c-426b-903e-aba2ae2c9fb8,42d5ef1c-db95-411b-89fa-434505387edc,1,22000,22000,2025-09-06 20:57:07,completed
86737115-6f5a-4fcb-8d47-f851b48a82a6,ORD-20251128-0105,d47c8b39-984c-426b-903e-aba2ae2c9fb8,0454da22-79c8-46da-941b-59e2e837b2d6,4,55000,220000,2025-09-06 20:57:07,completed
e208ef15-60df-440a-854c-31260197fb41,ORD-20251128-0106,da4f4e65-7433-4f4e-84ba-90a9f424ab7f,f3093aaa-5474-468c-9b8d-9ef9a28956b9,2,40000,80000,2025-11-26 20:57:07,processing
5867b8d8-fa0b-491f-a593-1fb12edfa1c7,ORD-20251128-0106,da4f4e65-7433-4f4e-84ba-90a9f424ab7f,70710b93-2b14-4674-a243-b919d6002c48,4,85000,340000,2025-11-26 20:57:07,processing
f19c531f-805c-4c92-9654-3771f2f2927d,ORD-20251128-0106,da4f4e65-7433-4f4e-84ba-90a9f424ab7f,7a4af2f2-f55b-4300-a4ba-4406efcc350c,4,65000,260000,2025-11-26 20:57:07,processing
f58c5ed8-72da-4dc0-9004-299bb5ceadc7,ORD-20251128-0107,612e799f-2782-4b21-ac5c-6ac5bd3b9e8a,566f0937-73b3-4115-b5aa-ddf548383135,1,3000,3000,2025-09-06 20:57:07,completed
65769776-87bc-4a5a-abb5-b6fbc4e23e71,ORD-20251128-0107,612e799f-2782-4b21-ac5c-6ac5bd3b9e8a,7c05ce84-5fba-401a-b3dd-6c1bb3434baa,3,4000,12000,2025-09-06 20:57:07,completed
518f6771-ee85-4c77-ad42-f4ad31f7ccb6,ORD-20251128-0107,612e799f-2782-4b21-ac5c-6ac5bd3b9e8a,8e92045c-5e6e-49ed-ab90-b2f48ee054ac,5,18000,90000,2025-09-06 20:57:07,completed
794349a2-c2d9-4a28-86a4-81fd21a9305d,ORD-20251128-0108,11e05a0b-c2b5-43f1-80f4-46b547188bb9,523853a9-14ec-4b71-8ea1-d85e92f1b94c,1,45000,45000,2025-11-17 20:57:07,completed
7388e3bf-8301-477a-81a8-948bb0dd4f3c,ORD-20251128-0108,11e05a0b-c2b5-43f1-80f4-46b547188bb9,a0ab615e-653c-4623-96d5-7bc0121b23ee,1,95000,95000,2025-11-17 20:57:07,completed
a1a22b1e-de3e-43cf-b491-3ffb30de15d1,ORD-20251128-0108,11e05a0b-c2b5-43f1-80f4-46b547188bb9,17ad20c4-a240-4058-b0d7-6bf0159238eb,3,38000,114000,2025-11-17 20:57:07,completed
bb7301e3-de64-4fc5-81d9-461d443a8529,ORD-20251128-0109,f637fadc-8fdc-4b7d-a0b7-724af70b2565,0dcea2ff-2c7d-4349-81a4-9a922d251bc7,4,20000,80000,2025-11-24 20:57:07,completed
7c6a6db2-4347-4a40-954d-ddfbdb6b71c6,ORD-20251128-0109,f637fadc-8fdc-4b7d-a0b7-724af70b2565,15a2b4b7-8e82-4815-84af-477582d6d4e8,2,45000,90000,2025-11-24 20:57:07,completed
ed4078f5-fe17-4c84-be1e-e5692f7261d2,ORD-20251128-0109,f637fadc-8fdc-4b7d-a0b7-724af70b2565,b766b9d7-f3ae-4858-8273-7afc2b0d0ea9,4,35000,140000,2025-11-24 20:57:07,completed
5a8f79d7-e011-49cd-85a2-69a302afa37d,ORD-20251128-0110,fd09d135-3d92-4afa-8f25-362828ce59ea,b766b9d7-f3ae-4858-8273-7afc2b0d0ea9,2,35000,70000,2025-09-05 20:57:07,completed
cd5111d9-1276-40f6-9cb7-fd943bd50436,ORD-20251128-0110,fd09d135-3d92-4afa-8f25-362828ce59ea,0dcea2ff-2c7d-4349-81a4-9a922d251bc7,5,20000,100000,2025-09-05 20:57:07,completed
d4ae7d74-ac46-41dc-93a7-25ef3ca1a0b4,ORD-20251128-0110,fd09d135-3d92-4afa-8f25-362828ce59ea,15a2b4b7-8e82-4815-84af-477582d6d4e8,2,45000,90000,2025-09-05 20:57:07,completed
8dfa3194-180a-4b20-b7f6-f3c65d2897cb,ORD-20251128-0111,51457108-5651-4917-aef4-01e005360bcb,7a4af2f2-f55b-4300-a4ba-4406efcc350c,3,65000,195000,2025-11-10 20:57:07,completed
03704983-662d-4abc-a749-f5afb273de7f,ORD-20251128-0111,51457108-5651-4917-aef4-01e005360bcb,b3cc44f1-f3c1-4703-98d8-ac40cb387187,5,70000,350000,2025-11-10 20:57:07,completed
69c2dbbd-6dc3-4b5a-bbfa-038cb9326f71,ORD-20251128-0111,51457108-5651-4917-aef4-01e005360bcb,70710b93-2b14-4674-a243-b919d6002c48,1,85000,85000,2025-11-10 20:57:07,completed
484400dc-cb9e-4f4c-8caa-04408ecb3856,ORD-20251128-0112,d47c8b39-984c-426b-903e-aba2ae2c9fb8,17ad20c4-a240-4058-b0d7-6bf0159238eb,4,38000,152000,2025-09-29 20:57:07,completed
a9c253b7-00e9-4130-ad9d-1b8bf89b4211,ORD-20251128-0112,d47c8b39-984c-426b-903e-aba2ae2c9fb8,a0ab615e-653c-4623-96d5-7bc0121b23ee,1,95000,95000,2025-09-29 20:57:07,completed
2a9ec791-e066-4031-988b-80a5890789dd,ORD-20251128-0112,d47c8b39-984c-426b-903e-aba2ae2c9fb8,9932efc2-6bf0-43a3-a3a9-22be92df3e72,2,42000,84000,2025-09-29 20:57:07,completed
44773f12-b4ce-401b-b02a-b49247179d52,ORD-20251128-0113,991e985c-995f-4d63-817f-81d1ac478e0f,e4edb052-837f-4f83-aa21-da54a1e1c8e7,4,42000,168000,2025-11-14 20:57:07,completed
31c64f67-9c15-4ae6-bdb8-a2ff48ce5906,ORD-20251128-0113,991e985c-995f-4d63-817f-81d1ac478e0f,8969e32c-0606-49f8-8262-28a337d93839,4,9000,36000,2025-11-14 20:57:07,completed
6c12a19e-016d-4456-9073-c6bb33b434bd,ORD-20251128-0113,991e985c-995f-4d63-817f-81d1ac478e0f,15a2b4b7-8e82-4815-84af-477582d6d4e8,4,45000,180000,2025-11-14 20:57:07,completed
bd0fe4f7-b4d3-40eb-b00f-632f2c90c725,ORD-20251128-0113,991e985c-995f-4d63-817f-81d1ac478e0f,d64a383b-6112-47b7-a18e-a8cf9fa8fb21,1,32000,32000,2025-11-14 20:57:07,completed
fa4b0940-e94d-4d10-88a4-8dad80930620,ORD-20251128-0113,991e985c-995f-4d63-817f-81d1ac478e0f,a60dbf18-c1fb-474b-bff4-e8426cb2cc7a,1,35000,35000,2025-11-14 20:57:07,completed
860d54e2-fa48-4396-a79c-bb42925ef78e,ORD-20251128-0114,19fc1f86-de81-46c8-bb6f-d3570572efa4,b766b9d7-f3ae-4858-8273-7afc2b0d0ea9,5,35000,175000,2025-10-11 20:57:07,completed
96bdb24e-30e9-47ae-9e6f-556d04d4bafb,ORD-20251128-0114,19fc1f86-de81-46c8-bb6f-d3570572efa4,15a2b4b7-8e82-4815-84af-477582d6d4e8,1,45000,45000,2025-10-11 20:57:07,completed
a37fd932-51a2-49d2-8397-4c2ed7b1d9b6,ORD-20251128-0114,19fc1f86-de81-46c8-bb6f-d3570572efa4,0dcea2ff-2c7d-4349-81a4-9a922d251bc7,4,20000,80000,2025-10-11 20:57:07,completed
8041800f-1810-47f1-bd14-a8062fe1a130,ORD-20251128-0115,aae116d2-7f3c-4a2d-9b6c-9633be3fd127,566f0937-73b3-4115-b5aa-ddf548383135,4,3000,12000,2025-10-06 20:57:07,completed
354a8f59-f2ed-4746-a996-d81965d9c5e9,ORD-20251128-0115,aae116d2-7f3c-4a2d-9b6c-9633be3fd127,7c05ce84-5fba-401a-b3dd-6c1bb3434baa,5,4000,20000,2025-10-06 20:57:07,completed
e6f74c76-583e-4ef7-b789-ebfaab8edf36,ORD-20251128-0115,aae116d2-7f3c-4a2d-9b6c-9633be3fd127,22dcfd0f-1989-4b3a-905e-4d4508483590,5,25000,125000,2025-10-06 20:57:07,completed
d87a6d8a-19d2-4a74-86ff-3e4c8af05ace,ORD-20251128-0116,991e985c-995f-4d63-817f-81d1ac478e0f,566f0937-73b3-4115-b5aa-ddf548383135,2,3000,6000,2025-11-20 20:57:07,completed
4fbe80bc-c3dd-4fd6-a380-6ac63a56f127,ORD-20251128-0116,991e985c-995f-4d63-817f-81d1ac478e0f,7c05ce84-5fba-401a-b3dd-6c1bb3434baa,1,4000,4000,2025-11-20 20:57:07,completed
9ed45f2e-2bbc-4294-8128-d904c1b5da0d,ORD-20251128-0116,991e985c-995f-4d63-817f-81d1ac478e0f,8e92045c-5e6e-49ed-ab90-b2f48ee054ac,1,18000,18000,2025-11-20 20:57:07,completed
108e1a87-1e73-44a6-99ff-fcdc64f5859e,ORD-20251128-0117,ff70de0a-9ebe-42db-a040-b1773b1bcfb5,54f78d73-e07a-4863-bb29-3c9517a716d3,1,8000,8000,2025-10-13 20:57:07,completed
98e5085a-8b78-4efb-8917-d5b9856542b3,ORD-20251128-0117,ff70de0a-9ebe-42db-a040-b1773b1bcfb5,8969e32c-0606-49f8-8262-28a337d93839,1,9000,9000,2025-10-13 20:57:07,completed
a79e97e5-b7ff-4ecb-ae29-005c26d729c5,ORD-20251128-0117,ff70de0a-9ebe-42db-a040-b1773b1bcfb5,0e462ced-37f3-4960-bd58-1461ae7cebe2,4,6000,24000,2025-10-13 20:57:07,completed
3c107c43-8857-47f9-8301-c3a062805adb,ORD-20251128-0118,612e799f-2782-4b21-ac5c-6ac5bd3b9e8a,f3093aaa-5474-468c-9b8d-9ef9a28956b9,1,40000,40000,2025-10-01 20:57:07,processing
bed868d2-71c4-4523-a230-b5158c266f85,ORD-20251128-0118,612e799f-2782-4b21-ac5c-6ac5bd3b9e8a,70710b93-2b14-4674-a243-b919d6002c48,1,85000,85000,2025-10-01 20:57:07,processing
a7b56372-c8e6-4aa4-b865-c1235d5cbeb6,ORD-20251128-0118,612e799f-2782-4b21-ac5c-6ac5bd3b9e8a,b3cc44f1-f3c1-4703-98d8-ac40cb387187,1,70000,70000,2025-10-01 20:57:07,processing
25eeb6eb-1288-46d5-8b55-f54b38598aea,ORD-20251128-0119,612e799f-2782-4b21-ac5c-6ac5bd3b9e8a,b766b9d7-f3ae-4858-8273-7afc2b0d0ea9,4,35000,140000,2025-11-18 20:57:07,completed
3f61edb9-467a-431b-924a-215ceb1c2540,ORD-20251128-0119,612e799f-2782-4b21-ac5c-6ac5bd3b9e8a,0dcea2ff-2c7d-4349-81a4-9a922d251bc7,4,20000,80000,2025-11-18 20:57:07,completed
4c66cc93-b4c9-4549-bc12-7f6ea06ca517,ORD-20251128-0119,612e799f-2782-4b21-ac5c-6ac5bd3b9e8a,15a2b4b7-8e82-4815-84af-477582d6d4e8,4,45000,180000,2025-11-18 20:57:07,completed
c44fc44f-d3b8-4ba2-b728-ab9dccfca5dc,ORD-20251128-0120,aae116d2-7f3c-4a2d-9b6c-9633be3fd127,8e92045c-5e6e-49ed-ab90-b2f48ee054ac,1,18000,18000,2025-10-02 20:57:07,completed
06ef7af6-9d59-4394-ac38-bc8add3eb5b9,ORD-20251128-0120,aae116d2-7f3c-4a2d-9b6c-9633be3fd127,22dcfd0f-1989-4b3a-905e-4d4508483590,2,25000,50000,2025-10-02 20:57:07,completed
c2928140-242e-415f-9ca9-d7419d2a09e1,ORD-20251128-0120,aae116d2-7f3c-4a2d-9b6c-9633be3fd127,7c05ce84-5fba-401a-b3dd-6c1bb3434baa,2,4000,8000,2025-10-02 20:57:07,completed
8b530f91-5ef8-4a9f-8ef8-af4d44b1bce5,ORD-20251128-0121,339091db-a3ff-477a-b28f-19efbbf5f495,17ad20c4-a240-4058-b0d7-6bf0159238eb,4,38000,152000,2025-10-07 20:57:07,completed
fa1b164a-ac2a-4909-be2d-494a9f22e3cc,ORD-20251128-0121,339091db-a3ff-477a-b28f-19efbbf5f495,523853a9-14ec-4b71-8ea1-d85e92f1b94c,2,45000,90000,2025-10-07 20:57:07,completed
015d4a24-fc11-4316-850b-c43e8da3d400,ORD-20251128-0121,339091db-a3ff-477a-b28f-19efbbf5f495,9932efc2-6bf0-43a3-a3a9-22be92df3e72,1,42000,42000,2025-10-07 20:57:07,completed
424d9ef1-feac-48a8-be48-e11602902410,ORD-20251128-0122,d05444c6-b8e7-46e9-aec2-6d4dcef2cda5,22dcfd0f-1989-4b3a-905e-4d4508483590,1,25000,25000,2025-09-20 20:57:07,completed
4f98a912-f2d9-4896-91ac-c11afda2b9ae,ORD-20251128-0122,d05444c6-b8e7-46e9-aec2-6d4dcef2cda5,8e92045c-5e6e-49ed-ab90-b2f48ee054ac,5,18000,90000,2025-09-20 20:57:07,completed
e62f18a6-46dc-4e6f-ab11-ae8e69c64ef6,ORD-20251128-0122,d05444c6-b8e7-46e9-aec2-6d4dcef2cda5,7c05ce84-5fba-401a-b3dd-6c1bb3434baa,2,4000,8000,2025-09-20 20:57:07,completed
e0863760-e04e-4414-9932-584c4e6c3ce5,ORD-20251128-0123,1ad5e86a-1d26-431f-b684-6478baa5a883,54f78d73-e07a-4863-bb29-3c9517a716d3,4,8000,32000,2025-10-21 20:57:07,completed
24b15300-2232-4ac2-9ef0-a53124bd5617,ORD-20251128-0123,1ad5e86a-1d26-431f-b684-6478baa5a883,7720d4b9-00ca-4de7-9020-041265fc3107,2,28000,56000,2025-10-21 20:57:07,completed
fd8d4a67-e654-41d4-a0b8-dfa11b9e72f8,ORD-20251128-0123,1ad5e86a-1d26-431f-b684-6478baa5a883,70710b93-2b14-4674-a243-b919d6002c48,5,85000,425000,2025-10-21 20:57:07,completed
d48410ad-b43c-4daa-9bf0-eff6d959361e,ORD-20251128-0123,1ad5e86a-1d26-431f-b684-6478baa5a883,7a4af2f2-f55b-4300-a4ba-4406efcc350c,3,65000,195000,2025-10-21 20:57:07,completed
790a9585-bf2a-4439-bf21-4ec4e2d80508,ORD-20251128-0124,1ad5e86a-1d26-431f-b684-6478baa5a883,d64a383b-6112-47b7-a18e-a8cf9fa8fb21,4,32000,128000,2025-10-10 20:57:07,completed
a366078c-ba13-43cf-94a6-e09fd1ab76fb,ORD-20251128-0124,1ad5e86a-1d26-431f-b684-6478baa5a883,0c51b03f-00c3-4bac-b11c-de90b8ba27fd,4,12000,48000,2025-10-10 20:57:07,completed
fb75cc06-26c0-4f87-88ae-335c1c7d8f00,ORD-20251128-0125,d05444c6-b8e7-46e9-aec2-6d4dcef2cda5,566f0937-73b3-4115-b5aa-ddf548383135,2,3000,6000,2025-10-09 20:57:07,completed
b862247a-1f92-4780-8e5b-d4dfb3fa2c8a,ORD-20251128-0125,d05444c6-b8e7-46e9-aec2-6d4dcef2cda5,7c05ce84-5fba-401a-b3dd-6c1bb3434baa,5,4000,20000,2025-10-09 20:57:07,completed
b267e496-fab6-4c6d-9cff-c0281f842cc6,ORD-20251128-0125,d05444c6-b8e7-46e9-aec2-6d4dcef2cda5,8e92045c-5e6e-49ed-ab90-b2f48ee054ac,1,18000,18000,2025-10-09 20:57:07,completed
f2149fe4-f0f0-42c5-8c47-87c09bada6fd,ORD-20251128-0126,d05444c6-b8e7-46e9-aec2-6d4dcef2cda5,7c05ce84-5fba-401a-b3dd-6c1bb3434baa,1,4000,4000,2025-11-16 20:57:07,completed
6798b85f-2117-46ac-b8c8-91252c33ad0c,ORD-20251128-0126,d05444c6-b8e7-46e9-aec2-6d4dcef2cda5,566f0937-73b3-4115-b5aa-ddf548383135,2,3000,6000,2025-11-16 20:57:07,completed
170249fa-5552-4c51-84b9-196e19afb582,ORD-20251128-0126,d05444c6-b8e7-46e9-aec2-6d4dcef2cda5,22dcfd0f-1989-4b3a-905e-4d4508483590,2,25000,50000,2025-11-16 20:57:07,completed
69d3c0e8-079d-4f5e-b967-256290cc1a36,ORD-20251128-0127,da4f4e65-7433-4f4e-84ba-90a9f424ab7f,17ad20c4-a240-4058-b0d7-6bf0159238eb,2,38000,76000,2025-11-05 20:57:07,completed
9068205e-ff54-4b78-8e20-3617c6e26d51,ORD-20251128-0127,da4f4e65-7433-4f4e-84ba-90a9f424ab7f,0dca8dc1-02c9-4543-b856-b95d8bc5486c,1,35000,35000,2025-11-05 20:57:07,completed
495af9d6-01ba-48fc-95d4-275901ab01ab,ORD-20251128-0127,da4f4e65-7433-4f4e-84ba-90a9f424ab7f,22dcfd0f-1989-4b3a-905e-4d4508483590,5,25000,125000,2025-11-05 20:57:07,completed
c438aa7e-ed3d-4934-b829-872308e23a7f,ORD-20251128-0127,da4f4e65-7433-4f4e-84ba-90a9f424ab7f,7ff7d632-79f8-4a95-bcdf-dafb9b46899e,3,25000,75000,2025-11-05 20:57:07,completed
aacdce28-2fe3-4a8a-a89a-12f28644a243,ORD-20251128-0128,a280a790-efe9-490b-9be6-7d44e02f828b,e4016c30-6fdf-4bc0-8aac-90251ed59474,4,120000,480000,2025-11-06 20:57:07,completed
be8c1508-5dcc-4379-b275-1146268c85bc,ORD-20251128-0128,a280a790-efe9-490b-9be6-7d44e02f828b,81e681d5-8f1f-4f3d-b16f-268bc92305e5,4,22000,88000,2025-11-06 20:57:07,completed
6257de97-76d8-40a5-8137-895f1f564e46,ORD-20251128-0128,a280a790-efe9-490b-9be6-7d44e02f828b,af5f9e6c-806a-416d-aa71-951a0d5774fc,5,38000,190000,2025-11-06 20:57:07,completed
3302491d-833a-409f-8c7b-16052bd157cb,ORD-20251128-0129,ff70de0a-9ebe-42db-a040-b1773b1bcfb5,4d43fae2-9d28-488c-832a-de6f9f94087f,4,25000,100000,2025-09-06 20:57:07,completed
c2ef7639-d16b-4921-abe4-eb9e12a4d76a,ORD-20251128-0129,ff70de0a-9ebe-42db-a040-b1773b1bcfb5,b14d511b-20cd-43c7-9b49-f37c0a9d4e2e,2,8000,16000,2025-09-06 20:57:07,completed
ee3f5911-a256-4a41-b49c-03ea396cd872,ORD-20251128-0129,ff70de0a-9ebe-42db-a040-b1773b1bcfb5,1e23552f-bc5e-4208-9e11-427b901c022c,2,30000,60000,2025-09-06 20:57:07,completed
63ed29fb-e892-4768-9a5c-e4fa080ab68f,ORD-20251128-0129,ff70de0a-9ebe-42db-a040-b1773b1bcfb5,a0ab615e-653c-4623-96d5-7bc0121b23ee,1,95000,95000,2025-09-06 20:57:07,completed
989daa36-c8b8-44ae-ad26-5972072344eb,ORD-20251128-0130,339091db-a3ff-477a-b28f-19efbbf5f495,0c51b03f-00c3-4bac-b11c-de90b8ba27fd,5,12000,60000,2025-10-01 20:57:07,completed
02161eef-2e74-468c-ac9a-79d2c4423a12,ORD-20251128-0130,339091db-a3ff-477a-b28f-19efbbf5f495,395bced4-b52f-41d1-86f0-09eba3e7ca08,4,75000,300000,2025-10-01 20:57:07,completed
ead89abc-d1e6-4d8b-8978-95b537b90774,ORD-20251128-0130,339091db-a3ff-477a-b28f-19efbbf5f495,9932efc2-6bf0-43a3-a3a9-22be92df3e72,3,42000,126000,2025-10-01 20:57:07,completed
603e4a6e-bd3d-4b01-b13d-1ed4c399125a,ORD-20251128-0130,339091db-a3ff-477a-b28f-19efbbf5f495,a60dbf18-c1fb-474b-bff4-e8426cb2cc7a,4,35000,140000,2025-10-01 20:57:07,completed
ab533e16-6e06-4126-a4b2-0b26f013c3bf,ORD-20251128-0131,d47c8b39-984c-426b-903e-aba2ae2c9fb8,566f0937-73b3-4115-b5aa-ddf548383135,3,3000,9000,2025-10-04 20:57:07,completed
b003bd41-fc03-419d-ab89-7911e6207a77,ORD-20251128-0131,d47c8b39-984c-426b-903e-aba2ae2c9fb8,8e92045c-5e6e-49ed-ab90-b2f48ee054ac,5,18000,90000,2025-10-04 20:57:07,completed
6bff9e8f-0b03-44b0-a084-35604aebcc86,ORD-20251128-0131,d47c8b39-984c-426b-903e-aba2ae2c9fb8,7c05ce84-5fba-401a-b3dd-6c1bb3434baa,3,4000,12000,2025-10-04 20:57:07,completed
44f186fc-f7f1-4bb7-a965-b61ce36563a8,ORD-20251128-0132,ba4010ef-70bf-489b-b893-f0defdb98d05,9af10703-fa13-4473-8682-aa9d905205f6,1,6000,6000,2025-11-19 20:57:07,completed
3850d741-2004-4fc8-abd0-e60c2aaa1ca7,ORD-20251128-0132,ba4010ef-70bf-489b-b893-f0defdb98d05,8969e32c-0606-49f8-8262-28a337d93839,3,9000,27000,2025-11-19 20:57:07,completed
fca7cf1e-4bf0-4011-9e65-11285d15a3e3,ORD-20251128-0133,10437b60-348b-4211-8052-22724becf62a,8e92045c-5e6e-49ed-ab90-b2f48ee054ac,4,18000,72000,2025-09-17 20:57:07,cancelled
25d47260-e94e-4154-9911-bb8961060415,ORD-20251128-0133,10437b60-348b-4211-8052-22724becf62a,7c05ce84-5fba-401a-b3dd-6c1bb3434baa,3,4000,12000,2025-09-17 20:57:07,cancelled
7f5583fe-e9cd-43c1-ac4c-9976f7a93a89,ORD-20251128-0133,10437b60-348b-4211-8052-22724becf62a,22dcfd0f-1989-4b3a-905e-4d4508483590,5,25000,125000,2025-09-17 20:57:07,cancelled
73622e35-49b8-41a6-ba7c-4a5a1b936218,ORD-20251128-0134,51457108-5651-4917-aef4-01e005360bcb,17ad20c4-a240-4058-b0d7-6bf0159238eb,1,38000,38000,2025-11-07 20:57:07,completed
e50affc3-a1ba-41cd-8a52-864022f598b3,ORD-20251128-0134,51457108-5651-4917-aef4-01e005360bcb,a0ab615e-653c-4623-96d5-7bc0121b23ee,1,95000,95000,2025-11-07 20:57:07,completed
e6f2656d-178a-44a3-955d-65a6200a1947,ORD-20251128-0134,51457108-5651-4917-aef4-01e005360bcb,523853a9-14ec-4b71-8ea1-d85e92f1b94c,2,45000,90000,2025-11-07 20:57:07,completed
47196db1-807a-4f59-8bb5-01e058ce2a37,ORD-20251128-0135,51457108-5651-4917-aef4-01e005360bcb,17ad20c4-a240-4058-b0d7-6bf0159238eb,2,38000,76000,2025-11-26 20:57:07,completed
6219f6cf-61f1-40f8-b260-8089dec4fe7f,ORD-20251128-0135,51457108-5651-4917-aef4-01e005360bcb,a0ab615e-653c-4623-96d5-7bc0121b23ee,1,95000,95000,2025-11-26 20:57:07,completed
7958f695-de33-471b-afb4-ddf66fdc1b43,ORD-20251128-0135,51457108-5651-4917-aef4-01e005360bcb,523853a9-14ec-4b71-8ea1-d85e92f1b94c,5,45000,225000,2025-11-26 20:57:07,completed
a1898d40-2063-4eb9-8e86-e140df9028be,ORD-20251128-0136,d5cbcd09-6763-416c-b8bd-c5859f32ec8d,15a2b4b7-8e82-4815-84af-477582d6d4e8,5,45000,225000,2025-10-24 20:57:07,completed
3600b033-dce9-47bc-ba69-849ed92b951f,ORD-20251128-0136,d5cbcd09-6763-416c-b8bd-c5859f32ec8d,b766b9d7-f3ae-4858-8273-7afc2b0d0ea9,3,35000,105000,2025-10-24 20:57:07,completed
100e12b8-fb4a-4dd1-a024-7c98bdc2e77d,ORD-20251128-0136,d5cbcd09-6763-416c-b8bd-c5859f32ec8d,0dcea2ff-2c7d-4349-81a4-9a922d251bc7,5,20000,100000,2025-10-24 20:57:07,completed
eda1a2b6-9857-4a91-8bc4-72a4b4c9e917,ORD-20251128-0137,51e4f36f-1dc4-4382-a0c4-1f6fb0d356a5,7c05ce84-5fba-401a-b3dd-6c1bb3434baa,5,4000,20000,2025-09-06 20:57:07,completed
cd289c32-37f9-4d34-bde0-121280511f57,ORD-20251128-0137,51e4f36f-1dc4-4382-a0c4-1f6fb0d356a5,8e92045c-5e6e-49ed-ab90-b2f48ee054ac,2,18000,36000,2025-09-06 20:57:07,completed
d4e3a4d9-72a3-4133-aa40-c4e9759392e5,ORD-20251128-0137,51e4f36f-1dc4-4382-a0c4-1f6fb0d356a5,566f0937-73b3-4115-b5aa-ddf548383135,3,3000,9000,2025-09-06 20:57:07,completed
642a7ce4-bbe9-4060-845c-fff10c81c342,ORD-20251128-0138,ba4010ef-70bf-489b-b893-f0defdb98d05,70710b93-2b14-4674-a243-b919d6002c48,3,85000,255000,2025-09-25 20:57:07,completed
cfa0d2cb-1a74-43be-971e-f13fbac2990c,ORD-20251128-0138,ba4010ef-70bf-489b-b893-f0defdb98d05,b3cc44f1-f3c1-4703-98d8-ac40cb387187,3,70000,210000,2025-09-25 20:57:07,completed
aa7771d4-93db-4f2a-a6b9-8440a6c25743,ORD-20251128-0138,ba4010ef-70bf-489b-b893-f0defdb98d05,7a4af2f2-f55b-4300-a4ba-4406efcc350c,3,65000,195000,2025-09-25 20:57:07,completed
646d0d19-586b-4106-a258-deea2f945c3f,ORD-20251128-0139,d47c8b39-984c-426b-903e-aba2ae2c9fb8,395bced4-b52f-41d1-86f0-09eba3e7ca08,4,75000,300000,2025-11-07 20:57:07,completed
bc12c15b-ad3e-4efa-a3ab-9c9dd2c9160d,ORD-20251128-0139,d47c8b39-984c-426b-903e-aba2ae2c9fb8,1d377005-8099-4f51-83e9-91d4682e6397,1,15000,15000,2025-11-07 20:57:07,completed
460a0b71-d88c-4e94-82a1-658c3262f615,ORD-20251128-0140,991e985c-995f-4d63-817f-81d1ac478e0f,0dcea2ff-2c7d-4349-81a4-9a922d251bc7,5,20000,100000,2025-11-16 20:57:07,completed
55560277-edec-4984-b265-9b6a98df8ac7,ORD-20251128-0140,991e985c-995f-4d63-817f-81d1ac478e0f,b766b9d7-f3ae-4858-8273-7afc2b0d0ea9,3,35000,105000,2025-11-16 20:57:07,completed
fde40565-a230-4890-b5da-d720c66edfd4,ORD-20251128-0140,991e985c-995f-4d63-817f-81d1ac478e0f,15a2b4b7-8e82-4815-84af-477582d6d4e8,3,45000,135000,2025-11-16 20:57:07,completed
e0c7cc13-fa38-44a5-8ab6-e0b8f883c8fc,ORD-20251128-0141,d05444c6-b8e7-46e9-aec2-6d4dcef2cda5,566f0937-73b3-4115-b5aa-ddf548383135,2,3000,6000,2025-11-06 20:57:07,completed
fbfe5ac5-d825-4e3c-a6bf-a5881bcf2f7b,ORD-20251128-0141,d05444c6-b8e7-46e9-aec2-6d4dcef2cda5,7c05ce84-5fba-401a-b3dd-6c1bb3434baa,1,4000,4000,2025-11-06 20:57:07,completed
c11d9b45-455c-42f6-8451-bcab5f7bf48f,ORD-20251128-0141,d05444c6-b8e7-46e9-aec2-6d4dcef2cda5,22dcfd0f-1989-4b3a-905e-4d4508483590,2,25000,50000,2025-11-06 20:57:07,completed
65e8b363-4c38-4b6d-83ca-c1d786136b50,ORD-20251128-0142,d05444c6-b8e7-46e9-aec2-6d4dcef2cda5,0e462ced-37f3-4960-bd58-1461ae7cebe2,2,6000,12000,2025-10-09 20:57:07,completed
e5f8505f-02b9-4af7-8974-dfc2b48431c4,ORD-20251128-0142,d05444c6-b8e7-46e9-aec2-6d4dcef2cda5,36d6f0d3-a4e9-40e8-b4a0-f37ffdc98e80,3,7000,21000,2025-10-09 20:57:07,completed
4adf2634-b29a-4dcd-9e44-99d8ec01cff6,ORD-20251128-0142,d05444c6-b8e7-46e9-aec2-6d4dcef2cda5,8969e32c-0606-49f8-8262-28a337d93839,3,9000,27000,2025-10-09 20:57:07,completed
9bb77ed8-2323-416e-99df-583d628e88fc,ORD-20251128-0143,d05444c6-b8e7-46e9-aec2-6d4dcef2cda5,9932efc2-6bf0-43a3-a3a9-22be92df3e72,3,42000,126000,2025-11-27 20:57:07,completed
7f76e68e-74b6-4b05-8b94-726a3c311017,ORD-20251128-0143,d05444c6-b8e7-46e9-aec2-6d4dcef2cda5,a0ab615e-653c-4623-96d5-7bc0121b23ee,5,95000,475000,2025-11-27 20:57:07,completed
f8318461-d823-4ebe-a0bb-db988a81c8f3,ORD-20251128-0143,d05444c6-b8e7-46e9-aec2-6d4dcef2cda5,17ad20c4-a240-4058-b0d7-6bf0159238eb,2,38000,76000,2025-11-27 20:57:07,completed
3b328875-6431-4bac-9ec1-b7071416a099,ORD-20251128-0144,d05444c6-b8e7-46e9-aec2-6d4dcef2cda5,15a2b4b7-8e82-4815-84af-477582d6d4e8,4,45000,180000,2025-10-15 20:57:07,completed
f27e86fa-73f6-4ce7-a0ba-13c991924680,ORD-20251128-0144,d05444c6-b8e7-46e9-aec2-6d4dcef2cda5,b766b9d7-f3ae-4858-8273-7afc2b0d0ea9,1,35000,35000,2025-10-15 20:57:07,completed
aeedb30b-885a-49a0-9639-5b40e7c85bd5,ORD-20251128-0144,d05444c6-b8e7-46e9-aec2-6d4dcef2cda5,0dcea2ff-2c7d-4349-81a4-9a922d251bc7,2,20000,40000,2025-10-15 20:57:07,completed
ff13444d-a997-4112-bd7c-4fbe0c28e6b6,ORD-20251128-0145,d05444c6-b8e7-46e9-aec2-6d4dcef2cda5,8e92045c-5e6e-49ed-ab90-b2f48ee054ac,2,18000,36000,2025-11-03 20:57:07,completed
e913f46f-190c-49e1-8326-a276b04ac910,ORD-20251128-0145,d05444c6-b8e7-46e9-aec2-6d4dcef2cda5,22dcfd0f-1989-4b3a-905e-4d4508483590,5,25000,125000,2025-11-03 20:57:07,completed
a9eb2db0-e516-4376-b19d-b322a0947e0d,ORD-20251128-0145,d05444c6-b8e7-46e9-aec2-6d4dcef2cda5,7c05ce84-5fba-401a-b3dd-6c1bb3434baa,2,4000,8000,2025-11-03 20:57:07,completed
8f8ae5ac-9fdf-46d8-acb0-5474d9313953,ORD-20251128-0146,ff70de0a-9ebe-42db-a040-b1773b1bcfb5,8e92045c-5e6e-49ed-ab90-b2f48ee054ac,1,18000,18000,2025-11-06 20:57:07,completed
7119be4b-8c61-4823-93bf-41df5109af52,ORD-20251128-0146,ff70de0a-9ebe-42db-a040-b1773b1bcfb5,22dcfd0f-1989-4b3a-905e-4d4508483590,5,25000,125000,2025-11-06 20:57:07,completed
1f1e2510-1d71-4443-8756-f63141649ae6,ORD-20251128-0146,ff70de0a-9ebe-42db-a040-b1773b1bcfb5,566f0937-73b3-4115-b5aa-ddf548383135,4,3000,12000,2025-11-06 20:57:07,completed
b703e28a-9e7f-4dcc-a009-1408e07324e0,ORD-20251128-0147,d47c8b39-984c-426b-903e-aba2ae2c9fb8,7c05ce84-5fba-401a-b3dd-6c1bb3434baa,2,4000,8000,2025-11-14 20:57:07,completed
54f6dd4e-3895-4f9f-8ac0-41c4d1186e72,ORD-20251128-0147,d47c8b39-984c-426b-903e-aba2ae2c9fb8,566f0937-73b3-4115-b5aa-ddf548383135,1,3000,3000,2025-11-14 20:57:07,completed
64005a54-bfb2-4cfd-bed9-ad40330aa245,ORD-20251128-0147,d47c8b39-984c-426b-903e-aba2ae2c9fb8,8e92045c-5e6e-49ed-ab90-b2f48ee054ac,4,18000,72000,2025-11-14 20:57:07,completed
69156819-1b0b-41df-8eb3-f2f4c5645e7d,ORD-20251128-0148,d05444c6-b8e7-46e9-aec2-6d4dcef2cda5,8e92045c-5e6e-49ed-ab90-b2f48ee054ac,4,18000,72000,2025-09-13 20:57:07,completed
37244b47-1d9b-41ca-9d16-e1c8d877957b,ORD-20251128-0148,d05444c6-b8e7-46e9-aec2-6d4dcef2cda5,566f0937-73b3-4115-b5aa-ddf548383135,1,3000,3000,2025-09-13 20:57:07,completed
64f4c499-14f9-4eaa-b7e6-076395b131a7,ORD-20251128-0148,d05444c6-b8e7-46e9-aec2-6d4dcef2cda5,22dcfd0f-1989-4b3a-905e-4d4508483590,3,25000,75000,2025-09-13 20:57:07,completed
e1a4cf69-e74d-430f-98e2-f2fe94cbc465,ORD-20251128-0149,fd09d135-3d92-4afa-8f25-362828ce59ea,0dcea2ff-2c7d-4349-81a4-9a922d251bc7,5,20000,100000,2025-10-22 20:57:07,cancelled
0b5063d5-e8e4-4a25-aeab-e6ec947f5d05,ORD-20251128-0149,fd09d135-3d92-4afa-8f25-362828ce59ea,b766b9d7-f3ae-4858-8273-7afc2b0d0ea9,4,35000,140000,2025-10-22 20:57:07,cancelled
df7321af-d6c6-4493-b0ca-3b626da3ca85,ORD-20251128-0149,fd09d135-3d92-4afa-8f25-362828ce59ea,15a2b4b7-8e82-4815-84af-477582d6d4e8,1,45000,45000,2025-10-22 20:57:07,cancelled
cf6b8140-03cf-4413-9085-362c1647ba10,ORD-20251128-0150,339091db-a3ff-477a-b28f-19efbbf5f495,15a2b4b7-8e82-4815-84af-477582d6d4e8,2,45000,90000,2025-09-09 20:57:07,completed
23ab755a-d9eb-4c02-9743-b1d5c22bc421,ORD-20251128-0150,339091db-a3ff-477a-b28f-19efbbf5f495,0dcea2ff-2c7d-4349-81a4-9a922d251bc7,3,20000,60000,2025-09-09 20:57:07,completed
c4fe1074-1cbf-40cc-81b8-80b6b5d4ab1d,ORD-20251128-0150,339091db-a3ff-477a-b28f-19efbbf5f495,b766b9d7-f3ae-4858-8273-7afc2b0d0ea9,4,35000,140000,2025-09-09 20:57:07,completed
dba4e343-63d0-4eb4-a781-eea6ad6fc5ea,ORD-20251128-0151,d47c8b39-984c-426b-903e-aba2ae2c9fb8,0e462ced-37f3-4960-bd58-1461ae7cebe2,5,6000,30000,2025-08-30 20:57:07,completed
21e89e84-e711-46f4-81c4-4c52722f4ae8,ORD-20251128-0151,d47c8b39-984c-426b-903e-aba2ae2c9fb8,d17954aa-743b-4ff8-843f-baa9882e56a3,4,5000,20000,2025-08-30 20:57:07,completed
481ea3ff-37cf-4151-900e-de0f8128dd2f,ORD-20251128-0151,d47c8b39-984c-426b-903e-aba2ae2c9fb8,54f78d73-e07a-4863-bb29-3c9517a716d3,2,8000,16000,2025-08-30 20:57:07,completed
62e4d456-5d53-41f4-8464-88bf441056d6,ORD-20251128-0152,da4f4e65-7433-4f4e-84ba-90a9f424ab7f,0c51b03f-00c3-4bac-b11c-de90b8ba27fd,2,12000,24000,2025-09-03 20:57:07,completed
51af14f7-69f6-44e9-b151-08aaff54377a,ORD-20251128-0152,da4f4e65-7433-4f4e-84ba-90a9f424ab7f,81e681d5-8f1f-4f3d-b16f-268bc92305e5,4,22000,88000,2025-09-03 20:57:07,completed
cc4e78c5-e507-4fbc-8d2b-3a54e49d3eb9,ORD-20251128-0152,da4f4e65-7433-4f4e-84ba-90a9f424ab7f,1c47fbb5-9ffd-4919-b89b-58991b37a275,1,140000,140000,2025-09-03 20:57:07,completed
11a5e96f-b399-4674-8b40-55419469a922,ORD-20251128-0153,1ad5e86a-1d26-431f-b684-6478baa5a883,15a2b4b7-8e82-4815-84af-477582d6d4e8,3,45000,135000,2025-10-21 20:57:07,completed
8aeca25d-9310-469c-aae7-741770dfac72,ORD-20251128-0153,1ad5e86a-1d26-431f-b684-6478baa5a883,0dcea2ff-2c7d-4349-81a4-9a922d251bc7,4,20000,80000,2025-10-21 20:57:07,completed
2ae0943d-679f-464b-9a27-11d00563288f,ORD-20251128-0153,1ad5e86a-1d26-431f-b684-6478baa5a883,b766b9d7-f3ae-4858-8273-7afc2b0d0ea9,1,35000,35000,2025-10-21 20:57:07,completed
1d683940-a611-43bd-8393-7563009e66d0,ORD-20251128-0154,51e4f36f-1dc4-4382-a0c4-1f6fb0d356a5,7c05ce84-5fba-401a-b3dd-6c1bb3434baa,2,4000,8000,2025-10-21 20:57:07,completed
73be08ad-49e9-4a14-bd94-0f36d6033100,ORD-20251128-0154,51e4f36f-1dc4-4382-a0c4-1f6fb0d356a5,8e92045c-5e6e-49ed-ab90-b2f48ee054ac,2,18000,36000,2025-10-21 20:57:07,completed
6387d634-8a38-43f2-8b5e-03db0958f078,ORD-20251128-0154,51e4f36f-1dc4-4382-a0c4-1f6fb0d356a5,22dcfd0f-1989-4b3a-905e-4d4508483590,1,25000,25000,2025-10-21 20:57:07,completed
426435d2-71bf-45e8-a32f-00e573a4f1dd,ORD-20251128-0155,fd09d135-3d92-4afa-8f25-362828ce59ea,b3cc44f1-f3c1-4703-98d8-ac40cb387187,4,70000,280000,2025-10-24 20:57:07,completed
5f6268b9-288b-4db8-a2b7-05358d7813c5,ORD-20251128-0155,fd09d135-3d92-4afa-8f25-362828ce59ea,70710b93-2b14-4674-a243-b919d6002c48,2,85000,170000,2025-10-24 20:57:07,completed
7b2f541e-1374-4749-9512-2e5635d48e6d,ORD-20251128-0155,fd09d135-3d92-4afa-8f25-362828ce59ea,f3093aaa-5474-468c-9b8d-9ef9a28956b9,2,40000,80000,2025-10-24 20:57:07,completed
95bf6596-a840-4dcc-9b70-9ea54038e9b6,ORD-20251128-0156,d47c8b39-984c-426b-903e-aba2ae2c9fb8,8969e32c-0606-49f8-8262-28a337d93839,5,9000,45000,2025-10-03 20:57:07,completed
a8716b08-56dd-4670-8089-2b564fd94b05,ORD-20251128-0156,d47c8b39-984c-426b-903e-aba2ae2c9fb8,d17954aa-743b-4ff8-843f-baa9882e56a3,2,5000,10000,2025-10-03 20:57:07,completed
9599e854-c3cc-4758-8668-55b724d3257f,ORD-20251128-0156,d47c8b39-984c-426b-903e-aba2ae2c9fb8,36d6f0d3-a4e9-40e8-b4a0-f37ffdc98e80,5,7000,35000,2025-10-03 20:57:07,completed
0670c3e4-79bf-4326-8bed-8987c678eaa7,ORD-20251128-0157,612e799f-2782-4b21-ac5c-6ac5bd3b9e8a,0e462ced-37f3-4960-bd58-1461ae7cebe2,4,6000,24000,2025-10-23 20:57:07,completed
56868690-2159-42dc-b8d2-365d9c336c3b,ORD-20251128-0157,612e799f-2782-4b21-ac5c-6ac5bd3b9e8a,54f78d73-e07a-4863-bb29-3c9517a716d3,5,8000,40000,2025-10-23 20:57:07,completed
6560fa66-7b26-4c28-b28b-dae0d788ee5f,ORD-20251128-0157,612e799f-2782-4b21-ac5c-6ac5bd3b9e8a,d17954aa-743b-4ff8-843f-baa9882e56a3,5,5000,25000,2025-10-23 20:57:07,completed
a01d6688-b93d-4713-86d8-b353562b2004,ORD-20251128-0158,51457108-5651-4917-aef4-01e005360bcb,7a4af2f2-f55b-4300-a4ba-4406efcc350c,3,65000,195000,2025-09-16 20:57:07,completed
02607f02-3f8a-4213-885f-39bc0b4d0133,ORD-20251128-0158,51457108-5651-4917-aef4-01e005360bcb,b3cc44f1-f3c1-4703-98d8-ac40cb387187,2,70000,140000,2025-09-16 20:57:07,completed
3c942820-dea6-4b7d-bc8e-d6a9aad70f26,ORD-20251128-0158,51457108-5651-4917-aef4-01e005360bcb,457afb33-6e9d-4ad9-9f4c-b52be26e5f18,5,65000,325000,2025-09-16 20:57:07,completed
8fd0f985-182d-4f94-bde6-4374ea460500,ORD-20251128-0159,10437b60-348b-4211-8052-22724becf62a,36d6f0d3-a4e9-40e8-b4a0-f37ffdc98e80,4,7000,28000,2025-09-17 20:57:07,completed
b0c545db-21c7-4c9e-a629-5bf0c60e10c8,ORD-20251128-0159,10437b60-348b-4211-8052-22724becf62a,0e462ced-37f3-4960-bd58-1461ae7cebe2,3,6000,18000,2025-09-17 20:57:07,completed
57da0e9c-b7d8-418c-a7aa-cceb773d001b,ORD-20251128-0159,10437b60-348b-4211-8052-22724becf62a,d17954aa-743b-4ff8-843f-baa9882e56a3,5,5000,25000,2025-09-17 20:57:07,completed
1606f651-ffc3-4c94-b4e1-702979e7088b,ORD-20251128-0160,67e5fd1c-26a2-429b-9994-ba309e43ceee,b3cc44f1-f3c1-4703-98d8-ac40cb387187,2,70000,140000,2025-09-19 20:57:07,completed
e21951fa-b016-4029-8f1b-bb57faa13e60,ORD-20251128-0161,f637fadc-8fdc-4b7d-a0b7-724af70b2565,7ff7d632-79f8-4a95-bcdf-dafb9b46899e,2,25000,50000,2025-10-08 20:57:07,completed
0c761220-bc1a-46e6-b970-d4028ad94fe8,ORD-20251128-0161,f637fadc-8fdc-4b7d-a0b7-724af70b2565,a0ab615e-653c-4623-96d5-7bc0121b23ee,5,95000,475000,2025-10-08 20:57:07,completed
42275801-98d5-42de-8019-4de36260dc06,ORD-20251128-0161,f637fadc-8fdc-4b7d-a0b7-724af70b2565,2994aaf1-ae81-4d5c-97c7-ee6044ad977a,5,15000,75000,2025-10-08 20:57:07,completed
cc6d055f-430e-402b-978e-a90982fdebed,ORD-20251128-0161,f637fadc-8fdc-4b7d-a0b7-724af70b2565,f3093aaa-5474-468c-9b8d-9ef9a28956b9,2,40000,80000,2025-10-08 20:57:07,completed
fd2fb16c-dcb4-4841-9b09-b3871f6aae99,ORD-20251128-0162,612e799f-2782-4b21-ac5c-6ac5bd3b9e8a,22dcfd0f-1989-4b3a-905e-4d4508483590,1,25000,25000,2025-09-08 20:57:07,processing
19e84d2b-5459-4cf8-9b2f-1c9b6b0ac376,ORD-20251128-0162,612e799f-2782-4b21-ac5c-6ac5bd3b9e8a,8e92045c-5e6e-49ed-ab90-b2f48ee054ac,5,18000,90000,2025-09-08 20:57:07,processing
212149db-7c36-416b-b282-8a2d255d900b,ORD-20251128-0162,612e799f-2782-4b21-ac5c-6ac5bd3b9e8a,7c05ce84-5fba-401a-b3dd-6c1bb3434baa,2,4000,8000,2025-09-08 20:57:07,processing
e7d450f6-29b9-4f82-9226-dd3938c4cc94,ORD-20251128-0163,19fc1f86-de81-46c8-bb6f-d3570572efa4,7c05ce84-5fba-401a-b3dd-6c1bb3434baa,5,4000,20000,2025-09-30 20:57:07,completed
cc46a070-27a9-4b2e-ae9f-20e1a1226b60,ORD-20251128-0163,19fc1f86-de81-46c8-bb6f-d3570572efa4,22dcfd0f-1989-4b3a-905e-4d4508483590,1,25000,25000,2025-09-30 20:57:07,completed
137c525a-fea8-4993-9770-3dc50bac92e5,ORD-20251128-0163,19fc1f86-de81-46c8-bb6f-d3570572efa4,8e92045c-5e6e-49ed-ab90-b2f48ee054ac,5,18000,90000,2025-09-30 20:57:07,completed
440e971a-6f2a-4dfb-aeeb-15f0f78544de,ORD-20251128-0164,d47c8b39-984c-426b-903e-aba2ae2c9fb8,8969e32c-0606-49f8-8262-28a337d93839,1,9000,9000,2025-09-02 20:57:07,completed
3ff86f1d-da18-42c7-b3f7-ec6c1fc4e99d,ORD-20251128-0164,d47c8b39-984c-426b-903e-aba2ae2c9fb8,36d6f0d3-a4e9-40e8-b4a0-f37ffdc98e80,5,7000,35000,2025-09-02 20:57:07,completed
3403aacb-a731-4436-bf66-367dc4bb7f94,ORD-20251128-0164,d47c8b39-984c-426b-903e-aba2ae2c9fb8,d17954aa-743b-4ff8-843f-baa9882e56a3,5,5000,25000,2025-09-02 20:57:07,completed
a473653c-35e4-48aa-a05e-d392042906c8,ORD-20251128-0165,67e5fd1c-26a2-429b-9994-ba309e43ceee,70710b93-2b14-4674-a243-b919d6002c48,2,85000,170000,2025-09-25 20:57:07,completed
7559b73d-ea3f-43d0-bc06-61dc820c9b16,ORD-20251128-0165,67e5fd1c-26a2-429b-9994-ba309e43ceee,b3cc44f1-f3c1-4703-98d8-ac40cb387187,5,70000,350000,2025-09-25 20:57:07,completed
0783c4a7-c7eb-4c25-b6a0-a098aec5416e,ORD-20251128-0165,67e5fd1c-26a2-429b-9994-ba309e43ceee,f3093aaa-5474-468c-9b8d-9ef9a28956b9,3,40000,120000,2025-09-25 20:57:07,completed
eb462dd5-cdf6-4df2-a2fd-bb4547dcddb2,ORD-20251128-0166,67e5fd1c-26a2-429b-9994-ba309e43ceee,395bced4-b52f-41d1-86f0-09eba3e7ca08,3,75000,225000,2025-11-11 20:57:07,completed
e9e76550-95c8-4a35-959c-6f1ad54dc4e5,ORD-20251128-0166,67e5fd1c-26a2-429b-9994-ba309e43ceee,8969e32c-0606-49f8-8262-28a337d93839,2,9000,18000,2025-11-11 20:57:07,completed
384f322a-ac13-4930-bfc6-5b9240a8638c,ORD-20251128-0166,67e5fd1c-26a2-429b-9994-ba309e43ceee,b3cc44f1-f3c1-4703-98d8-ac40cb387187,1,70000,70000,2025-11-11 20:57:07,completed
652cfb8a-1e59-4bb8-9bf5-61a8d2fc51fa,ORD-20251128-0166,67e5fd1c-26a2-429b-9994-ba309e43ceee,0dca8dc1-02c9-4543-b856-b95d8bc5486c,2,35000,70000,2025-11-11 20:57:07,completed
8bcd4255-92d6-4f27-beb1-a75c7d8faeb1,ORD-20251128-0166,67e5fd1c-26a2-429b-9994-ba309e43ceee,e4016c30-6fdf-4bc0-8aac-90251ed59474,1,120000,120000,2025-11-11 20:57:07,completed
36ba4104-4a42-48b6-9716-9cc8a0aaa6c0,ORD-20251128-0167,d47c8b39-984c-426b-903e-aba2ae2c9fb8,523853a9-14ec-4b71-8ea1-d85e92f1b94c,4,45000,180000,2025-09-20 20:57:07,completed
040ca709-56d0-47b8-80fa-f65850f8883c,ORD-20251128-0167,d47c8b39-984c-426b-903e-aba2ae2c9fb8,9932efc2-6bf0-43a3-a3a9-22be92df3e72,3,42000,126000,2025-09-20 20:57:07,completed
270b9913-dfec-4faf-9f14-36746a442b2d,ORD-20251128-0167,d47c8b39-984c-426b-903e-aba2ae2c9fb8,a0ab615e-653c-4623-96d5-7bc0121b23ee,4,95000,380000,2025-09-20 20:57:07,completed
b202287b-25ac-4e35-8125-30741b5415d0,ORD-20251128-0168,51457108-5651-4917-aef4-01e005360bcb,81e681d5-8f1f-4f3d-b16f-268bc92305e5,5,22000,110000,2025-09-01 20:57:07,completed
5ad30700-5ee4-4e22-aadb-59158fdee450,ORD-20251128-0168,51457108-5651-4917-aef4-01e005360bcb,d17954aa-743b-4ff8-843f-baa9882e56a3,5,5000,25000,2025-09-01 20:57:07,completed
6aba5afc-ab0c-41f7-94af-31689e5e5f2a,ORD-20251128-0168,51457108-5651-4917-aef4-01e005360bcb,932a5d8b-c8d0-442f-91a5-4dc7dbe137f6,5,75000,375000,2025-09-01 20:57:07,completed
8da063c8-9758-4163-b17a-012470dddb02,ORD-20251128-0168,51457108-5651-4917-aef4-01e005360bcb,7a4af2f2-f55b-4300-a4ba-4406efcc350c,5,65000,325000,2025-09-01 20:57:07,completed
3c479729-b3b8-4e79-8cdf-c276ac263aec,ORD-20251128-0169,a280a790-efe9-490b-9be6-7d44e02f828b,17ad20c4-a240-4058-b0d7-6bf0159238eb,2,38000,76000,2025-09-30 20:57:07,completed
add109fe-9fb8-4391-8332-7b0d3d1137fe,ORD-20251128-0169,a280a790-efe9-490b-9be6-7d44e02f828b,523853a9-14ec-4b71-8ea1-d85e92f1b94c,4,45000,180000,2025-09-30 20:57:07,completed
f24f9190-18bd-441f-bf24-0fe12652b207,ORD-20251128-0169,a280a790-efe9-490b-9be6-7d44e02f828b,a0ab615e-653c-4623-96d5-7bc0121b23ee,1,95000,95000,2025-09-30 20:57:07,completed
4915adbf-15bb-46d1-9bc6-cfa0d23e08ea,ORD-20251128-0170,f637fadc-8fdc-4b7d-a0b7-724af70b2565,b3cc44f1-f3c1-4703-98d8-ac40cb387187,2,70000,140000,2025-10-02 20:57:07,completed
54d6b519-da35-4a11-abd3-db2cd3c610eb,ORD-20251128-0170,f637fadc-8fdc-4b7d-a0b7-724af70b2565,70710b93-2b14-4674-a243-b919d6002c48,5,85000,425000,2025-10-02 20:57:07,completed
5309cb42-0f81-4deb-82a8-cbc012afb8df,ORD-20251128-0170,f637fadc-8fdc-4b7d-a0b7-724af70b2565,7a4af2f2-f55b-4300-a4ba-4406efcc350c,2,65000,130000,2025-10-02 20:57:07,completed
21ecf8e8-2d07-4c24-8186-3bc15d6f1fcf,ORD-20251128-0171,10437b60-348b-4211-8052-22724becf62a,9932efc2-6bf0-43a3-a3a9-22be92df3e72,4,42000,168000,2025-11-19 20:57:07,completed
69352059-60fd-4a43-842a-e7378f80a8e9,ORD-20251128-0171,10437b60-348b-4211-8052-22724becf62a,523853a9-14ec-4b71-8ea1-d85e92f1b94c,5,45000,225000,2025-11-19 20:57:07,completed
5feb7c53-ab9e-4d90-b1d9-feac97ea4e06,ORD-20251128-0171,10437b60-348b-4211-8052-22724becf62a,17ad20c4-a240-4058-b0d7-6bf0159238eb,1,38000,38000,2025-11-19 20:57:07,completed
ce325b6c-84b2-4f87-bd0f-bb321b384bdc,ORD-20251128-0172,51457108-5651-4917-aef4-01e005360bcb,a0ab615e-653c-4623-96d5-7bc0121b23ee,4,95000,380000,2025-10-21 20:57:07,completed
fd3a2a41-8ff5-4373-bf19-b21b5c9e0205,ORD-20251128-0172,51457108-5651-4917-aef4-01e005360bcb,9932efc2-6bf0-43a3-a3a9-22be92df3e72,1,42000,42000,2025-10-21 20:57:07,completed
d72dd5bc-de07-4577-8dc1-ddc86dd05804,ORD-20251128-0172,51457108-5651-4917-aef4-01e005360bcb,17ad20c4-a240-4058-b0d7-6bf0159238eb,3,38000,114000,2025-10-21 20:57:07,completed
67cb4471-71e1-4853-8db9-75482e4cc5e2,ORD-20251128-0173,ff70de0a-9ebe-42db-a040-b1773b1bcfb5,d17954aa-743b-4ff8-843f-baa9882e56a3,5,5000,25000,2025-09-14 20:57:07,completed
31b17677-b911-45db-bb99-3c434d65e191,ORD-20251128-0173,ff70de0a-9ebe-42db-a040-b1773b1bcfb5,8969e32c-0606-49f8-8262-28a337d93839,3,9000,27000,2025-09-14 20:57:07,completed
331b5d1a-952a-4864-8813-a1db086105fb,ORD-20251128-0173,ff70de0a-9ebe-42db-a040-b1773b1bcfb5,36d6f0d3-a4e9-40e8-b4a0-f37ffdc98e80,1,7000,7000,2025-09-14 20:57:07,completed
3353fbcb-44c7-4a07-b428-f03ce4777d4e,ORD-20251128-0174,991e985c-995f-4d63-817f-81d1ac478e0f,7a4af2f2-f55b-4300-a4ba-4406efcc350c,5,65000,325000,2025-11-19 20:57:07,completed
bd44c2f8-4a7c-4044-a457-297ba0f0e9b1,ORD-20251128-0174,991e985c-995f-4d63-817f-81d1ac478e0f,f3093aaa-5474-468c-9b8d-9ef9a28956b9,2,40000,80000,2025-11-19 20:57:07,completed
33944728-032b-422d-89d1-06de06adcc31,ORD-20251128-0174,991e985c-995f-4d63-817f-81d1ac478e0f,b3cc44f1-f3c1-4703-98d8-ac40cb387187,4,70000,280000,2025-11-19 20:57:07,completed
de6db558-83aa-4b90-a3dc-6f837162e1b5,ORD-20251128-0175,aae116d2-7f3c-4a2d-9b6c-9633be3fd127,7c05ce84-5fba-401a-b3dd-6c1bb3434baa,5,4000,20000,2025-10-28 20:57:07,completed
b484eb4c-2b21-4c72-9a47-deabd086b117,ORD-20251128-0176,ff70de0a-9ebe-42db-a040-b1773b1bcfb5,54f78d73-e07a-4863-bb29-3c9517a716d3,3,8000,24000,2025-11-15 20:57:07,completed
2ef1df59-18d0-4e81-b2c1-a826070b3510,ORD-20251128-0176,ff70de0a-9ebe-42db-a040-b1773b1bcfb5,8969e32c-0606-49f8-8262-28a337d93839,2,9000,18000,2025-11-15 20:57:07,completed
01c2e9b3-4252-42b0-ae13-9b11f851e381,ORD-20251128-0176,ff70de0a-9ebe-42db-a040-b1773b1bcfb5,d17954aa-743b-4ff8-843f-baa9882e56a3,4,5000,20000,2025-11-15 20:57:07,completed
0ec21f51-4953-4d9e-b903-1a6713e2a155,ORD-20251128-0177,339091db-a3ff-477a-b28f-19efbbf5f495,0454da22-79c8-46da-941b-59e2e837b2d6,1,55000,55000,2025-11-07 20:57:07,completed
3299524f-26ce-4664-95e7-6dbb56d538c6,ORD-20251128-0177,339091db-a3ff-477a-b28f-19efbbf5f495,b766b9d7-f3ae-4858-8273-7afc2b0d0ea9,5,35000,175000,2025-11-07 20:57:07,completed
3f8bb0ed-3a9c-44eb-963e-f21af40f051e,ORD-20251128-0178,991e985c-995f-4d63-817f-81d1ac478e0f,9932efc2-6bf0-43a3-a3a9-22be92df3e72,5,42000,210000,2025-09-18 20:57:07,completed
a2867a2c-b53d-4e5d-b026-021201afb3ce,ORD-20251128-0178,991e985c-995f-4d63-817f-81d1ac478e0f,a0ab615e-653c-4623-96d5-7bc0121b23ee,4,95000,380000,2025-09-18 20:57:07,completed
febc8429-c822-4417-bcf6-016f0d8291b2,ORD-20251128-0178,991e985c-995f-4d63-817f-81d1ac478e0f,17ad20c4-a240-4058-b0d7-6bf0159238eb,3,38000,114000,2025-09-18 20:57:07,completed
61410049-461c-49eb-bd36-6a729c3ca3b0,ORD-20251128-0179,10437b60-348b-4211-8052-22724becf62a,0454da22-79c8-46da-941b-59e2e837b2d6,5,55000,275000,2025-10-14 20:57:07,completed
e5c6ed07-3bbe-49b1-acc1-c5598cb516aa,ORD-20251128-0179,10437b60-348b-4211-8052-22724becf62a,2994aaf1-ae81-4d5c-97c7-ee6044ad977a,1,15000,15000,2025-10-14 20:57:07,completed
b6991615-edce-4ab0-a898-5ef0835e45de,ORD-20251128-0179,10437b60-348b-4211-8052-22724becf62a,e4edb052-837f-4f83-aa21-da54a1e1c8e7,5,42000,210000,2025-10-14 20:57:07,completed
32c5df47-fd67-4e49-8b21-a1901d395930,ORD-20251128-0179,10437b60-348b-4211-8052-22724becf62a,35f6a297-a125-4617-a38c-8a49a7002cd9,2,5000,10000,2025-10-14 20:57:07,completed
369e6465-14a9-4010-bdee-940f40a680e8,ORD-20251128-0180,a280a790-efe9-490b-9be6-7d44e02f828b,5264a61a-da95-4ca9-8c42-c845a8fad53e,3,18000,54000,2025-11-08 20:57:07,completed
2672cb69-7a96-464c-9639-5f71c3a7c50d,ORD-20251128-0180,a280a790-efe9-490b-9be6-7d44e02f828b,932a5d8b-c8d0-442f-91a5-4dc7dbe137f6,3,75000,225000,2025-11-08 20:57:07,completed
e1cd699f-cee3-43de-8e39-af8e49f458e7,ORD-20251128-0180,a280a790-efe9-490b-9be6-7d44e02f828b,7c05ce84-5fba-401a-b3dd-6c1bb3434baa,5,4000,20000,2025-11-08 20:57:07,completed
ed186faa-9748-4c9b-9fc6-b25fe3e6362f,ORD-20251128-0180,a280a790-efe9-490b-9be6-7d44e02f828b,2414ebda-b693-4952-8dc6-1c7e6f18f861,1,22000,22000,2025-11-08 20:57:07,completed
14ba0ace-afd9-4cea-afce-bb9f34afec9c,ORD-20251128-0180,a280a790-efe9-490b-9be6-7d44e02f828b,8e92045c-5e6e-49ed-ab90-b2f48ee054ac,4,18000,72000,2025-11-08 20:57:07,completed
6cf86c99-c5af-430d-a77f-6b2af504706c,ORD-20251128-0181,19fc1f86-de81-46c8-bb6f-d3570572efa4,0dcea2ff-2c7d-4349-81a4-9a922d251bc7,5,20000,100000,2025-09-16 20:57:07,completed
d6efaae8-709d-4b81-b09f-f291a2f1ef2c,ORD-20251128-0181,19fc1f86-de81-46c8-bb6f-d3570572efa4,15a2b4b7-8e82-4815-84af-477582d6d4e8,3,45000,135000,2025-09-16 20:57:07,completed
b21a3db8-239b-43be-ab27-df01a2b74c2b,ORD-20251128-0181,19fc1f86-de81-46c8-bb6f-d3570572efa4,b766b9d7-f3ae-4858-8273-7afc2b0d0ea9,5,35000,175000,2025-09-16 20:57:07,completed
1c9d1722-2388-4bc2-bbec-25c827e39f09,ORD-20251128-0182,a280a790-efe9-490b-9be6-7d44e02f828b,8969e32c-0606-49f8-8262-28a337d93839,4,9000,36000,2025-10-04 20:57:07,completed
33af3ba3-b0a7-4174-abc0-8993752abf9a,ORD-20251128-0182,a280a790-efe9-490b-9be6-7d44e02f828b,d17954aa-743b-4ff8-843f-baa9882e56a3,2,5000,10000,2025-10-04 20:57:07,completed
d5a39569-8f08-465b-a984-1ced51a6cca4,ORD-20251128-0182,a280a790-efe9-490b-9be6-7d44e02f828b,36d6f0d3-a4e9-40e8-b4a0-f37ffdc98e80,4,7000,28000,2025-10-04 20:57:07,completed
7bf5a59b-53eb-4fc6-ac20-88b0f516a5a9,ORD-20251128-0183,10437b60-348b-4211-8052-22724becf62a,b3cc44f1-f3c1-4703-98d8-ac40cb387187,4,70000,280000,2025-10-21 20:57:07,completed
6a7fad79-20ae-4ebc-b52a-bf2539580850,ORD-20251128-0183,10437b60-348b-4211-8052-22724becf62a,7a4af2f2-f55b-4300-a4ba-4406efcc350c,5,65000,325000,2025-10-21 20:57:07,completed
ed35b54d-33ea-4a77-ac73-c215d023843d,ORD-20251128-0183,10437b60-348b-4211-8052-22724becf62a,f3093aaa-5474-468c-9b8d-9ef9a28956b9,4,40000,160000,2025-10-21 20:57:07,completed
44cc5fe9-0b17-4be5-8bf5-78707e76936e,ORD-20251128-0184,fd09d135-3d92-4afa-8f25-362828ce59ea,15a2b4b7-8e82-4815-84af-477582d6d4e8,4,45000,180000,2025-11-24 20:57:07,completed
27641106-fa8c-45cd-bc29-2630ff1882aa,ORD-20251128-0184,fd09d135-3d92-4afa-8f25-362828ce59ea,b766b9d7-f3ae-4858-8273-7afc2b0d0ea9,5,35000,175000,2025-11-24 20:57:07,completed
9682cb40-56df-43ac-b225-06026a655d2b,ORD-20251128-0184,fd09d135-3d92-4afa-8f25-362828ce59ea,0dcea2ff-2c7d-4349-81a4-9a922d251bc7,5,20000,100000,2025-11-24 20:57:07,completed
90d8d202-fdb2-4e63-9fc2-9da2097160d9,ORD-20251128-0185,fd09d135-3d92-4afa-8f25-362828ce59ea,0454da22-79c8-46da-941b-59e2e837b2d6,3,55000,165000,2025-09-04 20:57:07,completed
3b78f7ae-ef91-44f5-9fe9-de7106b20940,ORD-20251128-0186,fd09d135-3d92-4afa-8f25-362828ce59ea,0dcea2ff-2c7d-4349-81a4-9a922d251bc7,5,20000,100000,2025-11-19 20:57:07,completed
01700b76-decd-4651-8471-20fcf8057c5a,ORD-20251128-0186,fd09d135-3d92-4afa-8f25-362828ce59ea,b766b9d7-f3ae-4858-8273-7afc2b0d0ea9,5,35000,175000,2025-11-19 20:57:07,completed
59af2e85-ff1c-4ed3-af26-d83d00f4a656,ORD-20251128-0186,fd09d135-3d92-4afa-8f25-362828ce59ea,15a2b4b7-8e82-4815-84af-477582d6d4e8,5,45000,225000,2025-11-19 20:57:07,completed
dff97d82-a627-486f-9680-3d5fd10ed76b,ORD-20251128-0187,aae116d2-7f3c-4a2d-9b6c-9633be3fd127,e4edb052-837f-4f83-aa21-da54a1e1c8e7,1,42000,42000,2025-11-09 20:57:07,completed
cdb6797f-4558-4ee2-9c5a-6318db583f34,ORD-20251128-0187,aae116d2-7f3c-4a2d-9b6c-9633be3fd127,42d5ef1c-db95-411b-89fa-434505387edc,2,22000,44000,2025-11-09 20:57:07,completed
95758b69-b160-4bb8-b9e1-cea79de8e903,ORD-20251128-0188,a280a790-efe9-490b-9be6-7d44e02f828b,b3cc44f1-f3c1-4703-98d8-ac40cb387187,5,70000,350000,2025-10-09 20:57:07,completed
9f4c456a-5475-488e-bb3e-1013c7867b70,ORD-20251128-0188,a280a790-efe9-490b-9be6-7d44e02f828b,f3093aaa-5474-468c-9b8d-9ef9a28956b9,1,40000,40000,2025-10-09 20:57:07,completed
64eb79c0-aebc-4573-9d70-4ba494a9c2c4,ORD-20251128-0188,a280a790-efe9-490b-9be6-7d44e02f828b,7a4af2f2-f55b-4300-a4ba-4406efcc350c,5,65000,325000,2025-10-09 20:57:07,completed
993cc15f-294d-461b-a182-644ee103e2e9,ORD-20251128-0189,11e05a0b-c2b5-43f1-80f4-46b547188bb9,9932efc2-6bf0-43a3-a3a9-22be92df3e72,1,42000,42000,2025-09-17 20:57:07,completed
1aed94a4-4cad-4534-aad2-9f60e69918f7,ORD-20251128-0189,11e05a0b-c2b5-43f1-80f4-46b547188bb9,17ad20c4-a240-4058-b0d7-6bf0159238eb,5,38000,190000,2025-09-17 20:57:07,completed
05ba03cd-88bd-4dd1-be40-e9c7abe2e8bb,ORD-20251128-0189,11e05a0b-c2b5-43f1-80f4-46b547188bb9,a0ab615e-653c-4623-96d5-7bc0121b23ee,2,95000,190000,2025-09-17 20:57:07,completed
7d476fc1-637d-4a66-a539-565c8aba9c98,ORD-20251128-0190,f637fadc-8fdc-4b7d-a0b7-724af70b2565,7c05ce84-5fba-401a-b3dd-6c1bb3434baa,5,4000,20000,2025-09-19 20:57:07,completed
4fa6eb5f-aa10-4e9b-8230-017e99a062cd,ORD-20251128-0190,f637fadc-8fdc-4b7d-a0b7-724af70b2565,566f0937-73b3-4115-b5aa-ddf548383135,4,3000,12000,2025-09-19 20:57:07,completed
0a320374-65a0-4396-b052-9e0e7bf2c4b2,ORD-20251128-0190,f637fadc-8fdc-4b7d-a0b7-724af70b2565,22dcfd0f-1989-4b3a-905e-4d4508483590,3,25000,75000,2025-09-19 20:57:07,completed
92e89d2d-0efc-42bf-8fce-33710b7e6543,ORD-20251128-0191,51e4f36f-1dc4-4382-a0c4-1f6fb0d356a5,54f78d73-e07a-4863-bb29-3c9517a716d3,5,8000,40000,2025-09-01 20:57:07,processing
74cf5311-3389-47e1-af46-e7f045926bd9,ORD-20251128-0191,51e4f36f-1dc4-4382-a0c4-1f6fb0d356a5,d17954aa-743b-4ff8-843f-baa9882e56a3,1,5000,5000,2025-09-01 20:57:07,processing
93028194-f8e1-4f91-a974-ab239e279182,ORD-20251128-0191,51e4f36f-1dc4-4382-a0c4-1f6fb0d356a5,8969e32c-0606-49f8-8262-28a337d93839,3,9000,27000,2025-09-01 20:57:07,processing
c56e3565-afa3-4bc5-adfb-adaa8ed5aab6,ORD-20251128-0192,51e4f36f-1dc4-4382-a0c4-1f6fb0d356a5,22dcfd0f-1989-4b3a-905e-4d4508483590,2,25000,50000,2025-10-09 20:57:07,completed
e08e96ed-ef5c-4734-9ca4-360bac854ffa,ORD-20251128-0192,51e4f36f-1dc4-4382-a0c4-1f6fb0d356a5,7c05ce84-5fba-401a-b3dd-6c1bb3434baa,4,4000,16000,2025-10-09 20:57:07,completed
d6497199-07a5-4317-85dc-bb577bb6c45b,ORD-20251128-0192,51e4f36f-1dc4-4382-a0c4-1f6fb0d356a5,8e92045c-5e6e-49ed-ab90-b2f48ee054ac,4,18000,72000,2025-10-09 20:57:07,completed
4400223a-cf3c-4746-b912-8efd53d45645,ORD-20251128-0193,ff70de0a-9ebe-42db-a040-b1773b1bcfb5,e4edb052-837f-4f83-aa21-da54a1e1c8e7,3,42000,126000,2025-10-22 20:57:07,completed
af7969ab-7fc6-44f9-91c1-14c07ece59ec,ORD-20251128-0193,ff70de0a-9ebe-42db-a040-b1773b1bcfb5,af5f9e6c-806a-416d-aa71-951a0d5774fc,3,38000,114000,2025-10-22 20:57:07,completed
ca533739-b9b2-4dfd-b8fb-8585af324903,ORD-20251128-0194,da4f4e65-7433-4f4e-84ba-90a9f424ab7f,523853a9-14ec-4b71-8ea1-d85e92f1b94c,2,45000,90000,2025-09-05 20:57:07,completed
fc4fc908-60d6-49c9-84fa-a3fb7f01692b,ORD-20251128-0194,da4f4e65-7433-4f4e-84ba-90a9f424ab7f,17ad20c4-a240-4058-b0d7-6bf0159238eb,5,38000,190000,2025-09-05 20:57:07,completed
9bbffd5a-af0b-481d-8901-75bf3b732596,ORD-20251128-0194,da4f4e65-7433-4f4e-84ba-90a9f424ab7f,a0ab615e-653c-4623-96d5-7bc0121b23ee,2,95000,190000,2025-09-05 20:57:07,completed
3332ed13-4288-482a-b451-65024be10fb6,ORD-20251128-0195,da4f4e65-7433-4f4e-84ba-90a9f424ab7f,15a2b4b7-8e82-4815-84af-477582d6d4e8,2,45000,90000,2025-10-09 20:57:07,completed
67ed2f22-66ec-49dd-86a1-4369656d3981,ORD-20251128-0195,da4f4e65-7433-4f4e-84ba-90a9f424ab7f,523853a9-14ec-4b71-8ea1-d85e92f1b94c,3,45000,135000,2025-10-09 20:57:07,completed
3c77e0a5-71ce-464e-83cf-0a46197100a2,ORD-20251128-0195,da4f4e65-7433-4f4e-84ba-90a9f424ab7f,d17954aa-743b-4ff8-843f-baa9882e56a3,5,5000,25000,2025-10-09 20:57:07,completed
acbf8689-d589-4ad4-a374-9547cb4d5ce5,ORD-20251128-0196,ff70de0a-9ebe-42db-a040-b1773b1bcfb5,e4edb052-837f-4f83-aa21-da54a1e1c8e7,5,42000,210000,2025-10-18 20:57:07,completed
b719f714-0cf1-484f-b2dd-2b7869d887b6,ORD-20251128-0196,ff70de0a-9ebe-42db-a040-b1773b1bcfb5,70710b93-2b14-4674-a243-b919d6002c48,3,85000,255000,2025-10-18 20:57:07,completed
dcb5dec9-c4b8-4807-93f5-2ac6dc600574,ORD-20251128-0196,ff70de0a-9ebe-42db-a040-b1773b1bcfb5,35f6a297-a125-4617-a38c-8a49a7002cd9,1,5000,5000,2025-10-18 20:57:07,completed
637a91a5-81f8-49b1-9539-8edba9003894,ORD-20251128-0197,a280a790-efe9-490b-9be6-7d44e02f828b,b766b9d7-f3ae-4858-8273-7afc2b0d0ea9,2,35000,70000,2025-10-31 20:57:07,completed
03efde66-28e2-4de4-a44a-284d97a24436,ORD-20251128-0197,a280a790-efe9-490b-9be6-7d44e02f828b,0dcea2ff-2c7d-4349-81a4-9a922d251bc7,3,20000,60000,2025-10-31 20:57:07,completed
f958d6c0-8a6c-46b4-aac0-4bb17400ce88,ORD-20251128-0197,a280a790-efe9-490b-9be6-7d44e02f828b,15a2b4b7-8e82-4815-84af-477582d6d4e8,5,45000,225000,2025-10-31 20:57:07,completed
030a4e7d-cc1d-40ef-b8b9-2786c77a4256,ORD-20251128-0198,fd09d135-3d92-4afa-8f25-362828ce59ea,7a4af2f2-f55b-4300-a4ba-4406efcc350c,1,65000,65000,2025-09-18 20:57:07,completed
5cdf0f12-6a10-473e-8f6b-ef864bd66ae4,ORD-20251128-0198,fd09d135-3d92-4afa-8f25-362828ce59ea,b3cc44f1-f3c1-4703-98d8-ac40cb387187,2,70000,140000,2025-09-18 20:57:07,completed
e128e232-dd71-4b70-aaec-1c0e185ba821,ORD-20251128-0198,fd09d135-3d92-4afa-8f25-362828ce59ea,70710b93-2b14-4674-a243-b919d6002c48,3,85000,255000,2025-09-18 20:57:07,completed
82db7061-feac-43e0-97c5-6ba8604fc125,ORD-20251128-0199,d47c8b39-984c-426b-903e-aba2ae2c9fb8,8e92045c-5e6e-49ed-ab90-b2f48ee054ac,4,18000,72000,2025-09-13 20:57:07,completed
7f3c2864-6b54-4e0c-bd0b-ba081c92f18d,ORD-20251128-0199,d47c8b39-984c-426b-903e-aba2ae2c9fb8,22dcfd0f-1989-4b3a-905e-4d4508483590,3,25000,75000,2025-09-13 20:57:07,completed
96e22ec9-3819-463a-8afc-7c03d4a49c3f,ORD-20251128-0199,d47c8b39-984c-426b-903e-aba2ae2c9fb8,7c05ce84-5fba-401a-b3dd-6c1bb3434baa,2,4000,8000,2025-09-13 20:57:07,completed
d97d3ff1-c629-4e88-9ba8-2a4e9ab8da74,ORD-20251128-0200,19fc1f86-de81-46c8-bb6f-d3570572efa4,22dcfd0f-1989-4b3a-905e-4d4508483590,5,25000,125000,2025-08-30 20:57:07,completed
547c351a-32e8-4956-921f-548d416c6190,ORD-20251128-0200,19fc1f86-de81-46c8-bb6f-d3570572efa4,8e92045c-5e6e-49ed-ab90-b2f48ee054ac,2,18000,36000,2025-08-30 20:57:07,completed
b5ae5bb0-0a26-46b8-83d0-4c85b70bc8de,ORD-20251128-0200,19fc1f86-de81-46c8-bb6f-d3570572efa4,566f0937-73b3-4115-b5aa-ddf548383135,4,3000,12000,2025-08-30 20:57:07,completed
6ab4e653-d915-49cd-8163-7610e7f89875,ORD-20251128-0201,991e985c-995f-4d63-817f-81d1ac478e0f,0dcea2ff-2c7d-4349-81a4-9a922d251bc7,2,20000,40000,2025-10-27 20:57:07,completed
03e40233-99c2-41b9-8458-f5f37da27058,ORD-20251128-0201,991e985c-995f-4d63-817f-81d1ac478e0f,b766b9d7-f3ae-4858-8273-7afc2b0d0ea9,3,35000,105000,2025-10-27 20:57:07,completed
529994c6-1aed-4c69-96b3-e1a785de17ff,ORD-20251128-0201,991e985c-995f-4d63-817f-81d1ac478e0f,15a2b4b7-8e82-4815-84af-477582d6d4e8,5,45000,225000,2025-10-27 20:57:07,completed
df709515-6021-4223-bf3d-21498efa898d,ORD-20251128-0202,fd09d135-3d92-4afa-8f25-362828ce59ea,9932efc2-6bf0-43a3-a3a9-22be92df3e72,5,42000,210000,2025-11-20 20:57:07,processing
e7c6076c-9bb7-4b63-942f-52dc7cc86cc1,ORD-20251128-0202,fd09d135-3d92-4afa-8f25-362828ce59ea,17ad20c4-a240-4058-b0d7-6bf0159238eb,1,38000,38000,2025-11-20 20:57:07,processing
9edfd333-335f-4302-9fab-8a87bbac29f0,ORD-20251128-0202,fd09d135-3d92-4afa-8f25-362828ce59ea,523853a9-14ec-4b71-8ea1-d85e92f1b94c,2,45000,90000,2025-11-20 20:57:07,processing
90827468-5a8f-450e-95ea-f84f7fcd2568,ORD-20251128-0203,51457108-5651-4917-aef4-01e005360bcb,36d6f0d3-a4e9-40e8-b4a0-f37ffdc98e80,5,7000,35000,2025-09-14 20:57:07,completed
c05495c1-4a6d-4a2d-8881-de533e135912,ORD-20251128-0203,51457108-5651-4917-aef4-01e005360bcb,54f78d73-e07a-4863-bb29-3c9517a716d3,5,8000,40000,2025-09-14 20:57:07,completed
8a4b680e-f043-4532-82db-a43d5ed7328b,ORD-20251128-0203,51457108-5651-4917-aef4-01e005360bcb,0e462ced-37f3-4960-bd58-1461ae7cebe2,5,6000,30000,2025-09-14 20:57:07,completed
202c1645-b35d-4fbd-af71-bf60830c45c3,ORD-20251128-0204,d47c8b39-984c-426b-903e-aba2ae2c9fb8,b766b9d7-f3ae-4858-8273-7afc2b0d0ea9,4,35000,140000,2025-11-13 20:57:07,completed
c1d4ef41-05ef-4de7-8109-7fec5c9d035e,ORD-20251128-0204,d47c8b39-984c-426b-903e-aba2ae2c9fb8,0dcea2ff-2c7d-4349-81a4-9a922d251bc7,1,20000,20000,2025-11-13 20:57:07,completed
3c9bfd7f-a9c5-4735-9bae-af0b237624e6,ORD-20251128-0204,d47c8b39-984c-426b-903e-aba2ae2c9fb8,15a2b4b7-8e82-4815-84af-477582d6d4e8,4,45000,180000,2025-11-13 20:57:07,completed
9e07da52-1c45-4b8a-b2c5-ebed52bdedb5,ORD-20251128-0205,67e5fd1c-26a2-429b-9994-ba309e43ceee,7c05ce84-5fba-401a-b3dd-6c1bb3434baa,3,4000,12000,2025-11-04 20:57:07,completed
53ed0176-6d5e-4b5e-a2d4-b14519322e78,ORD-20251128-0205,67e5fd1c-26a2-429b-9994-ba309e43ceee,8e92045c-5e6e-49ed-ab90-b2f48ee054ac,1,18000,18000,2025-11-04 20:57:07,completed
d89ffbaa-83f7-4d4f-877b-8f03a3c674b8,ORD-20251128-0205,67e5fd1c-26a2-429b-9994-ba309e43ceee,22dcfd0f-1989-4b3a-905e-4d4508483590,1,25000,25000,2025-11-04 20:57:07,completed
d305f34f-9bf8-407c-8651-0a599e62ae03,ORD-20251128-0206,1ad5e86a-1d26-431f-b684-6478baa5a883,f3093aaa-5474-468c-9b8d-9ef9a28956b9,3,40000,120000,2025-10-05 20:57:07,completed
9a82d8f3-e144-429d-a349-71b845adbcd4,ORD-20251128-0206,1ad5e86a-1d26-431f-b684-6478baa5a883,457afb33-6e9d-4ad9-9f4c-b52be26e5f18,4,65000,260000,2025-10-05 20:57:07,completed
a0d0caf6-bf5d-493b-84d6-d8efb1b8cf8b,ORD-20251128-0206,1ad5e86a-1d26-431f-b684-6478baa5a883,70710b93-2b14-4674-a243-b919d6002c48,3,85000,255000,2025-10-05 20:57:07,completed
17278ae0-0c62-4cff-ab26-fbe2e0657a78,ORD-20251128-0207,d47c8b39-984c-426b-903e-aba2ae2c9fb8,566f0937-73b3-4115-b5aa-ddf548383135,5,3000,15000,2025-11-09 20:57:07,completed
c1588f7d-8f9d-420b-bb2e-bf1fad7ad5a5,ORD-20251128-0207,d47c8b39-984c-426b-903e-aba2ae2c9fb8,70710b93-2b14-4674-a243-b919d6002c48,5,85000,425000,2025-11-09 20:57:07,completed
e368a466-4a91-4c04-a68a-c306f9928859,ORD-20251128-0207,d47c8b39-984c-426b-903e-aba2ae2c9fb8,b766b9d7-f3ae-4858-8273-7afc2b0d0ea9,5,35000,175000,2025-11-09 20:57:07,completed
a076a861-20ab-457b-a805-29179f3c3b1b,ORD-20251128-0207,d47c8b39-984c-426b-903e-aba2ae2c9fb8,523853a9-14ec-4b71-8ea1-d85e92f1b94c,2,45000,90000,2025-11-09 20:57:07,completed
f624d7b5-1f95-4e0f-a04d-280d8e4ad3d4,ORD-20251128-0207,d47c8b39-984c-426b-903e-aba2ae2c9fb8,54f78d73-e07a-4863-bb29-3c9517a716d3,4,8000,32000,2025-11-09 20:57:07,completed
68a76ef6-bd25-4ab3-93eb-96e217487fc1,ORD-20251128-0208,fd09d135-3d92-4afa-8f25-362828ce59ea,523853a9-14ec-4b71-8ea1-d85e92f1b94c,3,45000,135000,2025-09-16 20:57:07,completed
2e95fb98-ba84-4084-860e-1326d455ddf1,ORD-20251128-0208,fd09d135-3d92-4afa-8f25-362828ce59ea,17ad20c4-a240-4058-b0d7-6bf0159238eb,2,38000,76000,2025-09-16 20:57:07,completed
b5fad95b-8f0d-4078-a8ff-0779caadb17c,ORD-20251128-0208,fd09d135-3d92-4afa-8f25-362828ce59ea,9932efc2-6bf0-43a3-a3a9-22be92df3e72,5,42000,210000,2025-09-16 20:57:07,completed
7dc10e84-3bb2-47af-95d8-2c96f62fdadd,ORD-20251128-0209,fd09d135-3d92-4afa-8f25-362828ce59ea,b766b9d7-f3ae-4858-8273-7afc2b0d0ea9,2,35000,70000,2025-09-24 20:57:07,completed
fe6c70f7-bbf5-43cc-b441-2fe25b644369,ORD-20251128-0209,fd09d135-3d92-4afa-8f25-362828ce59ea,0dcea2ff-2c7d-4349-81a4-9a922d251bc7,5,20000,100000,2025-09-24 20:57:07,completed
6cc50f28-4b13-4f1f-b6d1-7c7d168f1999,ORD-20251128-0209,fd09d135-3d92-4afa-8f25-362828ce59ea,15a2b4b7-8e82-4815-84af-477582d6d4e8,4,45000,180000,2025-09-24 20:57:07,completed
c31a5646-caa3-460f-9e0a-793e1f7101d1,ORD-20251128-0210,51457108-5651-4917-aef4-01e005360bcb,7c05ce84-5fba-401a-b3dd-6c1bb3434baa,2,4000,8000,2025-09-29 20:57:07,completed
e5781671-eade-40cb-8388-c56154f232a3,ORD-20251128-0210,51457108-5651-4917-aef4-01e005360bcb,22dcfd0f-1989-4b3a-905e-4d4508483590,2,25000,50000,2025-09-29 20:57:07,completed
e3fec721-f5a5-4a5b-9fd9-060cfe2a2aac,ORD-20251128-0210,51457108-5651-4917-aef4-01e005360bcb,8e92045c-5e6e-49ed-ab90-b2f48ee054ac,2,18000,36000,2025-09-29 20:57:07,completed
29c912b2-1154-4542-8e69-bf2c071b2be7,ORD-20251128-0211,d05444c6-b8e7-46e9-aec2-6d4dcef2cda5,22dcfd0f-1989-4b3a-905e-4d4508483590,5,25000,125000,2025-09-26 20:57:07,completed
3cddd860-989a-45c9-b950-700bad6b74a2,ORD-20251128-0211,d05444c6-b8e7-46e9-aec2-6d4dcef2cda5,8e92045c-5e6e-49ed-ab90-b2f48ee054ac,3,18000,54000,2025-09-26 20:57:07,completed
9e8c51de-5632-4088-a675-dea8aaf89cf3,ORD-20251128-0211,d05444c6-b8e7-46e9-aec2-6d4dcef2cda5,566f0937-73b3-4115-b5aa-ddf548383135,1,3000,3000,2025-09-26 20:57:07,completed
1dac1386-5f5d-4dc1-85e3-2dc29b6f97ce,ORD-20251128-0212,1ad5e86a-1d26-431f-b684-6478baa5a883,17ad20c4-a240-4058-b0d7-6bf0159238eb,5,38000,190000,2025-11-25 20:57:07,completed
07b15bf1-cc3f-4e2d-badd-df2756bd430b,ORD-20251128-0212,1ad5e86a-1d26-431f-b684-6478baa5a883,a0ab615e-653c-4623-96d5-7bc0121b23ee,5,95000,475000,2025-11-25 20:57:07,completed
baf6d79d-96db-4ed4-930a-c058ea7c0fca,ORD-20251128-0212,1ad5e86a-1d26-431f-b684-6478baa5a883,9932efc2-6bf0-43a3-a3a9-22be92df3e72,4,42000,168000,2025-11-25 20:57:07,completed
eea356e0-4a34-4c92-8751-ea018e96c1d1,ORD-20251128-0213,51457108-5651-4917-aef4-01e005360bcb,566f0937-73b3-4115-b5aa-ddf548383135,4,3000,12000,2025-09-24 20:57:07,completed
44d07233-daae-4c19-93a9-333fd50726cb,ORD-20251128-0213,51457108-5651-4917-aef4-01e005360bcb,22dcfd0f-1989-4b3a-905e-4d4508483590,3,25000,75000,2025-09-24 20:57:07,completed
fd80d250-13e5-400e-88d8-d4164a75eb44,ORD-20251128-0213,51457108-5651-4917-aef4-01e005360bcb,8e92045c-5e6e-49ed-ab90-b2f48ee054ac,1,18000,18000,2025-09-24 20:57:07,completed
4a495ff8-51f8-4016-94e9-8fd3a1e6c2a3,ORD-20251128-0214,67e5fd1c-26a2-429b-9994-ba309e43ceee,36d6f0d3-a4e9-40e8-b4a0-f37ffdc98e80,4,7000,28000,2025-09-06 20:57:07,completed
9b4877c1-3e24-4bcb-a9ad-497be9ee5be8,ORD-20251128-0214,67e5fd1c-26a2-429b-9994-ba309e43ceee,54f78d73-e07a-4863-bb29-3c9517a716d3,3,8000,24000,2025-09-06 20:57:07,completed
79c249e6-b75b-4e58-a3ba-48069793548b,ORD-20251128-0214,67e5fd1c-26a2-429b-9994-ba309e43ceee,d17954aa-743b-4ff8-843f-baa9882e56a3,3,5000,15000,2025-09-06 20:57:07,completed
e7013af7-f572-43a6-a4f3-370893b73b8c,ORD-20251128-0215,d05444c6-b8e7-46e9-aec2-6d4dcef2cda5,566f0937-73b3-4115-b5aa-ddf548383135,3,3000,9000,2025-10-22 20:57:07,completed
b661de01-eabd-4344-9ffa-d6420a06e144,ORD-20251128-0215,d05444c6-b8e7-46e9-aec2-6d4dcef2cda5,8e92045c-5e6e-49ed-ab90-b2f48ee054ac,4,18000,72000,2025-10-22 20:57:07,completed
55fe4b3f-d62b-4eb2-b919-14f18333e50e,ORD-20251128-0215,d05444c6-b8e7-46e9-aec2-6d4dcef2cda5,22dcfd0f-1989-4b3a-905e-4d4508483590,2,25000,50000,2025-10-22 20:57:07,completed
e67620ae-d981-46c9-9264-d53990b2e0e6,ORD-20251128-0216,d47c8b39-984c-426b-903e-aba2ae2c9fb8,b766b9d7-f3ae-4858-8273-7afc2b0d0ea9,5,35000,175000,2025-11-28 20:57:07,completed
12b91a07-5cdf-41f2-b2f8-2136553880f2,ORD-20251128-0216,d47c8b39-984c-426b-903e-aba2ae2c9fb8,0dcea2ff-2c7d-4349-81a4-9a922d251bc7,2,20000,40000,2025-11-28 20:57:07,completed
f7e16d96-ee7e-4923-a753-a51c156204fd,ORD-20251128-0216,d47c8b39-984c-426b-903e-aba2ae2c9fb8,15a2b4b7-8e82-4815-84af-477582d6d4e8,5,45000,225000,2025-11-28 20:57:07,completed
4aeac5b8-a340-4be6-b09b-1ed0d0828dff,ORD-20251128-0217,51e4f36f-1dc4-4382-a0c4-1f6fb0d356a5,b766b9d7-f3ae-4858-8273-7afc2b0d0ea9,3,35000,105000,2025-10-04 20:57:07,completed
a36dce7a-9fd7-49e6-bfbe-7f853489afdf,ORD-20251128-0217,51e4f36f-1dc4-4382-a0c4-1f6fb0d356a5,5264a61a-da95-4ca9-8c42-c845a8fad53e,1,18000,18000,2025-10-04 20:57:07,completed
d0474533-fec2-4626-b434-7b4568b0f9a5,ORD-20251128-0217,51e4f36f-1dc4-4382-a0c4-1f6fb0d356a5,0926c326-915b-409d-b677-aae6696c87ab,1,4000,4000,2025-10-04 20:57:07,completed
ceb62aa8-6a68-41b4-b34f-7b903cd37b73,ORD-20251128-0217,51e4f36f-1dc4-4382-a0c4-1f6fb0d356a5,566f0937-73b3-4115-b5aa-ddf548383135,4,3000,12000,2025-10-04 20:57:07,completed
4b66b59b-9d26-43c8-8891-1b22c2dec8fb,ORD-20251128-0218,a280a790-efe9-490b-9be6-7d44e02f828b,54f78d73-e07a-4863-bb29-3c9517a716d3,1,8000,8000,2025-11-21 20:57:07,processing
59044a6b-e121-45d0-86d6-44f1a63d32f7,ORD-20251128-0218,a280a790-efe9-490b-9be6-7d44e02f828b,d17954aa-743b-4ff8-843f-baa9882e56a3,4,5000,20000,2025-11-21 20:57:07,processing
e3d014b3-cff5-416d-92ee-2d76057e91ec,ORD-20251128-0218,a280a790-efe9-490b-9be6-7d44e02f828b,36d6f0d3-a4e9-40e8-b4a0-f37ffdc98e80,4,7000,28000,2025-11-21 20:57:07,processing
a409c1bf-c642-4425-bc92-8e797b313f0b,ORD-20251128-0219,51457108-5651-4917-aef4-01e005360bcb,8e92045c-5e6e-49ed-ab90-b2f48ee054ac,2,18000,36000,2025-09-30 20:57:07,completed
1d21503c-7774-4518-af32-c928c3c105cb,ORD-20251128-0219,51457108-5651-4917-aef4-01e005360bcb,566f0937-73b3-4115-b5aa-ddf548383135,5,3000,15000,2025-09-30 20:57:07,completed
7b0bf81f-3be5-4659-b36e-97a41f3b6173,ORD-20251128-0219,51457108-5651-4917-aef4-01e005360bcb,7c05ce84-5fba-401a-b3dd-6c1bb3434baa,3,4000,12000,2025-09-30 20:57:07,completed
f4ef6866-8fe9-48cf-8119-28f8094bbb36,ORD-20251128-0220,991e985c-995f-4d63-817f-81d1ac478e0f,15a2b4b7-8e82-4815-84af-477582d6d4e8,5,45000,225000,2025-10-12 20:57:07,completed
29000b56-aa1a-4a2e-88af-270d21c4201d,ORD-20251128-0220,991e985c-995f-4d63-817f-81d1ac478e0f,b766b9d7-f3ae-4858-8273-7afc2b0d0ea9,4,35000,140000,2025-10-12 20:57:07,completed
ca6cf94e-2c21-4464-a7c6-6cc42aab50d1,ORD-20251128-0220,991e985c-995f-4d63-817f-81d1ac478e0f,0dcea2ff-2c7d-4349-81a4-9a922d251bc7,3,20000,60000,2025-10-12 20:57:07,completed
fe6db37c-59d6-40a6-9cd4-ae4e20056700,ORD-20251128-0221,1ad5e86a-1d26-431f-b684-6478baa5a883,7a4af2f2-f55b-4300-a4ba-4406efcc350c,3,65000,195000,2025-10-26 20:57:07,completed
fa65b809-232b-42e8-9779-2c5aa45d98dd,ORD-20251128-0221,1ad5e86a-1d26-431f-b684-6478baa5a883,f3093aaa-5474-468c-9b8d-9ef9a28956b9,3,40000,120000,2025-10-26 20:57:07,completed
a3bfd761-e080-466f-8254-9c6b57cdfe1b,ORD-20251128-0221,1ad5e86a-1d26-431f-b684-6478baa5a883,70710b93-2b14-4674-a243-b919d6002c48,5,85000,425000,2025-10-26 20:57:07,completed
30f607c0-daf7-4b26-bfdb-ccc99c9e27c7,ORD-20251128-0222,f637fadc-8fdc-4b7d-a0b7-724af70b2565,17ad20c4-a240-4058-b0d7-6bf0159238eb,5,38000,190000,2025-11-28 20:57:07,completed
2cb4560e-3028-484e-a636-201ecbf0826c,ORD-20251128-0222,f637fadc-8fdc-4b7d-a0b7-724af70b2565,9932efc2-6bf0-43a3-a3a9-22be92df3e72,4,42000,168000,2025-11-28 20:57:07,completed
c1695f36-19fb-44e2-a19a-18fffe81ee99,ORD-20251128-0222,f637fadc-8fdc-4b7d-a0b7-724af70b2565,523853a9-14ec-4b71-8ea1-d85e92f1b94c,2,45000,90000,2025-11-28 20:57:07,completed
697a4867-1294-4f41-9cc7-bb718294d882,ORD-20251128-0223,991e985c-995f-4d63-817f-81d1ac478e0f,0dcea2ff-2c7d-4349-81a4-9a922d251bc7,3,20000,60000,2025-11-18 20:57:07,processing
ad1215c5-c0b8-4ae8-b83d-086928224b6f,ORD-20251128-0223,991e985c-995f-4d63-817f-81d1ac478e0f,15a2b4b7-8e82-4815-84af-477582d6d4e8,3,45000,135000,2025-11-18 20:57:07,processing
39faa48f-93d0-4de0-887f-0d00ee85fa52,ORD-20251128-0223,991e985c-995f-4d63-817f-81d1ac478e0f,b766b9d7-f3ae-4858-8273-7afc2b0d0ea9,3,35000,105000,2025-11-18 20:57:07,processing
cfe32b2b-e920-4442-9585-cfde424316db,ORD-20251128-0224,a280a790-efe9-490b-9be6-7d44e02f828b,15a2b4b7-8e82-4815-84af-477582d6d4e8,3,45000,135000,2025-11-08 20:57:07,completed
737d56ec-c32d-403f-ad12-d6714aed2e7f,ORD-20251128-0224,a280a790-efe9-490b-9be6-7d44e02f828b,0dcea2ff-2c7d-4349-81a4-9a922d251bc7,3,20000,60000,2025-11-08 20:57:07,completed
6c8874dd-d532-415e-9bb8-8662370da44b,ORD-20251128-0224,a280a790-efe9-490b-9be6-7d44e02f828b,b766b9d7-f3ae-4858-8273-7afc2b0d0ea9,4,35000,140000,2025-11-08 20:57:07,completed
c372704e-6fc4-4715-8da3-f951e3b489a5,ORD-20251128-0225,fd09d135-3d92-4afa-8f25-362828ce59ea,566f0937-73b3-4115-b5aa-ddf548383135,3,3000,9000,2025-10-23 20:57:07,completed
1e7ac3bc-441a-4f70-aee0-ccf84cf6e151,ORD-20251128-0225,fd09d135-3d92-4afa-8f25-362828ce59ea,22dcfd0f-1989-4b3a-905e-4d4508483590,2,25000,50000,2025-10-23 20:57:07,completed
cf001121-10e5-4853-85ee-e1999e51c0b2,ORD-20251128-0225,fd09d135-3d92-4afa-8f25-362828ce59ea,7c05ce84-5fba-401a-b3dd-6c1bb3434baa,2,4000,8000,2025-10-23 20:57:07,completed
bea4c4eb-e1cb-4bf5-9890-94eaa75addb0,ORD-20251128-0226,a280a790-efe9-490b-9be6-7d44e02f828b,7c05ce84-5fba-401a-b3dd-6c1bb3434baa,2,4000,8000,2025-11-15 20:57:07,completed
b31b6a55-43a9-49b3-af06-a912a555abd6,ORD-20251128-0226,a280a790-efe9-490b-9be6-7d44e02f828b,54f78d73-e07a-4863-bb29-3c9517a716d3,5,8000,40000,2025-11-15 20:57:07,completed
872b3d7f-74d9-43c0-b54e-1991956e8f4d,ORD-20251128-0227,da4f4e65-7433-4f4e-84ba-90a9f424ab7f,15a2b4b7-8e82-4815-84af-477582d6d4e8,2,45000,90000,2025-09-17 20:57:07,completed
a73e8bff-954b-4feb-89cd-0743e6da3595,ORD-20251128-0227,da4f4e65-7433-4f4e-84ba-90a9f424ab7f,0dcea2ff-2c7d-4349-81a4-9a922d251bc7,4,20000,80000,2025-09-17 20:57:07,completed
0a32446f-d1e4-4dc9-82d9-badf617244bf,ORD-20251128-0227,da4f4e65-7433-4f4e-84ba-90a9f424ab7f,b766b9d7-f3ae-4858-8273-7afc2b0d0ea9,4,35000,140000,2025-09-17 20:57:07,completed
b1e97066-4e0b-4d7f-a140-5d2b4b9bfc26,ORD-20251128-0228,10437b60-348b-4211-8052-22724becf62a,98d8d5cb-c8f1-4a5a-ad69-bec1d221e519,2,15000,30000,2025-09-22 20:57:07,completed
93e5cfcb-f13e-4d5c-8eee-41fd3537946c,ORD-20251128-0229,fd09d135-3d92-4afa-8f25-362828ce59ea,b3cc44f1-f3c1-4703-98d8-ac40cb387187,1,70000,70000,2025-10-09 20:57:07,completed
329f5fad-046e-4598-94f9-83255bde42aa,ORD-20251128-0229,fd09d135-3d92-4afa-8f25-362828ce59ea,70710b93-2b14-4674-a243-b919d6002c48,4,85000,340000,2025-10-09 20:57:07,completed
7b0b22cf-3d57-4f76-8027-e6902f9e98ce,ORD-20251128-0229,fd09d135-3d92-4afa-8f25-362828ce59ea,7a4af2f2-f55b-4300-a4ba-4406efcc350c,3,65000,195000,2025-10-09 20:57:07,completed
b3327302-0f81-48c0-a598-5f66e6daaf90,ORD-20251128-0230,339091db-a3ff-477a-b28f-19efbbf5f495,9932efc2-6bf0-43a3-a3a9-22be92df3e72,5,42000,210000,2025-11-24 20:57:07,completed
a58d7269-e12e-44aa-b51d-a63befcf1cad,ORD-20251128-0230,339091db-a3ff-477a-b28f-19efbbf5f495,523853a9-14ec-4b71-8ea1-d85e92f1b94c,5,45000,225000,2025-11-24 20:57:07,completed
1b207bfe-774e-4875-81a6-146ebc53c627,ORD-20251128-0230,339091db-a3ff-477a-b28f-19efbbf5f495,a0ab615e-653c-4623-96d5-7bc0121b23ee,4,95000,380000,2025-11-24 20:57:07,completed
366e329c-9dd6-462d-b625-fb56895baf85,ORD-20251128-0231,10437b60-348b-4211-8052-22724becf62a,22dcfd0f-1989-4b3a-905e-4d4508483590,3,25000,75000,2025-10-28 20:57:07,completed
ed36d16f-ad8d-46bc-b6d2-968559bf3e74,ORD-20251128-0232,d47c8b39-984c-426b-903e-aba2ae2c9fb8,0454da22-79c8-46da-941b-59e2e837b2d6,3,55000,165000,2025-09-11 20:57:07,completed
4b3925e0-7c55-4c0a-a9b5-e97466aa2114,ORD-20251128-0232,d47c8b39-984c-426b-903e-aba2ae2c9fb8,f3093aaa-5474-468c-9b8d-9ef9a28956b9,4,40000,160000,2025-09-11 20:57:07,completed
4f5d075d-49d5-49df-aaab-84d65bfa4e88,ORD-20251128-0232,d47c8b39-984c-426b-903e-aba2ae2c9fb8,705e8518-49ce-4be4-a01b-fdc214f4ec72,5,28000,140000,2025-09-11 20:57:07,completed
516fc66f-7c1b-423b-8f5f-c94a39f8898d,ORD-20251128-0232,d47c8b39-984c-426b-903e-aba2ae2c9fb8,b766b9d7-f3ae-4858-8273-7afc2b0d0ea9,2,35000,70000,2025-09-11 20:57:07,completed
02207559-be5e-40a2-8dbf-77339c9af488,ORD-20251128-0233,ba4010ef-70bf-489b-b893-f0defdb98d05,0926c326-915b-409d-b677-aae6696c87ab,1,4000,4000,2025-09-03 20:57:07,completed
40f10c29-5d89-405d-a34b-5d2706c78cc4,ORD-20251128-0233,ba4010ef-70bf-489b-b893-f0defdb98d05,7ff7d632-79f8-4a95-bcdf-dafb9b46899e,2,25000,50000,2025-09-03 20:57:07,completed
94e917f1-b381-49dd-a5d3-6e4365c24cce,ORD-20251128-0233,ba4010ef-70bf-489b-b893-f0defdb98d05,7a4af2f2-f55b-4300-a4ba-4406efcc350c,2,65000,130000,2025-09-03 20:57:07,completed
ec4c7ef8-a85b-44fc-a53d-d6f8688f3d3d,ORD-20251128-0233,ba4010ef-70bf-489b-b893-f0defdb98d05,705e8518-49ce-4be4-a01b-fdc214f4ec72,5,28000,140000,2025-09-03 20:57:07,completed
e45a62bc-14ec-4312-971a-f47de4247ac6,ORD-20251128-0233,ba4010ef-70bf-489b-b893-f0defdb98d05,8e92045c-5e6e-49ed-ab90-b2f48ee054ac,1,18000,18000,2025-09-03 20:57:07,completed
ea26fb9b-f961-4cee-a0b7-d6721b666b09,ORD-20251128-0234,1ad5e86a-1d26-431f-b684-6478baa5a883,a60dbf18-c1fb-474b-bff4-e8426cb2cc7a,3,35000,105000,2025-10-13 20:57:07,completed
b6cfb14c-97c5-4e08-a7ab-1545c4ad7a84,ORD-20251128-0234,1ad5e86a-1d26-431f-b684-6478baa5a883,0454da22-79c8-46da-941b-59e2e837b2d6,3,55000,165000,2025-10-13 20:57:07,completed
b2ce244d-e898-475b-bd74-f4aa5d5c8722,ORD-20251128-0234,1ad5e86a-1d26-431f-b684-6478baa5a883,0dca8dc1-02c9-4543-b856-b95d8bc5486c,2,35000,70000,2025-10-13 20:57:07,completed
9c3d93a1-c5b0-4f6e-9dc0-6df15553a4a1,ORD-20251128-0235,51e4f36f-1dc4-4382-a0c4-1f6fb0d356a5,0dcea2ff-2c7d-4349-81a4-9a922d251bc7,5,20000,100000,2025-11-05 20:57:07,completed
96ba121e-381e-4c16-a392-9659fe650e49,ORD-20251128-0235,51e4f36f-1dc4-4382-a0c4-1f6fb0d356a5,15a2b4b7-8e82-4815-84af-477582d6d4e8,2,45000,90000,2025-11-05 20:57:07,completed
81a64986-62a6-4815-84f0-5ba24ecf4c7a,ORD-20251128-0235,51e4f36f-1dc4-4382-a0c4-1f6fb0d356a5,b766b9d7-f3ae-4858-8273-7afc2b0d0ea9,4,35000,140000,2025-11-05 20:57:07,completed
72f8f396-3fb0-4dbf-95b3-aac520f51b63,ORD-20251128-0236,991e985c-995f-4d63-817f-81d1ac478e0f,457afb33-6e9d-4ad9-9f4c-b52be26e5f18,2,65000,130000,2025-09-17 20:57:07,completed
4f68b4ef-f786-40cf-ab77-f0417e62ceed,ORD-20251128-0236,991e985c-995f-4d63-817f-81d1ac478e0f,70710b93-2b14-4674-a243-b919d6002c48,5,85000,425000,2025-09-17 20:57:07,completed
5b7272f2-ec39-40da-bcb7-1b4dc7af7b65,ORD-20251128-0236,991e985c-995f-4d63-817f-81d1ac478e0f,7a4af2f2-f55b-4300-a4ba-4406efcc350c,2,65000,130000,2025-09-17 20:57:07,completed
be54a375-fb36-4de3-961d-f0c491d35898,ORD-20251128-0237,51457108-5651-4917-aef4-01e005360bcb,7a4af2f2-f55b-4300-a4ba-4406efcc350c,2,65000,130000,2025-11-18 20:57:07,completed
0c484b64-ba98-4482-bda2-44b60618fa7f,ORD-20251128-0237,51457108-5651-4917-aef4-01e005360bcb,f3093aaa-5474-468c-9b8d-9ef9a28956b9,5,40000,200000,2025-11-18 20:57:07,completed
7849305b-3145-41ca-b600-2dcd827ddf69,ORD-20251128-0237,51457108-5651-4917-aef4-01e005360bcb,b3cc44f1-f3c1-4703-98d8-ac40cb387187,1,70000,70000,2025-11-18 20:57:07,completed
56318f77-f8c7-40c1-b47b-d1d41295d2a9,ORD-20251128-0238,51e4f36f-1dc4-4382-a0c4-1f6fb0d356a5,70710b93-2b14-4674-a243-b919d6002c48,1,85000,85000,2025-10-17 20:57:07,completed
41ae4ecd-7171-49bb-b185-6ccb0a5b1c0b,ORD-20251128-0239,d47c8b39-984c-426b-903e-aba2ae2c9fb8,70710b93-2b14-4674-a243-b919d6002c48,2,85000,170000,2025-11-27 20:57:07,completed
bc7a5475-9122-4c12-bcc2-2455315bd8b5,ORD-20251128-0239,d47c8b39-984c-426b-903e-aba2ae2c9fb8,f3093aaa-5474-468c-9b8d-9ef9a28956b9,1,40000,40000,2025-11-27 20:57:07,completed
3e48cb51-804f-48e2-b4cc-8a85dd3851de,ORD-20251128-0239,d47c8b39-984c-426b-903e-aba2ae2c9fb8,457afb33-6e9d-4ad9-9f4c-b52be26e5f18,3,65000,195000,2025-11-27 20:57:07,completed
a5e7716c-496b-4551-b588-fe5c7dab5ddc,ORD-20251128-0240,a280a790-efe9-490b-9be6-7d44e02f828b,22dcfd0f-1989-4b3a-905e-4d4508483590,5,25000,125000,2025-10-12 20:57:07,completed
39c4af39-09c0-4aa5-9c33-c9997f02bb97,ORD-20251128-0240,a280a790-efe9-490b-9be6-7d44e02f828b,7ff7d632-79f8-4a95-bcdf-dafb9b46899e,1,25000,25000,2025-10-12 20:57:07,completed
490a7281-5717-434a-870f-991874bb5f36,ORD-20251128-0240,a280a790-efe9-490b-9be6-7d44e02f828b,b3cc44f1-f3c1-4703-98d8-ac40cb387187,5,70000,350000,2025-10-12 20:57:07,completed
d1bb5eb9-7da5-4c8f-b736-1205827f161f,ORD-20251128-0240,a280a790-efe9-490b-9be6-7d44e02f828b,98d8d5cb-c8f1-4a5a-ad69-bec1d221e519,4,15000,60000,2025-10-12 20:57:07,completed
f99854eb-73c0-4460-bde6-3c23b1667bd8,ORD-20251128-0241,612e799f-2782-4b21-ac5c-6ac5bd3b9e8a,7c05ce84-5fba-401a-b3dd-6c1bb3434baa,3,4000,12000,2025-09-27 20:57:07,completed
17ac9fbe-628b-4b16-b83c-1bdbb4fb8e4c,ORD-20251128-0241,612e799f-2782-4b21-ac5c-6ac5bd3b9e8a,22dcfd0f-1989-4b3a-905e-4d4508483590,4,25000,100000,2025-09-27 20:57:07,completed
80a3bafa-608a-4688-bf35-bc6f0b6ae421,ORD-20251128-0241,612e799f-2782-4b21-ac5c-6ac5bd3b9e8a,8e92045c-5e6e-49ed-ab90-b2f48ee054ac,4,18000,72000,2025-09-27 20:57:07,completed
3d3d17d1-2511-42c4-bc39-f1b7cb66246d,ORD-20251128-0242,f637fadc-8fdc-4b7d-a0b7-724af70b2565,22dcfd0f-1989-4b3a-905e-4d4508483590,5,25000,125000,2025-11-07 20:57:07,completed
c381f02f-cfe3-45b6-8cc3-486617d24c8e,ORD-20251128-0242,f637fadc-8fdc-4b7d-a0b7-724af70b2565,566f0937-73b3-4115-b5aa-ddf548383135,3,3000,9000,2025-11-07 20:57:07,completed
353b30c9-65b5-4588-85ae-a1108acbe2af,ORD-20251128-0242,f637fadc-8fdc-4b7d-a0b7-724af70b2565,8e92045c-5e6e-49ed-ab90-b2f48ee054ac,2,18000,36000,2025-11-07 20:57:07,completed
0f715c07-2654-4779-b3de-9cd3339dbaec,ORD-20251128-0243,10437b60-348b-4211-8052-22724becf62a,1e23552f-bc5e-4208-9e11-427b901c022c,3,30000,90000,2025-11-22 20:57:07,completed
87194eac-aacd-49f4-bc7b-0a95dc4458db,ORD-20251128-0243,10437b60-348b-4211-8052-22724becf62a,7c05ce84-5fba-401a-b3dd-6c1bb3434baa,5,4000,20000,2025-11-22 20:57:07,completed
dfa52830-d170-42a3-a48b-bc6569e4d20f,ORD-20251128-0243,10437b60-348b-4211-8052-22724becf62a,d17954aa-743b-4ff8-843f-baa9882e56a3,4,5000,20000,2025-11-22 20:57:07,completed
24eab20d-8ed3-4c0c-b785-e67feec62101,ORD-20251128-0244,fd09d135-3d92-4afa-8f25-362828ce59ea,17ad20c4-a240-4058-b0d7-6bf0159238eb,1,38000,38000,2025-11-25 20:57:07,completed
6a6dfb56-6820-482d-bbd4-71d684c99682,ORD-20251128-0244,fd09d135-3d92-4afa-8f25-362828ce59ea,9932efc2-6bf0-43a3-a3a9-22be92df3e72,3,42000,126000,2025-11-25 20:57:07,completed
a7d9b9c8-e5e5-4414-a75f-b4fa1115522c,ORD-20251128-0244,fd09d135-3d92-4afa-8f25-362828ce59ea,a0ab615e-653c-4623-96d5-7bc0121b23ee,2,95000,190000,2025-11-25 20:57:07,completed
a3dfef67-87c0-4594-8957-07862321cd75,ORD-20251128-0245,10437b60-348b-4211-8052-22724becf62a,7a4af2f2-f55b-4300-a4ba-4406efcc350c,1,65000,65000,2025-11-08 20:57:07,completed
60304fe9-6dd3-437d-aef7-9e85a494b70f,ORD-20251128-0245,10437b60-348b-4211-8052-22724becf62a,70710b93-2b14-4674-a243-b919d6002c48,2,85000,170000,2025-11-08 20:57:07,completed
5ce9832d-3b05-40d6-9ab0-cf557cd42d62,ORD-20251128-0245,10437b60-348b-4211-8052-22724becf62a,457afb33-6e9d-4ad9-9f4c-b52be26e5f18,2,65000,130000,2025-11-08 20:57:07,completed
0a4c5701-1bef-4832-94fc-3612185c3ab2,ORD-20251128-0246,a280a790-efe9-490b-9be6-7d44e02f828b,b766b9d7-f3ae-4858-8273-7afc2b0d0ea9,1,35000,35000,2025-11-19 20:57:07,completed
76f15321-ed4d-43d4-9276-e4ec6e7412f5,ORD-20251128-0246,a280a790-efe9-490b-9be6-7d44e02f828b,15a2b4b7-8e82-4815-84af-477582d6d4e8,5,45000,225000,2025-11-19 20:57:07,completed
34c8afd3-a2cf-4e1b-a8c0-4839402c6c70,ORD-20251128-0246,a280a790-efe9-490b-9be6-7d44e02f828b,0dcea2ff-2c7d-4349-81a4-9a922d251bc7,3,20000,60000,2025-11-19 20:57:07,completed
67962437-d115-4fbf-a357-b33476b5d8d2,ORD-20251128-0247,10437b60-348b-4211-8052-22724becf62a,17ad20c4-a240-4058-b0d7-6bf0159238eb,2,38000,76000,2025-09-17 20:57:07,completed
6b6a1527-060a-4361-9abf-32df74a420c4,ORD-20251128-0247,10437b60-348b-4211-8052-22724becf62a,9932efc2-6bf0-43a3-a3a9-22be92df3e72,3,42000,126000,2025-09-17 20:57:07,completed
659a6959-0909-4007-a0f9-62b9b295eed5,ORD-20251128-0247,10437b60-348b-4211-8052-22724becf62a,a0ab615e-653c-4623-96d5-7bc0121b23ee,2,95000,190000,2025-09-17 20:57:07,completed
bea29bf7-87eb-4e3d-8074-ec3662905388,ORD-20251128-0248,67e5fd1c-26a2-429b-9994-ba309e43ceee,70710b93-2b14-4674-a243-b919d6002c48,5,85000,425000,2025-10-14 20:57:07,completed
f5a6c5cf-1b5a-460f-9042-8523cf094ef9,ORD-20251128-0248,67e5fd1c-26a2-429b-9994-ba309e43ceee,17ad20c4-a240-4058-b0d7-6bf0159238eb,2,38000,76000,2025-10-14 20:57:07,completed
8d3c66d2-7bd2-4ddd-b49c-7de845ab92a9,ORD-20251128-0248,67e5fd1c-26a2-429b-9994-ba309e43ceee,8969e32c-0606-49f8-8262-28a337d93839,5,9000,45000,2025-10-14 20:57:07,completed
068fc00c-d404-479e-a9d2-d7dbaded2ef7,ORD-20251128-0248,67e5fd1c-26a2-429b-9994-ba309e43ceee,0dcea2ff-2c7d-4349-81a4-9a922d251bc7,2,20000,40000,2025-10-14 20:57:07,completed
f97fdf2f-0ffe-44ba-ae81-b0d56ab2eed5,ORD-20251128-0248,67e5fd1c-26a2-429b-9994-ba309e43ceee,e4016c30-6fdf-4bc0-8aac-90251ed59474,1,120000,120000,2025-10-14 20:57:07,completed
7983d415-409d-4965-8a1e-48e90e788c05,ORD-20251128-0249,a280a790-efe9-490b-9be6-7d44e02f828b,566f0937-73b3-4115-b5aa-ddf548383135,3,3000,9000,2025-11-19 20:57:07,completed
893875e6-ea4a-4351-9e60-a00982d4be57,ORD-20251128-0249,a280a790-efe9-490b-9be6-7d44e02f828b,22dcfd0f-1989-4b3a-905e-4d4508483590,1,25000,25000,2025-11-19 20:57:07,completed
f4aad10b-02ac-41a5-836b-3d82ab7afc98,ORD-20251128-0249,a280a790-efe9-490b-9be6-7d44e02f828b,7c05ce84-5fba-401a-b3dd-6c1bb3434baa,3,4000,12000,2025-11-19 20:57:07,completed
ba0b34d3-a241-47d0-abcd-22b08a5dc73b,ORD-20251128-0250,51e4f36f-1dc4-4382-a0c4-1f6fb0d356a5,0e462ced-37f3-4960-bd58-1461ae7cebe2,5,6000,30000,2025-09-30 20:57:07,completed
c8f2793e-42ea-4596-b744-ef6c42894754,ORD-20251128-0250,51e4f36f-1dc4-4382-a0c4-1f6fb0d356a5,54f78d73-e07a-4863-bb29-3c9517a716d3,2,8000,16000,2025-09-30 20:57:07,completed
797a2f43-a6a1-427e-a228-9a283f6e617f,ORD-20251128-0250,51e4f36f-1dc4-4382-a0c4-1f6fb0d356a5,36d6f0d3-a4e9-40e8-b4a0-f37ffdc98e80,4,7000,28000,2025-09-30 20:57:07,completed
20763e2c-6e38-4ddf-b618-178c5ce97d6a,ORD-20251128-0251,d05444c6-b8e7-46e9-aec2-6d4dcef2cda5,a60dbf18-c1fb-474b-bff4-e8426cb2cc7a,4,35000,140000,2025-11-26 20:57:07,completed
e5f7c4a9-06fc-48a1-a227-7255a88e13e8,ORD-20251128-0251,d05444c6-b8e7-46e9-aec2-6d4dcef2cda5,70710b93-2b14-4674-a243-b919d6002c48,1,85000,85000,2025-11-26 20:57:07,completed
2edebb50-4317-4d1e-b6b3-9a7609e57ca4,ORD-20251128-0251,d05444c6-b8e7-46e9-aec2-6d4dcef2cda5,9932efc2-6bf0-43a3-a3a9-22be92df3e72,4,42000,168000,2025-11-26 20:57:07,completed
0f53dac5-f46e-479e-aac0-f56c0e574787,ORD-20251128-0251,d05444c6-b8e7-46e9-aec2-6d4dcef2cda5,d17954aa-743b-4ff8-843f-baa9882e56a3,5,5000,25000,2025-11-26 20:57:07,completed
a2d08fcc-777e-4b1a-ae16-a353c3d692b9,ORD-20251128-0252,fd09d135-3d92-4afa-8f25-362828ce59ea,42d5ef1c-db95-411b-89fa-434505387edc,4,22000,88000,2025-11-02 20:57:07,completed
cb852652-4916-4612-8b63-72b2101681cc,ORD-20251128-0252,fd09d135-3d92-4afa-8f25-362828ce59ea,d64a383b-6112-47b7-a18e-a8cf9fa8fb21,1,32000,32000,2025-11-02 20:57:07,completed
03ddcec5-b410-4aeb-b5f9-feb2a2180f04,ORD-20251128-0253,11e05a0b-c2b5-43f1-80f4-46b547188bb9,8e92045c-5e6e-49ed-ab90-b2f48ee054ac,3,18000,54000,2025-11-24 20:57:07,completed
1983c52f-8db9-4b8f-9904-d9aeefaf3c27,ORD-20251128-0253,11e05a0b-c2b5-43f1-80f4-46b547188bb9,22dcfd0f-1989-4b3a-905e-4d4508483590,2,25000,50000,2025-11-24 20:57:07,completed
27f69259-f3a8-4881-b98a-2463f8fbf36d,ORD-20251128-0253,11e05a0b-c2b5-43f1-80f4-46b547188bb9,566f0937-73b3-4115-b5aa-ddf548383135,4,3000,12000,2025-11-24 20:57:07,completed
acd23076-81e3-477d-9ba6-4687968c5973,ORD-20251128-0254,612e799f-2782-4b21-ac5c-6ac5bd3b9e8a,8969e32c-0606-49f8-8262-28a337d93839,4,9000,36000,2025-11-18 20:57:07,completed
25548284-7df8-4fd3-a746-8f7411c02252,ORD-20251128-0254,612e799f-2782-4b21-ac5c-6ac5bd3b9e8a,81e681d5-8f1f-4f3d-b16f-268bc92305e5,2,22000,44000,2025-11-18 20:57:07,completed
2d3f3e25-1475-4079-9471-046c5558b7a0,ORD-20251128-0255,da4f4e65-7433-4f4e-84ba-90a9f424ab7f,8e92045c-5e6e-49ed-ab90-b2f48ee054ac,5,18000,90000,2025-11-19 20:57:07,completed
6c3cde21-6b49-4eed-8db7-f83ddfec296f,ORD-20251128-0255,da4f4e65-7433-4f4e-84ba-90a9f424ab7f,22dcfd0f-1989-4b3a-905e-4d4508483590,5,25000,125000,2025-11-19 20:57:07,completed
d2b6c1ef-da27-4c35-90b1-c1ee0080e016,ORD-20251128-0255,da4f4e65-7433-4f4e-84ba-90a9f424ab7f,566f0937-73b3-4115-b5aa-ddf548383135,5,3000,15000,2025-11-19 20:57:07,completed
ac160850-229a-48bd-9d17-ec82d19f4590,ORD-20251128-0256,10437b60-348b-4211-8052-22724becf62a,566f0937-73b3-4115-b5aa-ddf548383135,1,3000,3000,2025-10-10 20:57:07,completed
cd16fc43-aef0-4ff4-be00-b27da66d2b20,ORD-20251128-0256,10437b60-348b-4211-8052-22724becf62a,22dcfd0f-1989-4b3a-905e-4d4508483590,4,25000,100000,2025-10-10 20:57:07,completed
faab9891-97f2-4a62-8b53-fa088960eb39,ORD-20251128-0256,10437b60-348b-4211-8052-22724becf62a,7c05ce84-5fba-401a-b3dd-6c1bb3434baa,5,4000,20000,2025-10-10 20:57:07,completed
5d490235-55b4-4dfc-94a3-7205fca6e9e1,ORD-20251128-0257,10437b60-348b-4211-8052-22724becf62a,15a2b4b7-8e82-4815-84af-477582d6d4e8,1,45000,45000,2025-10-03 20:57:07,completed
2a1144cf-e3a5-49dd-92f9-a9ba11dd0140,ORD-20251128-0257,10437b60-348b-4211-8052-22724becf62a,0dcea2ff-2c7d-4349-81a4-9a922d251bc7,2,20000,40000,2025-10-03 20:57:07,completed
1ac75118-6ee6-4de0-bf22-15197f2db89b,ORD-20251128-0257,10437b60-348b-4211-8052-22724becf62a,b766b9d7-f3ae-4858-8273-7afc2b0d0ea9,1,35000,35000,2025-10-03 20:57:07,completed
246480d1-f3d1-4c79-9dfe-3ecef0371368,ORD-20251128-0258,aae116d2-7f3c-4a2d-9b6c-9633be3fd127,8969e32c-0606-49f8-8262-28a337d93839,1,9000,9000,2025-09-12 20:57:07,completed
4b056e7e-397a-42b9-a0d3-5154acf70bb0,ORD-20251128-0258,aae116d2-7f3c-4a2d-9b6c-9633be3fd127,0e462ced-37f3-4960-bd58-1461ae7cebe2,5,6000,30000,2025-09-12 20:57:07,completed
925c68a1-45eb-4ee2-93ec-650ea199631b,ORD-20251128-0258,aae116d2-7f3c-4a2d-9b6c-9633be3fd127,36d6f0d3-a4e9-40e8-b4a0-f37ffdc98e80,1,7000,7000,2025-09-12 20:57:07,completed
0b70a5f3-5e50-4531-b33d-1db4cdb3df0a,ORD-20251128-0259,51e4f36f-1dc4-4382-a0c4-1f6fb0d356a5,b766b9d7-f3ae-4858-8273-7afc2b0d0ea9,5,35000,175000,2025-08-31 20:57:07,completed
932af8c5-1390-4a59-830f-086b34262575,ORD-20251128-0259,51e4f36f-1dc4-4382-a0c4-1f6fb0d356a5,15a2b4b7-8e82-4815-84af-477582d6d4e8,4,45000,180000,2025-08-31 20:57:07,completed
d6c94987-e3e6-4bf4-99d3-d9fc71c1fd4c,ORD-20251128-0259,51e4f36f-1dc4-4382-a0c4-1f6fb0d356a5,0dcea2ff-2c7d-4349-81a4-9a922d251bc7,5,20000,100000,2025-08-31 20:57:07,completed
cbbcb4b1-d9fa-48cd-897c-507806b7d713,ORD-20251128-0260,f637fadc-8fdc-4b7d-a0b7-724af70b2565,8969e32c-0606-49f8-8262-28a337d93839,4,9000,36000,2025-09-11 20:57:07,completed
c0cc43a5-def5-46cb-b64a-958c78356006,ORD-20251128-0260,f637fadc-8fdc-4b7d-a0b7-724af70b2565,54f78d73-e07a-4863-bb29-3c9517a716d3,2,8000,16000,2025-09-11 20:57:07,completed
f23a3c2c-ccd5-4e58-bbe2-b908791f87bb,ORD-20251128-0260,f637fadc-8fdc-4b7d-a0b7-724af70b2565,d17954aa-743b-4ff8-843f-baa9882e56a3,1,5000,5000,2025-09-11 20:57:07,completed
3e6c21fc-09ac-478b-8448-57eacc2c58e5,ORD-20251128-0261,612e799f-2782-4b21-ac5c-6ac5bd3b9e8a,7c05ce84-5fba-401a-b3dd-6c1bb3434baa,3,4000,12000,2025-10-16 20:57:07,completed
993169ac-507b-4ff3-8d1f-5d5458391baa,ORD-20251128-0261,612e799f-2782-4b21-ac5c-6ac5bd3b9e8a,566f0937-73b3-4115-b5aa-ddf548383135,2,3000,6000,2025-10-16 20:57:07,completed
0a17a037-d724-4dc0-9f75-211ee705b791,ORD-20251128-0261,612e799f-2782-4b21-ac5c-6ac5bd3b9e8a,8e92045c-5e6e-49ed-ab90-b2f48ee054ac,2,18000,36000,2025-10-16 20:57:07,completed
d3d3c82e-537d-4f42-a254-a087160c22c2,ORD-20251128-0262,a280a790-efe9-490b-9be6-7d44e02f828b,17ad20c4-a240-4058-b0d7-6bf0159238eb,2,38000,76000,2025-11-03 20:57:07,completed
3ec33a95-42b2-4c0d-a8fd-9b65a7a76e2b,ORD-20251128-0262,a280a790-efe9-490b-9be6-7d44e02f828b,a0ab615e-653c-4623-96d5-7bc0121b23ee,1,95000,95000,2025-11-03 20:57:07,completed
726c9753-b2d5-4d18-a732-93ee7425f37f,ORD-20251128-0262,a280a790-efe9-490b-9be6-7d44e02f828b,9932efc2-6bf0-43a3-a3a9-22be92df3e72,4,42000,168000,2025-11-03 20:57:07,completed
003ddd06-2455-479b-83ba-1112ff9cebc2,ORD-20251128-0263,19fc1f86-de81-46c8-bb6f-d3570572efa4,1e23552f-bc5e-4208-9e11-427b901c022c,1,30000,30000,2025-11-22 20:57:07,completed
ccdb5985-d02f-4cf2-8d40-3943a7d35e78,ORD-20251128-0263,19fc1f86-de81-46c8-bb6f-d3570572efa4,b766b9d7-f3ae-4858-8273-7afc2b0d0ea9,4,35000,140000,2025-11-22 20:57:07,completed
e3915553-67e1-4531-89eb-727e1a4ee221,ORD-20251128-0263,19fc1f86-de81-46c8-bb6f-d3570572efa4,42d5ef1c-db95-411b-89fa-434505387edc,4,22000,88000,2025-11-22 20:57:07,completed
4b15f5e0-7d33-47bb-8244-3a2f1bbff8ef,ORD-20251128-0263,19fc1f86-de81-46c8-bb6f-d3570572efa4,a0ab615e-653c-4623-96d5-7bc0121b23ee,3,95000,285000,2025-11-22 20:57:07,completed
849d4688-4aeb-4b7b-88f5-b3cee817eaf7,ORD-20251128-0264,da4f4e65-7433-4f4e-84ba-90a9f424ab7f,70710b93-2b14-4674-a243-b919d6002c48,3,85000,255000,2025-10-21 20:57:07,completed
2a2a1fc2-1bc2-49d1-9bbe-1f04f492e531,ORD-20251128-0264,da4f4e65-7433-4f4e-84ba-90a9f424ab7f,7a4af2f2-f55b-4300-a4ba-4406efcc350c,4,65000,260000,2025-10-21 20:57:07,completed
d97e2dda-fa23-44d3-8eea-f56188ea3946,ORD-20251128-0264,da4f4e65-7433-4f4e-84ba-90a9f424ab7f,457afb33-6e9d-4ad9-9f4c-b52be26e5f18,5,65000,325000,2025-10-21 20:57:07,completed
aad68f10-87bf-47ea-854d-4997006d83c3,ORD-20251128-0265,339091db-a3ff-477a-b28f-19efbbf5f495,566f0937-73b3-4115-b5aa-ddf548383135,2,3000,6000,2025-11-27 20:57:07,completed
2340ee5a-cfef-48d5-b6b7-eaabf16fd16c,ORD-20251128-0265,339091db-a3ff-477a-b28f-19efbbf5f495,22dcfd0f-1989-4b3a-905e-4d4508483590,1,25000,25000,2025-11-27 20:57:07,completed
ab5a45f5-35c0-4eca-b046-eace674894b9,ORD-20251128-0265,339091db-a3ff-477a-b28f-19efbbf5f495,7c05ce84-5fba-401a-b3dd-6c1bb3434baa,4,4000,16000,2025-11-27 20:57:07,completed
dfc22a50-e66e-40a3-bc09-08236e1323c7,ORD-20251128-0266,aae116d2-7f3c-4a2d-9b6c-9633be3fd127,9932efc2-6bf0-43a3-a3a9-22be92df3e72,5,42000,210000,2025-10-13 20:57:07,completed
65761f27-0782-40e5-90ae-a7bec09fc457,ORD-20251128-0266,aae116d2-7f3c-4a2d-9b6c-9633be3fd127,17ad20c4-a240-4058-b0d7-6bf0159238eb,1,38000,38000,2025-10-13 20:57:07,completed
2365631f-205f-4fad-aa90-58f8a24e78a1,ORD-20251128-0266,aae116d2-7f3c-4a2d-9b6c-9633be3fd127,a0ab615e-653c-4623-96d5-7bc0121b23ee,4,95000,380000,2025-10-13 20:57:07,completed
04e192a5-123e-40db-aa86-e8f1b0460cf6,ORD-20251128-0267,f637fadc-8fdc-4b7d-a0b7-724af70b2565,9932efc2-6bf0-43a3-a3a9-22be92df3e72,1,42000,42000,2025-10-31 20:57:07,completed
57606346-9289-469e-a42d-c40ae76afd76,ORD-20251128-0267,f637fadc-8fdc-4b7d-a0b7-724af70b2565,b14d511b-20cd-43c7-9b49-f37c0a9d4e2e,5,8000,40000,2025-10-31 20:57:07,completed
2a397a0f-5321-4fdd-af75-07fd63d9219f,ORD-20251128-0267,f637fadc-8fdc-4b7d-a0b7-724af70b2565,1c47fbb5-9ffd-4919-b89b-58991b37a275,1,140000,140000,2025-10-31 20:57:07,completed
a7e7f7b1-0dea-42cd-9549-9c6e2ddb2094,ORD-20251128-0268,ba4010ef-70bf-489b-b893-f0defdb98d05,b3cc44f1-f3c1-4703-98d8-ac40cb387187,1,70000,70000,2025-10-19 20:57:07,completed
ab44c057-2267-4d0b-a24d-38a29d90cabf,ORD-20251128-0268,ba4010ef-70bf-489b-b893-f0defdb98d05,7a4af2f2-f55b-4300-a4ba-4406efcc350c,2,65000,130000,2025-10-19 20:57:07,completed
acb59533-5051-4d0b-a968-e0faa94aa17b,ORD-20251128-0268,ba4010ef-70bf-489b-b893-f0defdb98d05,70710b93-2b14-4674-a243-b919d6002c48,5,85000,425000,2025-10-19 20:57:07,completed
45c31ee7-fde8-4008-a284-b7acaa650ebf,ORD-20251128-0269,a280a790-efe9-490b-9be6-7d44e02f828b,36d6f0d3-a4e9-40e8-b4a0-f37ffdc98e80,5,7000,35000,2025-09-04 20:57:07,completed
e0269a73-d9c8-4d1a-b176-b7957ae769cc,ORD-20251128-0269,a280a790-efe9-490b-9be6-7d44e02f828b,d17954aa-743b-4ff8-843f-baa9882e56a3,4,5000,20000,2025-09-04 20:57:07,completed
634f1c3a-067c-423c-b60c-4e2e4f6cfb76,ORD-20251128-0269,a280a790-efe9-490b-9be6-7d44e02f828b,0e462ced-37f3-4960-bd58-1461ae7cebe2,4,6000,24000,2025-09-04 20:57:07,completed
a0c57337-735d-4b71-a9ba-ae6b94bb6a0c,ORD-20251128-0270,991e985c-995f-4d63-817f-81d1ac478e0f,8e92045c-5e6e-49ed-ab90-b2f48ee054ac,1,18000,18000,2025-09-01 20:57:07,completed
050f6f34-a54d-44df-b6ce-dfa4c78eec04,ORD-20251128-0270,991e985c-995f-4d63-817f-81d1ac478e0f,566f0937-73b3-4115-b5aa-ddf548383135,1,3000,3000,2025-09-01 20:57:07,completed
5ca6fa81-7431-46da-807f-93c1af0087ee,ORD-20251128-0270,991e985c-995f-4d63-817f-81d1ac478e0f,7c05ce84-5fba-401a-b3dd-6c1bb3434baa,4,4000,16000,2025-09-01 20:57:07,completed
7fb3dc6c-c048-4d42-8499-30129a2e3572,ORD-20251128-0271,1ad5e86a-1d26-431f-b684-6478baa5a883,0dcea2ff-2c7d-4349-81a4-9a922d251bc7,5,20000,100000,2025-10-15 20:57:07,completed
0d3754b6-a508-4e28-a049-8ddabef75120,ORD-20251128-0271,1ad5e86a-1d26-431f-b684-6478baa5a883,b766b9d7-f3ae-4858-8273-7afc2b0d0ea9,2,35000,70000,2025-10-15 20:57:07,completed
4fa43899-4b84-4d33-8e31-4e92db9c0174,ORD-20251128-0271,1ad5e86a-1d26-431f-b684-6478baa5a883,15a2b4b7-8e82-4815-84af-477582d6d4e8,3,45000,135000,2025-10-15 20:57:07,completed
def9a0a5-b159-4e2a-bcca-cc5ec13bcc63,ORD-20251128-0272,991e985c-995f-4d63-817f-81d1ac478e0f,5264a61a-da95-4ca9-8c42-c845a8fad53e,4,18000,72000,2025-09-19 20:57:07,completed
4f5a70d6-c4c1-447c-8ef8-a3bbe50cf8c4,ORD-20251128-0273,f637fadc-8fdc-4b7d-a0b7-724af70b2565,70710b93-2b14-4674-a243-b919d6002c48,2,85000,170000,2025-11-06 20:57:07,completed
f303675a-fe8a-4257-9074-a6b6b53d1ae0,ORD-20251128-0273,f637fadc-8fdc-4b7d-a0b7-724af70b2565,457afb33-6e9d-4ad9-9f4c-b52be26e5f18,1,65000,65000,2025-11-06 20:57:07,completed
a29925a0-2856-476e-b8b3-a30faf3b25dd,ORD-20251128-0273,f637fadc-8fdc-4b7d-a0b7-724af70b2565,b3cc44f1-f3c1-4703-98d8-ac40cb387187,2,70000,140000,2025-11-06 20:57:07,completed
895c597f-3586-406b-a64b-8fd23d480296,ORD-20251128-0274,339091db-a3ff-477a-b28f-19efbbf5f495,8969e32c-0606-49f8-8262-28a337d93839,1,9000,9000,2025-10-15 20:57:07,completed
2e33caa0-3101-4065-8fc5-7b4c36224751,ORD-20251128-0274,339091db-a3ff-477a-b28f-19efbbf5f495,0e462ced-37f3-4960-bd58-1461ae7cebe2,2,6000,12000,2025-10-15 20:57:07,completed
2ac3b3f9-53cc-4fe4-b4cb-30753a98fb96,ORD-20251128-0274,339091db-a3ff-477a-b28f-19efbbf5f495,54f78d73-e07a-4863-bb29-3c9517a716d3,2,8000,16000,2025-10-15 20:57:07,completed
84cc9a40-8324-445d-95e0-7a2bc1a99d48,ORD-20251128-0275,19fc1f86-de81-46c8-bb6f-d3570572efa4,70710b93-2b14-4674-a243-b919d6002c48,1,85000,85000,2025-11-12 20:57:07,completed
a4c31bf3-8bf4-4275-8506-de949452c950,ORD-20251128-0275,19fc1f86-de81-46c8-bb6f-d3570572efa4,7a4af2f2-f55b-4300-a4ba-4406efcc350c,4,65000,260000,2025-11-12 20:57:07,completed
873d1799-f8b0-4b22-a306-85b9c4cfc5c1,ORD-20251128-0275,19fc1f86-de81-46c8-bb6f-d3570572efa4,b3cc44f1-f3c1-4703-98d8-ac40cb387187,5,70000,350000,2025-11-12 20:57:07,completed
b34ab26b-472e-4743-ab1b-2ebcb253d26e,ORD-20251128-0276,10437b60-348b-4211-8052-22724becf62a,70710b93-2b14-4674-a243-b919d6002c48,4,85000,340000,2025-09-29 20:57:07,completed
e7f9d30e-ea6d-4459-8a89-837245850e44,ORD-20251128-0276,10437b60-348b-4211-8052-22724becf62a,1e23552f-bc5e-4208-9e11-427b901c022c,2,30000,60000,2025-09-29 20:57:07,completed
68bac7c0-71fa-43bc-baff-ab5481bb4125,ORD-20251128-0276,10437b60-348b-4211-8052-22724becf62a,9af10703-fa13-4473-8682-aa9d905205f6,1,6000,6000,2025-09-29 20:57:07,completed
bd42ca30-640b-48ea-8364-32de8716cf3d,ORD-20251128-0277,51e4f36f-1dc4-4382-a0c4-1f6fb0d356a5,15a2b4b7-8e82-4815-84af-477582d6d4e8,3,45000,135000,2025-10-04 20:57:07,completed
9aa65ce4-0116-4018-99af-a920b5c2d192,ORD-20251128-0277,51e4f36f-1dc4-4382-a0c4-1f6fb0d356a5,b766b9d7-f3ae-4858-8273-7afc2b0d0ea9,4,35000,140000,2025-10-04 20:57:07,completed
d97917e6-9700-456a-b6de-4851d76820fc,ORD-20251128-0277,51e4f36f-1dc4-4382-a0c4-1f6fb0d356a5,0dcea2ff-2c7d-4349-81a4-9a922d251bc7,5,20000,100000,2025-10-04 20:57:07,completed
2d09e6a3-f515-4a74-9973-340838165699,ORD-20251128-0278,f637fadc-8fdc-4b7d-a0b7-724af70b2565,8969e32c-0606-49f8-8262-28a337d93839,4,9000,36000,2025-09-04 20:57:07,completed
816549f6-d992-47e7-af55-c61f0269bc01,ORD-20251128-0278,f637fadc-8fdc-4b7d-a0b7-724af70b2565,0e462ced-37f3-4960-bd58-1461ae7cebe2,2,6000,12000,2025-09-04 20:57:07,completed
5d6d9d41-43b4-450d-b9ed-bb828f33c814,ORD-20251128-0278,f637fadc-8fdc-4b7d-a0b7-724af70b2565,54f78d73-e07a-4863-bb29-3c9517a716d3,5,8000,40000,2025-09-04 20:57:07,completed
10cd1d3a-10a2-4f97-864e-9883babd6e74,ORD-20251128-0279,ff70de0a-9ebe-42db-a040-b1773b1bcfb5,9932efc2-6bf0-43a3-a3a9-22be92df3e72,4,42000,168000,2025-11-22 20:57:07,completed
2000b34c-adeb-4b37-a7ed-95056146ca15,ORD-20251128-0279,ff70de0a-9ebe-42db-a040-b1773b1bcfb5,0926c326-915b-409d-b677-aae6696c87ab,5,4000,20000,2025-11-22 20:57:07,completed
30992f36-f2b8-4471-9ca6-4e44217e74d4,ORD-20251128-0279,ff70de0a-9ebe-42db-a040-b1773b1bcfb5,47b15327-cc21-4675-9f1d-2ecf48c8f596,1,18000,18000,2025-11-22 20:57:07,completed
c8e60e30-ca86-420d-a22e-d359b248f33a,ORD-20251128-0280,51e4f36f-1dc4-4382-a0c4-1f6fb0d356a5,b766b9d7-f3ae-4858-8273-7afc2b0d0ea9,5,35000,175000,2025-10-16 20:57:07,completed
fcfbdc43-e5c4-4176-89c4-e940138159fb,ORD-20251128-0280,51e4f36f-1dc4-4382-a0c4-1f6fb0d356a5,15a2b4b7-8e82-4815-84af-477582d6d4e8,4,45000,180000,2025-10-16 20:57:07,completed
c8283e58-f28a-4290-a87d-7d9bbd34b6a8,ORD-20251128-0280,51e4f36f-1dc4-4382-a0c4-1f6fb0d356a5,0dcea2ff-2c7d-4349-81a4-9a922d251bc7,4,20000,80000,2025-10-16 20:57:07,completed
e6d2bb69-2750-4f0c-9feb-5c3bcab51046,ORD-20251128-0281,d05444c6-b8e7-46e9-aec2-6d4dcef2cda5,a0ab615e-653c-4623-96d5-7bc0121b23ee,5,95000,475000,2025-10-05 20:57:07,completed
7b136142-ff04-4b6e-a0fb-98f0f5acdbff,ORD-20251128-0281,d05444c6-b8e7-46e9-aec2-6d4dcef2cda5,17ad20c4-a240-4058-b0d7-6bf0159238eb,4,38000,152000,2025-10-05 20:57:07,completed
b477a2b9-e035-4006-9567-9953cb51bd48,ORD-20251128-0281,d05444c6-b8e7-46e9-aec2-6d4dcef2cda5,9932efc2-6bf0-43a3-a3a9-22be92df3e72,4,42000,168000,2025-10-05 20:57:07,completed
87287a90-3e58-4665-9778-0e900f7af5ac,ORD-20251128-0282,19fc1f86-de81-46c8-bb6f-d3570572efa4,566f0937-73b3-4115-b5aa-ddf548383135,5,3000,15000,2025-10-12 20:57:07,completed
33e4bda9-68ba-41c5-990a-89b445043120,ORD-20251128-0282,19fc1f86-de81-46c8-bb6f-d3570572efa4,8e92045c-5e6e-49ed-ab90-b2f48ee054ac,3,18000,54000,2025-10-12 20:57:07,completed
a9ac0a83-910a-497d-9c4d-44475041b560,ORD-20251128-0282,19fc1f86-de81-46c8-bb6f-d3570572efa4,7c05ce84-5fba-401a-b3dd-6c1bb3434baa,2,4000,8000,2025-10-12 20:57:07,completed
cd37eb90-1ac2-4de6-bd4c-2ffe0d28a656,ORD-20251128-0283,10437b60-348b-4211-8052-22724becf62a,8e92045c-5e6e-49ed-ab90-b2f48ee054ac,4,18000,72000,2025-09-08 20:57:07,completed
7c9fa086-6a7a-4eb5-9321-4fa01a9a7343,ORD-20251128-0283,10437b60-348b-4211-8052-22724becf62a,7c05ce84-5fba-401a-b3dd-6c1bb3434baa,5,4000,20000,2025-09-08 20:57:07,completed
e352f0fc-09e4-4356-9644-53e5cfa47382,ORD-20251128-0283,10437b60-348b-4211-8052-22724becf62a,566f0937-73b3-4115-b5aa-ddf548383135,4,3000,12000,2025-09-08 20:57:07,completed
99e99ff6-2527-4ae7-bc57-d29d1013099f,ORD-20251128-0284,d47c8b39-984c-426b-903e-aba2ae2c9fb8,b766b9d7-f3ae-4858-8273-7afc2b0d0ea9,3,35000,105000,2025-10-17 20:57:07,completed
de7edb1e-ded2-4b29-b205-cb65a3019a1a,ORD-20251128-0285,51e4f36f-1dc4-4382-a0c4-1f6fb0d356a5,54f78d73-e07a-4863-bb29-3c9517a716d3,3,8000,24000,2025-11-05 20:57:07,completed
00cf16d7-ba80-4049-8b79-2bfe5d29c2bc,ORD-20251128-0285,51e4f36f-1dc4-4382-a0c4-1f6fb0d356a5,8969e32c-0606-49f8-8262-28a337d93839,1,9000,9000,2025-11-05 20:57:07,completed
c05c0479-8338-4ba0-8b97-58911042bf67,ORD-20251128-0285,51e4f36f-1dc4-4382-a0c4-1f6fb0d356a5,d17954aa-743b-4ff8-843f-baa9882e56a3,1,5000,5000,2025-11-05 20:57:07,completed
20d8bf4e-6451-4241-89ba-5796f7874256,ORD-20251128-0286,aae116d2-7f3c-4a2d-9b6c-9633be3fd127,a0ab615e-653c-4623-96d5-7bc0121b23ee,4,95000,380000,2025-09-25 20:57:07,completed
423269df-e9ad-469a-a288-ee961d27888a,ORD-20251128-0286,aae116d2-7f3c-4a2d-9b6c-9633be3fd127,523853a9-14ec-4b71-8ea1-d85e92f1b94c,2,45000,90000,2025-09-25 20:57:07,completed
9ae8aa16-a308-414b-92a1-c7f1012050a6,ORD-20251128-0286,aae116d2-7f3c-4a2d-9b6c-9633be3fd127,9932efc2-6bf0-43a3-a3a9-22be92df3e72,5,42000,210000,2025-09-25 20:57:07,completed
25526656-8737-4146-96d5-e44da4dd9d7e,ORD-20251128-0287,10437b60-348b-4211-8052-22724becf62a,7c05ce84-5fba-401a-b3dd-6c1bb3434baa,2,4000,8000,2025-10-20 20:57:07,completed
8520b9cd-1d25-4d36-8333-5c660d2e1d8f,ORD-20251128-0287,10437b60-348b-4211-8052-22724becf62a,566f0937-73b3-4115-b5aa-ddf548383135,2,3000,6000,2025-10-20 20:57:07,completed
fb12a5db-812d-4a65-ad95-13932edb14e5,ORD-20251128-0287,10437b60-348b-4211-8052-22724becf62a,8e92045c-5e6e-49ed-ab90-b2f48ee054ac,3,18000,54000,2025-10-20 20:57:07,completed
be836f3e-da35-4206-b72e-8bc090db489d,ORD-20251128-0288,d5cbcd09-6763-416c-b8bd-c5859f32ec8d,523853a9-14ec-4b71-8ea1-d85e92f1b94c,1,45000,45000,2025-09-12 20:57:07,completed
1b45ed80-1178-4eee-bfe0-e6d6f45a6ba6,ORD-20251128-0288,d5cbcd09-6763-416c-b8bd-c5859f32ec8d,a0ab615e-653c-4623-96d5-7bc0121b23ee,2,95000,190000,2025-09-12 20:57:07,completed
85ca327d-2528-461f-8005-0bf1e9fb1d09,ORD-20251128-0288,d5cbcd09-6763-416c-b8bd-c5859f32ec8d,17ad20c4-a240-4058-b0d7-6bf0159238eb,4,38000,152000,2025-09-12 20:57:07,completed
b596ba86-7e32-412f-b792-790158532c49,ORD-20251128-0289,1ad5e86a-1d26-431f-b684-6478baa5a883,1e23552f-bc5e-4208-9e11-427b901c022c,4,30000,120000,2025-09-02 20:57:07,completed
5f8b95c4-8a4a-4d69-8e71-01a9dce2721e,ORD-20251128-0289,1ad5e86a-1d26-431f-b684-6478baa5a883,b3cc44f1-f3c1-4703-98d8-ac40cb387187,1,70000,70000,2025-09-02 20:57:07,completed
55ae3922-307c-4bab-afd4-e23a3fa0cafe,ORD-20251128-0289,1ad5e86a-1d26-431f-b684-6478baa5a883,b14d511b-20cd-43c7-9b49-f37c0a9d4e2e,3,8000,24000,2025-09-02 20:57:07,completed
45699328-d940-4fc5-ae7b-28ee76393107,ORD-20251128-0290,d5cbcd09-6763-416c-b8bd-c5859f32ec8d,af5f9e6c-806a-416d-aa71-951a0d5774fc,1,38000,38000,2025-09-08 20:57:07,completed
f3c130f9-0148-4a0c-8dc0-3bc6389d2a4f,ORD-20251128-0290,d5cbcd09-6763-416c-b8bd-c5859f32ec8d,1d377005-8099-4f51-83e9-91d4682e6397,2,15000,30000,2025-09-08 20:57:07,completed
3c94d39e-4f23-4366-bccc-edf3dd833216,ORD-20251128-0291,612e799f-2782-4b21-ac5c-6ac5bd3b9e8a,70710b93-2b14-4674-a243-b919d6002c48,2,85000,170000,2025-09-11 20:57:07,completed
154962d1-a4d3-4a27-a43e-ba0529f3bfe1,ORD-20251128-0291,612e799f-2782-4b21-ac5c-6ac5bd3b9e8a,f3093aaa-5474-468c-9b8d-9ef9a28956b9,3,40000,120000,2025-09-11 20:57:07,completed
925b3fd9-9090-4212-a6c9-1bb1852106c1,ORD-20251128-0291,612e799f-2782-4b21-ac5c-6ac5bd3b9e8a,b3cc44f1-f3c1-4703-98d8-ac40cb387187,1,70000,70000,2025-09-11 20:57:07,completed
6d16cb39-80cc-4855-9311-6b3c32c29c0a,ORD-20251128-0292,1ad5e86a-1d26-431f-b684-6478baa5a883,5264a61a-da95-4ca9-8c42-c845a8fad53e,4,18000,72000,2025-11-18 20:57:07,completed
acac6431-7bd6-4717-89ae-07fe9b82c897,ORD-20251128-0292,1ad5e86a-1d26-431f-b684-6478baa5a883,2994aaf1-ae81-4d5c-97c7-ee6044ad977a,2,15000,30000,2025-11-18 20:57:07,completed
b8a1fb69-9f87-4608-9966-8e69e129611e,ORD-20251128-0293,d47c8b39-984c-426b-903e-aba2ae2c9fb8,932a5d8b-c8d0-442f-91a5-4dc7dbe137f6,1,75000,75000,2025-09-23 20:57:07,completed
2220ec94-bbbf-48e0-9cf5-66a45f0a8892,ORD-20251128-0293,d47c8b39-984c-426b-903e-aba2ae2c9fb8,7c05ce84-5fba-401a-b3dd-6c1bb3434baa,3,4000,12000,2025-09-23 20:57:07,completed
6897ee28-6ede-4333-81b7-09d3770a99a5,ORD-20251128-0293,d47c8b39-984c-426b-903e-aba2ae2c9fb8,8e92045c-5e6e-49ed-ab90-b2f48ee054ac,5,18000,90000,2025-09-23 20:57:07,completed
ce2189a2-f491-47b4-a113-f627b9b898f2,ORD-20251128-0293,d47c8b39-984c-426b-903e-aba2ae2c9fb8,f3093aaa-5474-468c-9b8d-9ef9a28956b9,5,40000,200000,2025-09-23 20:57:07,completed
0c23139c-1c57-41f3-bc55-0c5f97e63692,ORD-20251128-0293,d47c8b39-984c-426b-903e-aba2ae2c9fb8,a0ab615e-653c-4623-96d5-7bc0121b23ee,2,95000,190000,2025-09-23 20:57:07,completed
86313503-4ed8-472a-9385-ade820052dcc,ORD-20251128-0294,11e05a0b-c2b5-43f1-80f4-46b547188bb9,a60dbf18-c1fb-474b-bff4-e8426cb2cc7a,2,35000,70000,2025-09-04 20:57:07,completed
bca4f26a-e3de-4f0b-a9a8-dc1ad61e69c1,ORD-20251128-0295,da4f4e65-7433-4f4e-84ba-90a9f424ab7f,a0ab615e-653c-4623-96d5-7bc0121b23ee,2,95000,190000,2025-10-19 20:57:07,completed
22e7edd5-d195-459d-a23d-acadabb460a1,ORD-20251128-0295,da4f4e65-7433-4f4e-84ba-90a9f424ab7f,9932efc2-6bf0-43a3-a3a9-22be92df3e72,5,42000,210000,2025-10-19 20:57:07,completed
84a01499-d9e8-44d2-8b52-e05ebcde0d9e,ORD-20251128-0295,da4f4e65-7433-4f4e-84ba-90a9f424ab7f,17ad20c4-a240-4058-b0d7-6bf0159238eb,5,38000,190000,2025-10-19 20:57:07,completed
b479e7a8-ec03-42ec-9f9a-354a1a65ab00,ORD-20251128-0296,da4f4e65-7433-4f4e-84ba-90a9f424ab7f,a0ab615e-653c-4623-96d5-7bc0121b23ee,1,95000,95000,2025-09-12 20:57:07,completed
2d7b5e77-7196-4ba8-a1be-70baa20a6db8,ORD-20251128-0296,da4f4e65-7433-4f4e-84ba-90a9f424ab7f,523853a9-14ec-4b71-8ea1-d85e92f1b94c,5,45000,225000,2025-09-12 20:57:07,completed
e6b69d40-104c-4a4e-bc1c-d3b50c62b707,ORD-20251128-0296,da4f4e65-7433-4f4e-84ba-90a9f424ab7f,17ad20c4-a240-4058-b0d7-6bf0159238eb,1,38000,38000,2025-09-12 20:57:07,completed
2f315bc6-a538-4ed3-9040-645cbfc191c2,ORD-20251128-0297,19fc1f86-de81-46c8-bb6f-d3570572efa4,0dcea2ff-2c7d-4349-81a4-9a922d251bc7,2,20000,40000,2025-10-23 20:57:07,completed
4fd12fb7-dade-439b-8cd5-82ba0a6c7573,ORD-20251128-0297,19fc1f86-de81-46c8-bb6f-d3570572efa4,15a2b4b7-8e82-4815-84af-477582d6d4e8,1,45000,45000,2025-10-23 20:57:07,completed
d2404b05-706c-43a0-b7a3-8608a30e88a6,ORD-20251128-0297,19fc1f86-de81-46c8-bb6f-d3570572efa4,b766b9d7-f3ae-4858-8273-7afc2b0d0ea9,2,35000,70000,2025-10-23 20:57:07,completed
e2143bd8-cdf6-421f-b1c9-853913f0eebf,ORD-20251128-0298,da4f4e65-7433-4f4e-84ba-90a9f424ab7f,b40277d1-e51a-4b24-b017-83458955af1a,4,18000,72000,2025-10-16 20:57:07,completed
0ca667c5-0742-46a8-9165-cf3d56067154,ORD-20251128-0298,da4f4e65-7433-4f4e-84ba-90a9f424ab7f,47b15327-cc21-4675-9f1d-2ecf48c8f596,2,18000,36000,2025-10-16 20:57:07,completed
e013e879-84b0-4f39-be47-73e99bcf0915,ORD-20251128-0299,d5cbcd09-6763-416c-b8bd-c5859f32ec8d,f3093aaa-5474-468c-9b8d-9ef9a28956b9,4,40000,160000,2025-09-06 20:57:07,completed
3c181278-316b-460a-b3e1-3ba7170c406c,ORD-20251128-0299,d5cbcd09-6763-416c-b8bd-c5859f32ec8d,70710b93-2b14-4674-a243-b919d6002c48,4,85000,340000,2025-09-06 20:57:07,completed
7537bc2b-3e7a-44f4-8f37-09a7afac86ef,ORD-20251128-0299,d5cbcd09-6763-416c-b8bd-c5859f32ec8d,b3cc44f1-f3c1-4703-98d8-ac40cb387187,5,70000,350000,2025-09-06 20:57:07,completed
2ce999b5-a429-434c-bf0b-a866074a0cda,ORD-20251128-0300,19fc1f86-de81-46c8-bb6f-d3570572efa4,b766b9d7-f3ae-4858-8273-7afc2b0d0ea9,3,35000,105000,2025-10-20 20:57:07,completed
be83138a-b26a-47ca-af8f-e7f520fd9f36,ORD-20251128-0300,19fc1f86-de81-46c8-bb6f-d3570572efa4,1d377005-8099-4f51-83e9-91d4682e6397,4,15000,60000,2025-10-20 20:57:07,completed
ad048e8f-6aad-4a19-afdc-716931179978,ORD-20251128-0300,19fc1f86-de81-46c8-bb6f-d3570572efa4,b14d511b-20cd-43c7-9b49-f37c0a9d4e2e,4,8000,32000,2025-10-20 20:57:07,completed
9684e0ec-4bc7-4054-b925-ef78953395cb,ORD-20251128-0300,19fc1f86-de81-46c8-bb6f-d3570572efa4,2994aaf1-ae81-4d5c-97c7-ee6044ad977a,1,15000,15000,2025-10-20 20:57:07,completed
b6eb308a-0536-480d-822e-4b85217f61db,ORD-20251128-0301,da4f4e65-7433-4f4e-84ba-90a9f424ab7f,523853a9-14ec-4b71-8ea1-d85e92f1b94c,2,45000,90000,2025-09-25 20:57:07,completed
5a59fdde-2a69-4bc6-b9be-4cf71d1181ad,ORD-20251128-0301,da4f4e65-7433-4f4e-84ba-90a9f424ab7f,9932efc2-6bf0-43a3-a3a9-22be92df3e72,2,42000,84000,2025-09-25 20:57:07,completed
b2177fe5-e887-4f0f-82ae-2f75c99cde05,ORD-20251128-0301,da4f4e65-7433-4f4e-84ba-90a9f424ab7f,a0ab615e-653c-4623-96d5-7bc0121b23ee,5,95000,475000,2025-09-25 20:57:07,completed
8c2929f3-f69d-446f-9b66-f9b56bf4b17e,ORD-20251128-0302,d5cbcd09-6763-416c-b8bd-c5859f32ec8d,a0ab615e-653c-4623-96d5-7bc0121b23ee,4,95000,380000,2025-10-18 20:57:07,completed
cebe546f-c250-427c-b100-2974a779051d,ORD-20251128-0302,d5cbcd09-6763-416c-b8bd-c5859f32ec8d,9932efc2-6bf0-43a3-a3a9-22be92df3e72,1,42000,42000,2025-10-18 20:57:07,completed
c29eb2e7-c663-4e13-adcb-99b34b1fb4db,ORD-20251128-0302,d5cbcd09-6763-416c-b8bd-c5859f32ec8d,523853a9-14ec-4b71-8ea1-d85e92f1b94c,3,45000,135000,2025-10-18 20:57:07,completed
570bd712-14dd-47af-8e53-bd47bc38a323,ORD-20251128-0303,da4f4e65-7433-4f4e-84ba-90a9f424ab7f,1d377005-8099-4f51-83e9-91d4682e6397,2,15000,30000,2025-10-15 20:57:07,completed
676f87b9-327d-4325-895a-3ecbc0acb18e,ORD-20251128-0303,da4f4e65-7433-4f4e-84ba-90a9f424ab7f,895a88ae-b25e-4198-b8ce-2c6b98b530fa,3,12000,36000,2025-10-15 20:57:07,completed
a3191602-a28e-4695-ba2c-3b9e4b6c81a6,ORD-20251128-0303,da4f4e65-7433-4f4e-84ba-90a9f424ab7f,e4edb052-837f-4f83-aa21-da54a1e1c8e7,1,42000,42000,2025-10-15 20:57:07,completed
b13dc31b-8e23-40a4-9825-c58060add3eb,ORD-20251128-0303,da4f4e65-7433-4f4e-84ba-90a9f424ab7f,e4016c30-6fdf-4bc0-8aac-90251ed59474,5,120000,600000,2025-10-15 20:57:07,completed
33e2575e-8bbb-4561-9206-5ec1e8c8ebc4,ORD-20251128-0303,da4f4e65-7433-4f4e-84ba-90a9f424ab7f,395bced4-b52f-41d1-86f0-09eba3e7ca08,3,75000,225000,2025-10-15 20:57:07,completed
5c1f6f22-c143-4926-b2d8-94d357c11be1,ORD-20251128-0304,1ad5e86a-1d26-431f-b684-6478baa5a883,0e462ced-37f3-4960-bd58-1461ae7cebe2,3,6000,18000,2025-09-10 20:57:07,completed
fb25ce91-a4c4-42a4-b579-9af99e3a5fec,ORD-20251128-0304,1ad5e86a-1d26-431f-b684-6478baa5a883,8969e32c-0606-49f8-8262-28a337d93839,3,9000,27000,2025-09-10 20:57:07,completed
6931810d-6c21-4985-8a24-9c8678e506d6,ORD-20251128-0304,1ad5e86a-1d26-431f-b684-6478baa5a883,d17954aa-743b-4ff8-843f-baa9882e56a3,5,5000,25000,2025-09-10 20:57:07,completed
5c8b222b-ff06-4642-993d-e286006edd85,ORD-20251128-0305,d47c8b39-984c-426b-903e-aba2ae2c9fb8,0e462ced-37f3-4960-bd58-1461ae7cebe2,5,6000,30000,2025-10-01 20:57:07,completed
bd563d96-c056-4190-992d-18a1505c67c8,ORD-20251128-0305,d47c8b39-984c-426b-903e-aba2ae2c9fb8,457afb33-6e9d-4ad9-9f4c-b52be26e5f18,5,65000,325000,2025-10-01 20:57:07,completed
d60c29d0-401e-4952-b0ed-1af314eeb5d8,ORD-20251128-0306,67e5fd1c-26a2-429b-9994-ba309e43ceee,0dcea2ff-2c7d-4349-81a4-9a922d251bc7,4,20000,80000,2025-10-23 20:57:07,processing
aac4e227-ba58-4490-b040-400c20aa08e9,ORD-20251128-0306,67e5fd1c-26a2-429b-9994-ba309e43ceee,15a2b4b7-8e82-4815-84af-477582d6d4e8,5,45000,225000,2025-10-23 20:57:07,processing
98b0306a-768b-4a01-8600-fcf00f74896b,ORD-20251128-0306,67e5fd1c-26a2-429b-9994-ba309e43ceee,b766b9d7-f3ae-4858-8273-7afc2b0d0ea9,4,35000,140000,2025-10-23 20:57:07,processing
8fbf26c5-5724-46e2-b0a4-74faed160d59,ORD-20251128-0307,991e985c-995f-4d63-817f-81d1ac478e0f,0dcea2ff-2c7d-4349-81a4-9a922d251bc7,3,20000,60000,2025-09-30 20:57:07,completed
92c541f2-6ab4-4c9b-b75a-e03867f629ca,ORD-20251128-0307,991e985c-995f-4d63-817f-81d1ac478e0f,b766b9d7-f3ae-4858-8273-7afc2b0d0ea9,2,35000,70000,2025-09-30 20:57:07,completed
ed7ec41b-189e-432f-bbb2-e999fadfed6b,ORD-20251128-0307,991e985c-995f-4d63-817f-81d1ac478e0f,15a2b4b7-8e82-4815-84af-477582d6d4e8,4,45000,180000,2025-09-30 20:57:07,completed
b5a0b14e-4ea9-455e-9b1a-0b7c46d885f7,ORD-20251128-0308,f637fadc-8fdc-4b7d-a0b7-724af70b2565,70710b93-2b14-4674-a243-b919d6002c48,2,85000,170000,2025-11-08 20:57:07,completed
c55bd453-e09a-4b5f-8e5d-099093261501,ORD-20251128-0308,f637fadc-8fdc-4b7d-a0b7-724af70b2565,7a4af2f2-f55b-4300-a4ba-4406efcc350c,4,65000,260000,2025-11-08 20:57:07,completed
24a494db-4b9f-48a8-886a-fe665138b48b,ORD-20251128-0308,f637fadc-8fdc-4b7d-a0b7-724af70b2565,457afb33-6e9d-4ad9-9f4c-b52be26e5f18,4,65000,260000,2025-11-08 20:57:07,completed
0ad03e17-0e9c-4ee6-b7ee-7bb68af8882b,ORD-20251128-0309,a280a790-efe9-490b-9be6-7d44e02f828b,7c05ce84-5fba-401a-b3dd-6c1bb3434baa,3,4000,12000,2025-10-10 20:57:07,processing
35881b96-001f-4510-b451-5e80ea86ec19,ORD-20251128-0309,a280a790-efe9-490b-9be6-7d44e02f828b,98d8d5cb-c8f1-4a5a-ad69-bec1d221e519,5,15000,75000,2025-10-10 20:57:07,processing
a558f02c-85a8-452b-9859-a25d7628977d,ORD-20251128-0309,a280a790-efe9-490b-9be6-7d44e02f828b,7ff7d632-79f8-4a95-bcdf-dafb9b46899e,3,25000,75000,2025-10-10 20:57:07,processing
4e519081-c585-4ab5-baec-743178e50f15,ORD-20251128-0309,a280a790-efe9-490b-9be6-7d44e02f828b,b766b9d7-f3ae-4858-8273-7afc2b0d0ea9,5,35000,175000,2025-10-10 20:57:07,processing
666bacae-5cae-4e15-ba8b-4fb5e3bf5508,ORD-20251128-0309,a280a790-efe9-490b-9be6-7d44e02f828b,a0ab615e-653c-4623-96d5-7bc0121b23ee,5,95000,475000,2025-10-10 20:57:07,processing
ccbcbee6-26b7-41e2-9174-d030bbc45334,ORD-20251128-0310,51e4f36f-1dc4-4382-a0c4-1f6fb0d356a5,895a88ae-b25e-4198-b8ce-2c6b98b530fa,5,12000,60000,2025-09-26 20:57:07,completed
8c697673-890b-4263-b20d-7b853503be48,ORD-20251128-0310,51e4f36f-1dc4-4382-a0c4-1f6fb0d356a5,b766b9d7-f3ae-4858-8273-7afc2b0d0ea9,5,35000,175000,2025-09-26 20:57:07,completed
5b12da18-5186-40b1-8038-b0e60f1e0c75,ORD-20251128-0311,a280a790-efe9-490b-9be6-7d44e02f828b,7c05ce84-5fba-401a-b3dd-6c1bb3434baa,4,4000,16000,2025-09-06 20:57:07,completed
f63f8846-ae1e-416d-9166-6ec22e50c916,ORD-20251128-0311,a280a790-efe9-490b-9be6-7d44e02f828b,566f0937-73b3-4115-b5aa-ddf548383135,2,3000,6000,2025-09-06 20:57:07,completed
d4acb98b-0443-4b44-865f-44ca6f5fe61b,ORD-20251128-0311,a280a790-efe9-490b-9be6-7d44e02f828b,8e92045c-5e6e-49ed-ab90-b2f48ee054ac,4,18000,72000,2025-09-06 20:57:07,completed
36538332-61de-4abc-b7ba-fd423d9d99ec,ORD-20251128-0312,19fc1f86-de81-46c8-bb6f-d3570572efa4,523853a9-14ec-4b71-8ea1-d85e92f1b94c,2,45000,90000,2025-11-12 20:57:07,completed
16f40028-a3e3-4cb5-a738-bcee9e64c532,ORD-20251128-0312,19fc1f86-de81-46c8-bb6f-d3570572efa4,17ad20c4-a240-4058-b0d7-6bf0159238eb,4,38000,152000,2025-11-12 20:57:07,completed
17dc36a5-257a-4d9a-a974-d1d98cd01925,ORD-20251128-0312,19fc1f86-de81-46c8-bb6f-d3570572efa4,a0ab615e-653c-4623-96d5-7bc0121b23ee,4,95000,380000,2025-11-12 20:57:07,completed
dd8d5c7f-1a5e-46d4-b132-7f53559028c7,ORD-20251128-0313,d47c8b39-984c-426b-903e-aba2ae2c9fb8,a0ab615e-653c-4623-96d5-7bc0121b23ee,2,95000,190000,2025-11-18 20:57:07,completed
083aaf72-5dae-4dd6-b976-c1ee0de4e88d,ORD-20251128-0313,d47c8b39-984c-426b-903e-aba2ae2c9fb8,17ad20c4-a240-4058-b0d7-6bf0159238eb,3,38000,114000,2025-11-18 20:57:07,completed
ad83cc36-6584-41ca-856b-9d15c1862a01,ORD-20251128-0313,d47c8b39-984c-426b-903e-aba2ae2c9fb8,523853a9-14ec-4b71-8ea1-d85e92f1b94c,2,45000,90000,2025-11-18 20:57:07,completed
e401d084-4f35-46d5-87e9-e6ac27374415,ORD-20251128-0314,aae116d2-7f3c-4a2d-9b6c-9633be3fd127,0e462ced-37f3-4960-bd58-1461ae7cebe2,5,6000,30000,2025-10-27 20:57:07,completed
cefe1963-a4df-4be9-b4ab-598b123d11ff,ORD-20251128-0314,aae116d2-7f3c-4a2d-9b6c-9633be3fd127,54f78d73-e07a-4863-bb29-3c9517a716d3,1,8000,8000,2025-10-27 20:57:07,completed
9fa2861a-d9cd-4f39-a4f2-c42f82736dbc,ORD-20251128-0314,aae116d2-7f3c-4a2d-9b6c-9633be3fd127,d17954aa-743b-4ff8-843f-baa9882e56a3,4,5000,20000,2025-10-27 20:57:07,completed
c30c0790-d909-4fd8-ba6e-846cb0efe489,ORD-20251128-0315,51457108-5651-4917-aef4-01e005360bcb,e4016c30-6fdf-4bc0-8aac-90251ed59474,2,120000,240000,2025-10-07 20:57:07,completed
eeb9e190-d30d-4b1e-acc3-9d771d0895af,ORD-20251128-0315,51457108-5651-4917-aef4-01e005360bcb,36d6f0d3-a4e9-40e8-b4a0-f37ffdc98e80,5,7000,35000,2025-10-07 20:57:07,completed
55dff4ce-d6d4-45c4-904c-acae37e42f3c,ORD-20251128-0315,51457108-5651-4917-aef4-01e005360bcb,35f6a297-a125-4617-a38c-8a49a7002cd9,3,5000,15000,2025-10-07 20:57:07,completed
1cc12700-72e0-4026-be00-dee5a0547dc6,ORD-20251128-0315,51457108-5651-4917-aef4-01e005360bcb,705e8518-49ce-4be4-a01b-fdc214f4ec72,4,28000,112000,2025-10-07 20:57:07,completed
f020ba89-87cc-4783-8aee-ab5e47817468,ORD-20251128-0315,51457108-5651-4917-aef4-01e005360bcb,0c51b03f-00c3-4bac-b11c-de90b8ba27fd,4,12000,48000,2025-10-07 20:57:07,completed
a4b70311-711c-42c6-be26-1e5133b7c916,ORD-20251128-0316,ff70de0a-9ebe-42db-a040-b1773b1bcfb5,17ad20c4-a240-4058-b0d7-6bf0159238eb,3,38000,114000,2025-09-05 20:57:07,completed
ae85ce45-934a-45fb-82ac-ed7a98657e8e,ORD-20251128-0316,ff70de0a-9ebe-42db-a040-b1773b1bcfb5,9932efc2-6bf0-43a3-a3a9-22be92df3e72,1,42000,42000,2025-09-05 20:57:07,completed
c5ecbf92-7f3a-4fba-a5ac-a403429412a2,ORD-20251128-0316,ff70de0a-9ebe-42db-a040-b1773b1bcfb5,523853a9-14ec-4b71-8ea1-d85e92f1b94c,5,45000,225000,2025-09-05 20:57:07,completed
84072a8f-6a6c-41d8-ba97-85836ff57050,ORD-20251128-0317,67e5fd1c-26a2-429b-9994-ba309e43ceee,f3093aaa-5474-468c-9b8d-9ef9a28956b9,1,40000,40000,2025-11-18 20:57:07,completed
6226bfe5-193c-45fb-8a61-40b7ff73a641,ORD-20251128-0317,67e5fd1c-26a2-429b-9994-ba309e43ceee,b3cc44f1-f3c1-4703-98d8-ac40cb387187,4,70000,280000,2025-11-18 20:57:07,completed
c5f840ce-ed68-4f12-895c-2111ea1eb59b,ORD-20251128-0317,67e5fd1c-26a2-429b-9994-ba309e43ceee,7a4af2f2-f55b-4300-a4ba-4406efcc350c,4,65000,260000,2025-11-18 20:57:07,completed
3673c449-7958-4ee5-8dee-290b2982585d,ORD-20251128-0318,fd09d135-3d92-4afa-8f25-362828ce59ea,566f0937-73b3-4115-b5aa-ddf548383135,4,3000,12000,2025-11-21 20:57:07,completed
86b50024-3e02-4bdd-9a67-8fd84de86313,ORD-20251128-0318,fd09d135-3d92-4afa-8f25-362828ce59ea,22dcfd0f-1989-4b3a-905e-4d4508483590,5,25000,125000,2025-11-21 20:57:07,completed
6f652516-9f45-48b4-bbb7-e60b0d124713,ORD-20251128-0318,fd09d135-3d92-4afa-8f25-362828ce59ea,8e92045c-5e6e-49ed-ab90-b2f48ee054ac,4,18000,72000,2025-11-21 20:57:07,completed
1e04125a-4385-4871-8a68-469b4975efea,ORD-20251128-0319,67e5fd1c-26a2-429b-9994-ba309e43ceee,d17954aa-743b-4ff8-843f-baa9882e56a3,5,5000,25000,2025-10-15 20:57:07,completed
6e7c4307-71e5-4912-9b3c-9d4cd1f30df3,ORD-20251128-0319,67e5fd1c-26a2-429b-9994-ba309e43ceee,54f78d73-e07a-4863-bb29-3c9517a716d3,1,8000,8000,2025-10-15 20:57:07,completed
53d74e56-bd52-42a6-85ca-557c6c0d9ee6,ORD-20251128-0319,67e5fd1c-26a2-429b-9994-ba309e43ceee,8969e32c-0606-49f8-8262-28a337d93839,3,9000,27000,2025-10-15 20:57:07,completed
df314f3e-df28-40fe-a8f6-41914d6a4367,ORD-20251128-0320,19fc1f86-de81-46c8-bb6f-d3570572efa4,70710b93-2b14-4674-a243-b919d6002c48,2,85000,170000,2025-09-22 20:57:07,completed
add73055-1c59-49c0-9552-5da5552de572,ORD-20251128-0321,aae116d2-7f3c-4a2d-9b6c-9633be3fd127,566f0937-73b3-4115-b5aa-ddf548383135,3,3000,9000,2025-10-19 20:57:07,completed
b998214d-7b21-482e-87e3-6c680853c76f,ORD-20251128-0321,aae116d2-7f3c-4a2d-9b6c-9633be3fd127,7c05ce84-5fba-401a-b3dd-6c1bb3434baa,4,4000,16000,2025-10-19 20:57:07,completed
af36dd55-7cb7-4f46-8526-1a998903df94,ORD-20251128-0321,aae116d2-7f3c-4a2d-9b6c-9633be3fd127,8e92045c-5e6e-49ed-ab90-b2f48ee054ac,3,18000,54000,2025-10-19 20:57:07,completed
3b177457-e259-4664-bdb6-0c57fc3d78c4,ORD-20251128-0322,339091db-a3ff-477a-b28f-19efbbf5f495,70710b93-2b14-4674-a243-b919d6002c48,2,85000,170000,2025-09-15 20:57:07,completed
b2690e64-3d3b-4c49-b09d-ad643a2c29a0,ORD-20251128-0322,339091db-a3ff-477a-b28f-19efbbf5f495,457afb33-6e9d-4ad9-9f4c-b52be26e5f18,2,65000,130000,2025-09-15 20:57:07,completed
9ffa702d-176c-48d9-923c-7a6b2e128c4c,ORD-20251128-0322,339091db-a3ff-477a-b28f-19efbbf5f495,b3cc44f1-f3c1-4703-98d8-ac40cb387187,5,70000,350000,2025-09-15 20:57:07,completed
4890f594-85f1-4549-b0bd-2d249c1e937f,ORD-20251128-0323,d47c8b39-984c-426b-903e-aba2ae2c9fb8,0e462ced-37f3-4960-bd58-1461ae7cebe2,5,6000,30000,2025-10-07 20:57:07,completed
9675e541-2717-41f9-92bd-4192139b4b3f,ORD-20251128-0323,d47c8b39-984c-426b-903e-aba2ae2c9fb8,36d6f0d3-a4e9-40e8-b4a0-f37ffdc98e80,5,7000,35000,2025-10-07 20:57:07,completed
2abcc345-9ad4-4e0c-ab55-0a2a4746d0e9,ORD-20251128-0323,d47c8b39-984c-426b-903e-aba2ae2c9fb8,8969e32c-0606-49f8-8262-28a337d93839,5,9000,45000,2025-10-07 20:57:07,completed
519dc80a-7df0-43d8-8c24-6589fd6be9ea,ORD-20251128-0324,51457108-5651-4917-aef4-01e005360bcb,d17954aa-743b-4ff8-843f-baa9882e56a3,3,5000,15000,2025-08-31 20:57:07,cancelled
5e538c65-9c2b-493e-93db-928efef05b78,ORD-20251128-0324,51457108-5651-4917-aef4-01e005360bcb,36d6f0d3-a4e9-40e8-b4a0-f37ffdc98e80,4,7000,28000,2025-08-31 20:57:07,cancelled
eebf974c-5ee0-49b1-b5c4-2d181c59f684,ORD-20251128-0324,51457108-5651-4917-aef4-01e005360bcb,0e462ced-37f3-4960-bd58-1461ae7cebe2,3,6000,18000,2025-08-31 20:57:07,cancelled
48004619-5970-4453-ba71-8f15f7fbcc99,ORD-20251128-0325,991e985c-995f-4d63-817f-81d1ac478e0f,15a2b4b7-8e82-4815-84af-477582d6d4e8,5,45000,225000,2025-11-07 20:57:07,completed
b35b2e19-5c53-4b3e-ae93-36b9d9dd4bf9,ORD-20251128-0325,991e985c-995f-4d63-817f-81d1ac478e0f,b766b9d7-f3ae-4858-8273-7afc2b0d0ea9,1,35000,35000,2025-11-07 20:57:07,completed
595637aa-91fe-4360-99b1-92b616ef543c,ORD-20251128-0325,991e985c-995f-4d63-817f-81d1ac478e0f,0dcea2ff-2c7d-4349-81a4-9a922d251bc7,4,20000,80000,2025-11-07 20:57:07,completed
0ad37037-c76f-4915-97ac-221da64d6602,ORD-20251128-0326,11e05a0b-c2b5-43f1-80f4-46b547188bb9,7ff7d632-79f8-4a95-bcdf-dafb9b46899e,1,25000,25000,2025-11-06 20:57:07,completed
8ed17871-7815-4e40-a95c-450fc7d9a672,ORD-20251128-0326,11e05a0b-c2b5-43f1-80f4-46b547188bb9,566f0937-73b3-4115-b5aa-ddf548383135,2,3000,6000,2025-11-06 20:57:07,completed
e43ef275-6f64-457f-94a6-74b89e5addfe,ORD-20251128-0326,11e05a0b-c2b5-43f1-80f4-46b547188bb9,9932efc2-6bf0-43a3-a3a9-22be92df3e72,2,42000,84000,2025-11-06 20:57:07,completed
6349dbfe-a3dd-4d04-b07b-a836613ee44b,ORD-20251128-0326,11e05a0b-c2b5-43f1-80f4-46b547188bb9,98d8d5cb-c8f1-4a5a-ad69-bec1d221e519,2,15000,30000,2025-11-06 20:57:07,completed
28a4efc2-b71a-4152-b5a9-a0b274f2c57d,ORD-20251128-0327,10437b60-348b-4211-8052-22724becf62a,0dcea2ff-2c7d-4349-81a4-9a922d251bc7,4,20000,80000,2025-11-26 20:57:07,completed
e3da2403-1f7f-41e8-89b4-f264a99029f5,ORD-20251128-0327,10437b60-348b-4211-8052-22724becf62a,15a2b4b7-8e82-4815-84af-477582d6d4e8,5,45000,225000,2025-11-26 20:57:07,completed
6e0aff9e-965b-4818-97bd-74dfc86e65a0,ORD-20251128-0327,10437b60-348b-4211-8052-22724becf62a,b766b9d7-f3ae-4858-8273-7afc2b0d0ea9,2,35000,70000,2025-11-26 20:57:07,completed
4514c0a5-d2b4-49f1-835d-a89229dfb1f4,ORD-20251128-0328,612e799f-2782-4b21-ac5c-6ac5bd3b9e8a,af5f9e6c-806a-416d-aa71-951a0d5774fc,1,38000,38000,2025-11-06 20:57:07,completed
e5a124f8-80e9-49b3-ba20-ff730c2e8343,ORD-20251128-0328,612e799f-2782-4b21-ac5c-6ac5bd3b9e8a,f3093aaa-5474-468c-9b8d-9ef9a28956b9,1,40000,40000,2025-11-06 20:57:07,completed
f498c445-5177-4c9d-bc5a-e00d9ff4bbd7,ORD-20251128-0328,612e799f-2782-4b21-ac5c-6ac5bd3b9e8a,8969e32c-0606-49f8-8262-28a337d93839,4,9000,36000,2025-11-06 20:57:07,completed
2d2c89c3-3894-492a-b0fc-3e9cbc31ed4a,ORD-20251128-0329,51e4f36f-1dc4-4382-a0c4-1f6fb0d356a5,36d6f0d3-a4e9-40e8-b4a0-f37ffdc98e80,2,7000,14000,2025-09-02 20:57:07,completed
ee3aa1fd-2f8a-4644-b060-dcf347472999,ORD-20251128-0329,51e4f36f-1dc4-4382-a0c4-1f6fb0d356a5,54f78d73-e07a-4863-bb29-3c9517a716d3,5,8000,40000,2025-09-02 20:57:07,completed
678e4a99-9e8a-4ef1-ab4b-a83ad4e5fa4a,ORD-20251128-0329,51e4f36f-1dc4-4382-a0c4-1f6fb0d356a5,8969e32c-0606-49f8-8262-28a337d93839,1,9000,9000,2025-09-02 20:57:07,completed
79c697dc-bf2e-4dcc-b497-091600561a4a,ORD-20251128-0330,991e985c-995f-4d63-817f-81d1ac478e0f,f3093aaa-5474-468c-9b8d-9ef9a28956b9,4,40000,160000,2025-09-13 20:57:07,completed
8c59ac9b-e007-4562-a05d-a221aa826022,ORD-20251128-0330,991e985c-995f-4d63-817f-81d1ac478e0f,b3cc44f1-f3c1-4703-98d8-ac40cb387187,5,70000,350000,2025-09-13 20:57:07,completed
52e0bf8c-b1e8-49e6-aa78-fa7ec56f6a5b,ORD-20251128-0330,991e985c-995f-4d63-817f-81d1ac478e0f,457afb33-6e9d-4ad9-9f4c-b52be26e5f18,3,65000,195000,2025-09-13 20:57:07,completed
c23b3f14-a6f5-47d0-951f-a82ad6e2f888,ORD-20251128-0331,ff70de0a-9ebe-42db-a040-b1773b1bcfb5,b766b9d7-f3ae-4858-8273-7afc2b0d0ea9,5,35000,175000,2025-09-13 20:57:07,completed
2a4b5713-fc5c-42f9-a1a0-9c9eab02743a,ORD-20251128-0331,ff70de0a-9ebe-42db-a040-b1773b1bcfb5,0dcea2ff-2c7d-4349-81a4-9a922d251bc7,1,20000,20000,2025-09-13 20:57:07,completed
6555ed72-9326-434c-9b28-2d926ace42ec,ORD-20251128-0331,ff70de0a-9ebe-42db-a040-b1773b1bcfb5,15a2b4b7-8e82-4815-84af-477582d6d4e8,4,45000,180000,2025-09-13 20:57:07,completed
ce3b191d-5372-4ddb-a59e-17dd3bacb6d1,ORD-20251128-0332,a280a790-efe9-490b-9be6-7d44e02f828b,d17954aa-743b-4ff8-843f-baa9882e56a3,2,5000,10000,2025-11-18 20:57:07,completed
a3f527d4-39b8-410f-8b28-a3acbc77af25,ORD-20251128-0332,a280a790-efe9-490b-9be6-7d44e02f828b,36d6f0d3-a4e9-40e8-b4a0-f37ffdc98e80,5,7000,35000,2025-11-18 20:57:07,completed
a54ca2a9-17cf-48c3-8f2e-1bf23d0b7a1e,ORD-20251128-0332,a280a790-efe9-490b-9be6-7d44e02f828b,8969e32c-0606-49f8-8262-28a337d93839,2,9000,18000,2025-11-18 20:57:07,completed
b84adc12-aacc-4a42-909b-4c604b7dcbed,ORD-20251128-0333,d5cbcd09-6763-416c-b8bd-c5859f32ec8d,22dcfd0f-1989-4b3a-905e-4d4508483590,5,25000,125000,2025-11-24 20:57:07,processing
02f512df-f5d2-4af4-911d-696d6098083d,ORD-20251128-0333,d5cbcd09-6763-416c-b8bd-c5859f32ec8d,8e92045c-5e6e-49ed-ab90-b2f48ee054ac,5,18000,90000,2025-11-24 20:57:07,processing
947fbb1a-0835-4a52-913c-23ce463e13d6,ORD-20251128-0333,d5cbcd09-6763-416c-b8bd-c5859f32ec8d,7c05ce84-5fba-401a-b3dd-6c1bb3434baa,1,4000,4000,2025-11-24 20:57:07,processing
50f28503-2e63-4cbd-926c-eeb542642ba6,ORD-20251128-0334,51457108-5651-4917-aef4-01e005360bcb,9932efc2-6bf0-43a3-a3a9-22be92df3e72,1,42000,42000,2025-09-25 20:57:07,completed
e81195bc-49e2-4b09-be38-57e048737090,ORD-20251128-0334,51457108-5651-4917-aef4-01e005360bcb,17ad20c4-a240-4058-b0d7-6bf0159238eb,4,38000,152000,2025-09-25 20:57:07,completed
3189b56f-c99f-4f8e-95e2-8ac01eefa947,ORD-20251128-0334,51457108-5651-4917-aef4-01e005360bcb,a0ab615e-653c-4623-96d5-7bc0121b23ee,3,95000,285000,2025-09-25 20:57:07,completed
9cec906a-6642-4fe0-9394-f3ca6718db32,ORD-20251128-0335,1ad5e86a-1d26-431f-b684-6478baa5a883,70710b93-2b14-4674-a243-b919d6002c48,5,85000,425000,2025-09-12 20:57:07,completed
07641637-4202-4d80-b357-b891e2045a56,ORD-20251128-0335,1ad5e86a-1d26-431f-b684-6478baa5a883,f3093aaa-5474-468c-9b8d-9ef9a28956b9,3,40000,120000,2025-09-12 20:57:07,completed
1c40d7b3-d885-4603-b13a-5a19729a8125,ORD-20251128-0335,1ad5e86a-1d26-431f-b684-6478baa5a883,b3cc44f1-f3c1-4703-98d8-ac40cb387187,1,70000,70000,2025-09-12 20:57:07,completed
9b8b9009-0be2-484f-a019-6720a16faed7,ORD-20251128-0336,fd09d135-3d92-4afa-8f25-362828ce59ea,523853a9-14ec-4b71-8ea1-d85e92f1b94c,3,45000,135000,2025-10-23 20:57:07,completed
c4778870-1c50-4808-ba1a-6e3df39e486d,ORD-20251128-0336,fd09d135-3d92-4afa-8f25-362828ce59ea,17ad20c4-a240-4058-b0d7-6bf0159238eb,1,38000,38000,2025-10-23 20:57:07,completed
00d57020-af5f-489a-9913-bd39d6d2c131,ORD-20251128-0336,fd09d135-3d92-4afa-8f25-362828ce59ea,9932efc2-6bf0-43a3-a3a9-22be92df3e72,2,42000,84000,2025-10-23 20:57:07,completed
afb09a26-e81b-4641-88d8-975221559bac,ORD-20251128-0337,339091db-a3ff-477a-b28f-19efbbf5f495,15a2b4b7-8e82-4815-84af-477582d6d4e8,4,45000,180000,2025-10-05 20:57:07,completed
4ab4eba5-353e-4910-815f-40231aa5b20e,ORD-20251128-0337,339091db-a3ff-477a-b28f-19efbbf5f495,b766b9d7-f3ae-4858-8273-7afc2b0d0ea9,3,35000,105000,2025-10-05 20:57:07,completed
051400bd-e25d-4794-9735-1e9345ad3311,ORD-20251128-0337,339091db-a3ff-477a-b28f-19efbbf5f495,0dcea2ff-2c7d-4349-81a4-9a922d251bc7,2,20000,40000,2025-10-05 20:57:07,completed
522a63aa-1693-453d-80f0-43d17420307d,ORD-20251128-0338,da4f4e65-7433-4f4e-84ba-90a9f424ab7f,b3cc44f1-f3c1-4703-98d8-ac40cb387187,3,70000,210000,2025-09-29 20:57:07,completed
65aea34f-5350-43fb-ba3c-08aa0bdbde7d,ORD-20251128-0338,da4f4e65-7433-4f4e-84ba-90a9f424ab7f,7a4af2f2-f55b-4300-a4ba-4406efcc350c,5,65000,325000,2025-09-29 20:57:07,completed
c641aac8-4d12-4451-9f07-78f390f55048,ORD-20251128-0338,da4f4e65-7433-4f4e-84ba-90a9f424ab7f,70710b93-2b14-4674-a243-b919d6002c48,2,85000,170000,2025-09-29 20:57:07,completed
94749b88-369b-45a6-927d-d6b1a85b30b2,ORD-20251128-0339,d47c8b39-984c-426b-903e-aba2ae2c9fb8,566f0937-73b3-4115-b5aa-ddf548383135,3,3000,9000,2025-08-30 20:57:07,completed
96143f9a-f8aa-4edb-b4d2-f4f528ed7f7f,ORD-20251128-0339,d47c8b39-984c-426b-903e-aba2ae2c9fb8,8e92045c-5e6e-49ed-ab90-b2f48ee054ac,4,18000,72000,2025-08-30 20:57:07,completed
e0fee85d-bb8b-4a8c-b163-f4f9f7445f14,ORD-20251128-0339,d47c8b39-984c-426b-903e-aba2ae2c9fb8,7c05ce84-5fba-401a-b3dd-6c1bb3434baa,1,4000,4000,2025-08-30 20:57:07,completed
7b405c22-9075-41fe-866a-accd386ae145,ORD-20251128-0340,d47c8b39-984c-426b-903e-aba2ae2c9fb8,0dcea2ff-2c7d-4349-81a4-9a922d251bc7,5,20000,100000,2025-09-02 20:57:07,completed
e6b111be-2696-4c36-b935-ffdde2aa3121,ORD-20251128-0340,d47c8b39-984c-426b-903e-aba2ae2c9fb8,b766b9d7-f3ae-4858-8273-7afc2b0d0ea9,4,35000,140000,2025-09-02 20:57:07,completed
899defd2-9ea9-43ab-99db-220df4f23543,ORD-20251128-0340,d47c8b39-984c-426b-903e-aba2ae2c9fb8,15a2b4b7-8e82-4815-84af-477582d6d4e8,2,45000,90000,2025-09-02 20:57:07,completed
d3d00835-3853-46f6-a799-6aec35665bcf,ORD-20251128-0341,ba4010ef-70bf-489b-b893-f0defdb98d05,22dcfd0f-1989-4b3a-905e-4d4508483590,1,25000,25000,2025-09-28 20:57:07,completed
dc05bc1d-33a1-4db3-9f1c-3298a1be4a60,ORD-20251128-0341,ba4010ef-70bf-489b-b893-f0defdb98d05,7c05ce84-5fba-401a-b3dd-6c1bb3434baa,5,4000,20000,2025-09-28 20:57:07,completed
bd65441c-34af-4dc6-a1bc-85a3dc0016c8,ORD-20251128-0341,ba4010ef-70bf-489b-b893-f0defdb98d05,566f0937-73b3-4115-b5aa-ddf548383135,4,3000,12000,2025-09-28 20:57:07,completed
e288eac3-3dfa-422c-8f9c-7bf8309692a2,ORD-20251128-0342,67e5fd1c-26a2-429b-9994-ba309e43ceee,70710b93-2b14-4674-a243-b919d6002c48,3,85000,255000,2025-11-19 20:57:07,completed
591adc64-ddbb-44f5-b8d6-7184b6ab69be,ORD-20251128-0342,67e5fd1c-26a2-429b-9994-ba309e43ceee,b3cc44f1-f3c1-4703-98d8-ac40cb387187,1,70000,70000,2025-11-19 20:57:07,completed
45c7a63c-20bc-4d70-9573-9051781c8092,ORD-20251128-0342,67e5fd1c-26a2-429b-9994-ba309e43ceee,f3093aaa-5474-468c-9b8d-9ef9a28956b9,3,40000,120000,2025-11-19 20:57:07,completed
70d010f7-2837-4f39-be31-d2866dd26023,ORD-20251128-0343,f637fadc-8fdc-4b7d-a0b7-724af70b2565,b766b9d7-f3ae-4858-8273-7afc2b0d0ea9,4,35000,140000,2025-11-11 20:57:07,completed
07116682-8448-481c-9fdc-9147ca05ea81,ORD-20251128-0343,f637fadc-8fdc-4b7d-a0b7-724af70b2565,15a2b4b7-8e82-4815-84af-477582d6d4e8,2,45000,90000,2025-11-11 20:57:07,completed
d2ace16d-4eec-4427-85a4-4a89bb36b8b9,ORD-20251128-0343,f637fadc-8fdc-4b7d-a0b7-724af70b2565,0dcea2ff-2c7d-4349-81a4-9a922d251bc7,4,20000,80000,2025-11-11 20:57:07,completed
b2c9234c-511e-40ed-a0c1-5553e4c2fbea,ORD-20251128-0344,19fc1f86-de81-46c8-bb6f-d3570572efa4,0dcea2ff-2c7d-4349-81a4-9a922d251bc7,2,20000,40000,2025-10-17 20:57:07,completed
8a9829bc-4945-4482-a02d-600d71535830,ORD-20251128-0344,19fc1f86-de81-46c8-bb6f-d3570572efa4,b766b9d7-f3ae-4858-8273-7afc2b0d0ea9,2,35000,70000,2025-10-17 20:57:07,completed
77bb36a0-df22-4396-bfb9-6cc273047ddb,ORD-20251128-0344,19fc1f86-de81-46c8-bb6f-d3570572efa4,15a2b4b7-8e82-4815-84af-477582d6d4e8,2,45000,90000,2025-10-17 20:57:07,completed
6e1cecb9-5fb7-4c51-a77a-487ae54ffd2c,ORD-20251128-0345,aae116d2-7f3c-4a2d-9b6c-9633be3fd127,70710b93-2b14-4674-a243-b919d6002c48,3,85000,255000,2025-10-21 20:57:07,completed
b61cd74e-838f-4c8c-9ad1-db2e33b681c2,ORD-20251128-0345,aae116d2-7f3c-4a2d-9b6c-9633be3fd127,457afb33-6e9d-4ad9-9f4c-b52be26e5f18,1,65000,65000,2025-10-21 20:57:07,completed
8280fc94-a28f-43dd-8c7f-e063e91e578a,ORD-20251128-0345,aae116d2-7f3c-4a2d-9b6c-9633be3fd127,7a4af2f2-f55b-4300-a4ba-4406efcc350c,2,65000,130000,2025-10-21 20:57:07,completed
df948130-07eb-41d2-b4b9-74bfbbc426ca,ORD-20251128-0346,51e4f36f-1dc4-4382-a0c4-1f6fb0d356a5,35f6a297-a125-4617-a38c-8a49a7002cd9,5,5000,25000,2025-09-12 20:57:07,completed
0627dc82-c44d-40a8-beca-b488a2865e83,ORD-20251128-0347,d47c8b39-984c-426b-903e-aba2ae2c9fb8,15a2b4b7-8e82-4815-84af-477582d6d4e8,5,45000,225000,2025-09-08 20:57:07,completed
2bd7402d-b15f-40cf-9314-acede03e1936,ORD-20251128-0347,d47c8b39-984c-426b-903e-aba2ae2c9fb8,0dcea2ff-2c7d-4349-81a4-9a922d251bc7,1,20000,20000,2025-09-08 20:57:07,completed
9d7e2cae-adf3-4731-ad51-b4c377d0cfc4,ORD-20251128-0347,d47c8b39-984c-426b-903e-aba2ae2c9fb8,b766b9d7-f3ae-4858-8273-7afc2b0d0ea9,5,35000,175000,2025-09-08 20:57:07,completed
52708037-0894-48b5-9763-02ee36d020f8,ORD-20251128-0348,612e799f-2782-4b21-ac5c-6ac5bd3b9e8a,9932efc2-6bf0-43a3-a3a9-22be92df3e72,2,42000,84000,2025-09-04 20:57:07,completed
fc73e211-4b12-4139-bd3d-6d2f2b125b3e,ORD-20251128-0348,612e799f-2782-4b21-ac5c-6ac5bd3b9e8a,17ad20c4-a240-4058-b0d7-6bf0159238eb,5,38000,190000,2025-09-04 20:57:07,completed
56f02d82-0712-46f5-99fe-b98985e44957,ORD-20251128-0348,612e799f-2782-4b21-ac5c-6ac5bd3b9e8a,523853a9-14ec-4b71-8ea1-d85e92f1b94c,4,45000,180000,2025-09-04 20:57:07,completed
6ed356f6-bf72-4bb9-9e89-868cbafb63b7,ORD-20251128-0349,da4f4e65-7433-4f4e-84ba-90a9f424ab7f,7c05ce84-5fba-401a-b3dd-6c1bb3434baa,5,4000,20000,2025-11-05 20:57:07,completed
db524962-8dad-4883-ad21-210fdabf430f,ORD-20251128-0349,da4f4e65-7433-4f4e-84ba-90a9f424ab7f,8e92045c-5e6e-49ed-ab90-b2f48ee054ac,5,18000,90000,2025-11-05 20:57:07,completed
931bb928-bfb7-4735-984d-eb7c997f8f92,ORD-20251128-0349,da4f4e65-7433-4f4e-84ba-90a9f424ab7f,566f0937-73b3-4115-b5aa-ddf548383135,4,3000,12000,2025-11-05 20:57:07,completed
639278d6-c7ac-4d3d-8877-89f0fe698b63,ORD-20251128-0350,d05444c6-b8e7-46e9-aec2-6d4dcef2cda5,f3093aaa-5474-468c-9b8d-9ef9a28956b9,2,40000,80000,2025-09-20 20:57:07,completed
1924a4ae-1cf5-4294-9d4d-c60ba6b96131,ORD-20251128-0350,d05444c6-b8e7-46e9-aec2-6d4dcef2cda5,457afb33-6e9d-4ad9-9f4c-b52be26e5f18,1,65000,65000,2025-09-20 20:57:07,completed
2d98a492-f238-4df5-9c39-4473e76c6526,ORD-20251128-0350,d05444c6-b8e7-46e9-aec2-6d4dcef2cda5,7a4af2f2-f55b-4300-a4ba-4406efcc350c,3,65000,195000,2025-09-20 20:57:07,completed
47e3b3aa-5c73-4689-a66d-a9ff5260fa03,ORD-20251128-0351,1ad5e86a-1d26-431f-b684-6478baa5a883,0c51b03f-00c3-4bac-b11c-de90b8ba27fd,5,12000,60000,2025-11-08 20:57:07,completed
ec735e08-d161-4630-85e7-2be9f89dad8e,ORD-20251128-0351,1ad5e86a-1d26-431f-b684-6478baa5a883,d17954aa-743b-4ff8-843f-baa9882e56a3,2,5000,10000,2025-11-08 20:57:07,completed
23dd3be7-1f89-4447-b3da-256977c61475,ORD-20251128-0351,1ad5e86a-1d26-431f-b684-6478baa5a883,e4016c30-6fdf-4bc0-8aac-90251ed59474,4,120000,480000,2025-11-08 20:57:07,completed
bf823ede-5a1f-4331-a786-5dc3f3fcec46,ORD-20251128-0351,1ad5e86a-1d26-431f-b684-6478baa5a883,36d6f0d3-a4e9-40e8-b4a0-f37ffdc98e80,2,7000,14000,2025-11-08 20:57:07,completed
606e993b-f333-4780-abb6-9d7d041a833e,ORD-20251128-0351,1ad5e86a-1d26-431f-b684-6478baa5a883,b766b9d7-f3ae-4858-8273-7afc2b0d0ea9,4,35000,140000,2025-11-08 20:57:07,completed
04083e3a-4061-471a-9e63-d01ea0e6e5ce,ORD-20251128-0352,612e799f-2782-4b21-ac5c-6ac5bd3b9e8a,8e92045c-5e6e-49ed-ab90-b2f48ee054ac,2,18000,36000,2025-10-22 20:57:07,completed
891b574c-d6dc-44fc-9f1e-35aec4b0057a,ORD-20251128-0352,612e799f-2782-4b21-ac5c-6ac5bd3b9e8a,22dcfd0f-1989-4b3a-905e-4d4508483590,2,25000,50000,2025-10-22 20:57:07,completed
c3ffe315-c3e5-4c53-8a61-c30c0f44a480,ORD-20251128-0352,612e799f-2782-4b21-ac5c-6ac5bd3b9e8a,566f0937-73b3-4115-b5aa-ddf548383135,1,3000,3000,2025-10-22 20:57:07,completed
6e2e409d-4128-408d-9a13-330956d35c7d,ORD-20251128-0353,11e05a0b-c2b5-43f1-80f4-46b547188bb9,17ad20c4-a240-4058-b0d7-6bf0159238eb,3,38000,114000,2025-09-03 20:57:07,completed
14e4dcf3-6ea1-4a80-8a5b-ca1e2acf2de2,ORD-20251128-0354,a280a790-efe9-490b-9be6-7d44e02f828b,1d377005-8099-4f51-83e9-91d4682e6397,4,15000,60000,2025-10-25 20:57:07,completed
345d8b3f-5590-42e6-9a93-116f866cedeb,ORD-20251128-0355,339091db-a3ff-477a-b28f-19efbbf5f495,f3093aaa-5474-468c-9b8d-9ef9a28956b9,1,40000,40000,2025-10-22 20:57:07,completed
2071e70e-3a77-4a76-8280-61c183523741,ORD-20251128-0355,339091db-a3ff-477a-b28f-19efbbf5f495,70710b93-2b14-4674-a243-b919d6002c48,2,85000,170000,2025-10-22 20:57:07,completed
26744b87-9b5d-45e4-bebe-2f34f29dbd15,ORD-20251128-0355,339091db-a3ff-477a-b28f-19efbbf5f495,457afb33-6e9d-4ad9-9f4c-b52be26e5f18,2,65000,130000,2025-10-22 20:57:07,completed
cffdbda7-b594-46f2-9fa3-683634a03003,ORD-20251128-0356,67e5fd1c-26a2-429b-9994-ba309e43ceee,8e92045c-5e6e-49ed-ab90-b2f48ee054ac,1,18000,18000,2025-09-07 20:57:07,completed
6c4a2476-534a-4cbb-9db7-81e7f88d18f6,ORD-20251128-0356,67e5fd1c-26a2-429b-9994-ba309e43ceee,566f0937-73b3-4115-b5aa-ddf548383135,2,3000,6000,2025-09-07 20:57:07,completed
c9be5264-feec-423e-a387-9462eed5609e,ORD-20251128-0356,67e5fd1c-26a2-429b-9994-ba309e43ceee,7c05ce84-5fba-401a-b3dd-6c1bb3434baa,1,4000,4000,2025-09-07 20:57:07,completed
923df0e0-afb1-4175-abce-91716d8f8b63,ORD-20251128-0357,991e985c-995f-4d63-817f-81d1ac478e0f,7a4af2f2-f55b-4300-a4ba-4406efcc350c,2,65000,130000,2025-10-29 20:57:07,completed
780ca0a8-ce04-46bf-8689-919bbdfc17ba,ORD-20251128-0357,991e985c-995f-4d63-817f-81d1ac478e0f,457afb33-6e9d-4ad9-9f4c-b52be26e5f18,1,65000,65000,2025-10-29 20:57:07,completed
b072ce26-0fcb-476f-8741-3f28ff0f7d55,ORD-20251128-0357,991e985c-995f-4d63-817f-81d1ac478e0f,b3cc44f1-f3c1-4703-98d8-ac40cb387187,2,70000,140000,2025-10-29 20:57:07,completed
7532e594-bab1-4e7b-9fff-416f34563667,ORD-20251128-0358,fd09d135-3d92-4afa-8f25-362828ce59ea,1e23552f-bc5e-4208-9e11-427b901c022c,4,30000,120000,2025-11-04 20:57:07,completed
1f1a07f3-a04d-449e-baca-0f691c9b715d,ORD-20251128-0358,fd09d135-3d92-4afa-8f25-362828ce59ea,5264a61a-da95-4ca9-8c42-c845a8fad53e,3,18000,54000,2025-11-04 20:57:07,completed
520955d4-ebbf-447c-8ce4-dcbc4c1b7559,ORD-20251128-0358,fd09d135-3d92-4afa-8f25-362828ce59ea,d64a383b-6112-47b7-a18e-a8cf9fa8fb21,2,32000,64000,2025-11-04 20:57:07,completed
4235d8c7-cf8d-41e6-b030-9247e9bb9c11,ORD-20251128-0359,d05444c6-b8e7-46e9-aec2-6d4dcef2cda5,7c05ce84-5fba-401a-b3dd-6c1bb3434baa,5,4000,20000,2025-09-16 20:57:07,completed
41a44f56-d9cd-4815-8f6a-235812240103,ORD-20251128-0359,d05444c6-b8e7-46e9-aec2-6d4dcef2cda5,22dcfd0f-1989-4b3a-905e-4d4508483590,3,25000,75000,2025-09-16 20:57:07,completed
74019939-240f-4d96-bbd0-14851e32b384,ORD-20251128-0359,d05444c6-b8e7-46e9-aec2-6d4dcef2cda5,566f0937-73b3-4115-b5aa-ddf548383135,2,3000,6000,2025-09-16 20:57:07,completed
ace1c738-f1d6-42a6-94f3-7ee2b60637aa,ORD-20251128-0360,fd09d135-3d92-4afa-8f25-362828ce59ea,f3093aaa-5474-468c-9b8d-9ef9a28956b9,4,40000,160000,2025-09-28 20:57:07,completed
af56c57d-a474-4de1-b1b5-6a51ea0bb050,ORD-20251128-0360,fd09d135-3d92-4afa-8f25-362828ce59ea,70710b93-2b14-4674-a243-b919d6002c48,5,85000,425000,2025-09-28 20:57:07,completed
8e976fff-ba33-4e04-b622-0d7a263aa273,ORD-20251128-0360,fd09d135-3d92-4afa-8f25-362828ce59ea,b3cc44f1-f3c1-4703-98d8-ac40cb387187,3,70000,210000,2025-09-28 20:57:07,completed
67ed117c-0143-425e-99ac-d656c0ad64ea,ORD-20251128-0361,d5cbcd09-6763-416c-b8bd-c5859f32ec8d,b766b9d7-f3ae-4858-8273-7afc2b0d0ea9,1,35000,35000,2025-10-12 20:57:07,completed
3bcc4003-c7a9-40f9-9eb7-9b89c980ca06,ORD-20251128-0361,d5cbcd09-6763-416c-b8bd-c5859f32ec8d,15a2b4b7-8e82-4815-84af-477582d6d4e8,2,45000,90000,2025-10-12 20:57:07,completed
54ab1970-7a7c-4483-8b18-ae6863b58fcc,ORD-20251128-0361,d5cbcd09-6763-416c-b8bd-c5859f32ec8d,0dcea2ff-2c7d-4349-81a4-9a922d251bc7,4,20000,80000,2025-10-12 20:57:07,completed
1bfb2f85-94f6-4fad-a1e9-ff730748e0b9,ORD-20251128-0362,d47c8b39-984c-426b-903e-aba2ae2c9fb8,d17954aa-743b-4ff8-843f-baa9882e56a3,3,5000,15000,2025-09-07 20:57:07,completed
49764caa-fa14-49cd-97a8-2cbf3fc2be12,ORD-20251128-0362,d47c8b39-984c-426b-903e-aba2ae2c9fb8,54f78d73-e07a-4863-bb29-3c9517a716d3,1,8000,8000,2025-09-07 20:57:07,completed
f9b11d14-1f6e-43ef-9c86-5c4233494d3f,ORD-20251128-0362,d47c8b39-984c-426b-903e-aba2ae2c9fb8,36d6f0d3-a4e9-40e8-b4a0-f37ffdc98e80,1,7000,7000,2025-09-07 20:57:07,completed
0ac3362a-1e6a-497b-a322-b3ae2befaedb,ORD-20251128-0363,d05444c6-b8e7-46e9-aec2-6d4dcef2cda5,9932efc2-6bf0-43a3-a3a9-22be92df3e72,2,42000,84000,2025-09-20 20:57:07,completed
86e273d8-431f-404c-a21f-2d5e8c9436fe,ORD-20251128-0363,d05444c6-b8e7-46e9-aec2-6d4dcef2cda5,523853a9-14ec-4b71-8ea1-d85e92f1b94c,3,45000,135000,2025-09-20 20:57:07,completed
83d08914-4fb3-44de-8cc0-4b830f1a3812,ORD-20251128-0363,d05444c6-b8e7-46e9-aec2-6d4dcef2cda5,17ad20c4-a240-4058-b0d7-6bf0159238eb,1,38000,38000,2025-09-20 20:57:07,completed
5de8215e-4f62-4e10-a420-27b665c07e95,ORD-20251128-0364,11e05a0b-c2b5-43f1-80f4-46b547188bb9,457afb33-6e9d-4ad9-9f4c-b52be26e5f18,5,65000,325000,2025-10-20 20:57:07,completed
4cff64f6-7bae-41ca-86ae-c8c702834766,ORD-20251128-0364,11e05a0b-c2b5-43f1-80f4-46b547188bb9,70710b93-2b14-4674-a243-b919d6002c48,5,85000,425000,2025-10-20 20:57:07,completed
1694c14e-37a9-4dd9-81c5-d98ea530d4ee,ORD-20251128-0364,11e05a0b-c2b5-43f1-80f4-46b547188bb9,b3cc44f1-f3c1-4703-98d8-ac40cb387187,1,70000,70000,2025-10-20 20:57:07,completed
e7572597-368f-47c9-b746-b04ea7939228,ORD-20251128-0365,ba4010ef-70bf-489b-b893-f0defdb98d05,8e92045c-5e6e-49ed-ab90-b2f48ee054ac,1,18000,18000,2025-11-20 20:57:07,completed
b4ad2d0b-3e2e-473d-8256-6cd6302dae88,ORD-20251128-0365,ba4010ef-70bf-489b-b893-f0defdb98d05,566f0937-73b3-4115-b5aa-ddf548383135,3,3000,9000,2025-11-20 20:57:07,completed
26c25b36-c1bd-49ad-af22-d2a41f5f3a40,ORD-20251128-0365,ba4010ef-70bf-489b-b893-f0defdb98d05,7c05ce84-5fba-401a-b3dd-6c1bb3434baa,2,4000,8000,2025-11-20 20:57:07,completed
1cc651bc-7a71-423c-8a98-2e1c0ba1613e,ORD-20251128-0366,d5cbcd09-6763-416c-b8bd-c5859f32ec8d,e4016c30-6fdf-4bc0-8aac-90251ed59474,2,120000,240000,2025-09-15 20:57:07,completed
1601a8ef-3a86-4236-8a43-542729691eae,ORD-20251128-0366,d5cbcd09-6763-416c-b8bd-c5859f32ec8d,7ff7d632-79f8-4a95-bcdf-dafb9b46899e,2,25000,50000,2025-09-15 20:57:07,completed
699e3350-1940-4c43-acd6-5b9459abb219,ORD-20251128-0367,1ad5e86a-1d26-431f-b684-6478baa5a883,b14d511b-20cd-43c7-9b49-f37c0a9d4e2e,1,8000,8000,2025-10-12 20:57:07,completed
e984a71a-9551-4040-add1-45a05f811df8,ORD-20251128-0367,1ad5e86a-1d26-431f-b684-6478baa5a883,98d8d5cb-c8f1-4a5a-ad69-bec1d221e519,4,15000,60000,2025-10-12 20:57:07,completed
ea1da30e-df31-47c6-889b-b402a85b53d2,ORD-20251128-0367,1ad5e86a-1d26-431f-b684-6478baa5a883,42d5ef1c-db95-411b-89fa-434505387edc,5,22000,110000,2025-10-12 20:57:07,completed
097a7bbf-9667-4d6d-9a70-0fddedc8ab85,ORD-20251128-0367,1ad5e86a-1d26-431f-b684-6478baa5a883,d17954aa-743b-4ff8-843f-baa9882e56a3,4,5000,20000,2025-10-12 20:57:07,completed
95c091f3-2895-4610-9752-ea0d86a61dae,ORD-20251128-0367,1ad5e86a-1d26-431f-b684-6478baa5a883,0926c326-915b-409d-b677-aae6696c87ab,2,4000,8000,2025-10-12 20:57:07,completed
25a6f05b-4db2-4c07-ae6a-3d1fb577d341,ORD-20251128-0368,51e4f36f-1dc4-4382-a0c4-1f6fb0d356a5,a0ab615e-653c-4623-96d5-7bc0121b23ee,2,95000,190000,2025-11-01 20:57:07,completed
82d88b76-ed1b-478e-8f72-092305fd04cd,ORD-20251128-0368,51e4f36f-1dc4-4382-a0c4-1f6fb0d356a5,9932efc2-6bf0-43a3-a3a9-22be92df3e72,5,42000,210000,2025-11-01 20:57:07,completed
72781c4e-2df7-4587-bace-be040df1232f,ORD-20251128-0368,51e4f36f-1dc4-4382-a0c4-1f6fb0d356a5,17ad20c4-a240-4058-b0d7-6bf0159238eb,2,38000,76000,2025-11-01 20:57:07,completed
199de434-9f6b-45da-8283-788b89fe0285,ORD-20251128-0369,d05444c6-b8e7-46e9-aec2-6d4dcef2cda5,81e681d5-8f1f-4f3d-b16f-268bc92305e5,3,22000,66000,2025-09-01 20:57:07,completed
26eabf9a-05ef-4b84-aa59-6bf9246db1d9,ORD-20251128-0369,d05444c6-b8e7-46e9-aec2-6d4dcef2cda5,d17954aa-743b-4ff8-843f-baa9882e56a3,3,5000,15000,2025-09-01 20:57:07,completed
d036f72d-d23f-43c1-b60d-a96df5e95409,ORD-20251128-0369,d05444c6-b8e7-46e9-aec2-6d4dcef2cda5,395bced4-b52f-41d1-86f0-09eba3e7ca08,5,75000,375000,2025-09-01 20:57:07,completed
9042dd82-6402-4cbc-b4ed-dd55b0a12057,ORD-20251128-0370,a280a790-efe9-490b-9be6-7d44e02f828b,523853a9-14ec-4b71-8ea1-d85e92f1b94c,3,45000,135000,2025-11-24 20:57:07,completed
465f8ee4-2542-4439-9102-3cbb408491b4,ORD-20251128-0370,a280a790-efe9-490b-9be6-7d44e02f828b,a0ab615e-653c-4623-96d5-7bc0121b23ee,5,95000,475000,2025-11-24 20:57:07,completed
25c9149a-a44d-44af-af30-62772751e47c,ORD-20251128-0370,a280a790-efe9-490b-9be6-7d44e02f828b,17ad20c4-a240-4058-b0d7-6bf0159238eb,5,38000,190000,2025-11-24 20:57:07,completed
5c88c225-f6b5-403c-b79c-b84abb50dab0,ORD-20251128-0371,67e5fd1c-26a2-429b-9994-ba309e43ceee,932a5d8b-c8d0-442f-91a5-4dc7dbe137f6,4,75000,300000,2025-09-28 20:57:07,completed
6b300b72-bfaf-450c-8d5c-884e7bf1083d,ORD-20251128-0371,67e5fd1c-26a2-429b-9994-ba309e43ceee,7a4af2f2-f55b-4300-a4ba-4406efcc350c,1,65000,65000,2025-09-28 20:57:07,completed
2a12e671-5f4c-444d-862c-4e8feb7cf934,ORD-20251128-0371,67e5fd1c-26a2-429b-9994-ba309e43ceee,4d43fae2-9d28-488c-832a-de6f9f94087f,5,25000,125000,2025-09-28 20:57:07,completed
4b702f56-ec9b-4ec7-b3e4-4c2cd4ee984d,ORD-20251128-0371,67e5fd1c-26a2-429b-9994-ba309e43ceee,54f78d73-e07a-4863-bb29-3c9517a716d3,2,8000,16000,2025-09-28 20:57:07,completed
6ac90b67-18c9-40d7-93df-fc9f0f806b53,ORD-20251128-0371,67e5fd1c-26a2-429b-9994-ba309e43ceee,7c05ce84-5fba-401a-b3dd-6c1bb3434baa,1,4000,4000,2025-09-28 20:57:07,completed
f9b7cd89-07ca-4124-abd0-a8fe233ef607,ORD-20251128-0372,da4f4e65-7433-4f4e-84ba-90a9f424ab7f,15a2b4b7-8e82-4815-84af-477582d6d4e8,5,45000,225000,2025-09-04 20:57:07,completed
dabd888b-a37f-4cfb-873a-b6fb1a2b2542,ORD-20251128-0372,da4f4e65-7433-4f4e-84ba-90a9f424ab7f,54f78d73-e07a-4863-bb29-3c9517a716d3,2,8000,16000,2025-09-04 20:57:07,completed
d88cd41b-8e78-46e4-8988-377974aa2f46,ORD-20251128-0373,991e985c-995f-4d63-817f-81d1ac478e0f,a0ab615e-653c-4623-96d5-7bc0121b23ee,5,95000,475000,2025-10-28 20:57:07,completed
ac882076-b0a4-4223-bad1-c0c3fa874cb7,ORD-20251128-0373,991e985c-995f-4d63-817f-81d1ac478e0f,523853a9-14ec-4b71-8ea1-d85e92f1b94c,1,45000,45000,2025-10-28 20:57:07,completed
c5c1ec70-4272-478c-9629-67029bb53e7a,ORD-20251128-0373,991e985c-995f-4d63-817f-81d1ac478e0f,17ad20c4-a240-4058-b0d7-6bf0159238eb,4,38000,152000,2025-10-28 20:57:07,completed
cb4f221c-1afb-41b3-bd1a-6f21ed7e391a,ORD-20251128-0374,da4f4e65-7433-4f4e-84ba-90a9f424ab7f,22dcfd0f-1989-4b3a-905e-4d4508483590,2,25000,50000,2025-11-03 20:57:07,completed
7fe7c0f3-7039-4f7b-a535-b6f4f98227b4,ORD-20251128-0374,da4f4e65-7433-4f4e-84ba-90a9f424ab7f,af5f9e6c-806a-416d-aa71-951a0d5774fc,1,38000,38000,2025-11-03 20:57:07,completed
27353171-002e-4721-87e2-cc424481b847,ORD-20251128-0374,da4f4e65-7433-4f4e-84ba-90a9f424ab7f,a0ab615e-653c-4623-96d5-7bc0121b23ee,3,95000,285000,2025-11-03 20:57:07,completed
3b217a2c-ddbb-46d8-9ddd-619c5e19d9a4,ORD-20251128-0374,da4f4e65-7433-4f4e-84ba-90a9f424ab7f,b3cc44f1-f3c1-4703-98d8-ac40cb387187,3,70000,210000,2025-11-03 20:57:07,completed
202bb432-76b8-413f-a5dd-e317f45bb0ec,ORD-20251128-0374,da4f4e65-7433-4f4e-84ba-90a9f424ab7f,5264a61a-da95-4ca9-8c42-c845a8fad53e,5,18000,90000,2025-11-03 20:57:07,completed
d56923c8-a251-4897-8514-eea38c120ae1,ORD-20251128-0375,da4f4e65-7433-4f4e-84ba-90a9f424ab7f,36d6f0d3-a4e9-40e8-b4a0-f37ffdc98e80,5,7000,35000,2025-11-03 20:57:07,completed
2019bfc2-c4ec-4cbb-aa3b-f9117cbf83df,ORD-20251128-0375,da4f4e65-7433-4f4e-84ba-90a9f424ab7f,54f78d73-e07a-4863-bb29-3c9517a716d3,5,8000,40000,2025-11-03 20:57:07,completed
4e62501d-70b3-46e7-b7a3-45ce3d47295f,ORD-20251128-0375,da4f4e65-7433-4f4e-84ba-90a9f424ab7f,8969e32c-0606-49f8-8262-28a337d93839,5,9000,45000,2025-11-03 20:57:07,completed
fc80a232-0ae8-43a7-9984-3b35ac970a4e,ORD-20251128-0376,51e4f36f-1dc4-4382-a0c4-1f6fb0d356a5,0dcea2ff-2c7d-4349-81a4-9a922d251bc7,5,20000,100000,2025-09-25 20:57:07,completed
84ffc620-ee2b-417e-81e0-9402cc579be9,ORD-20251128-0376,51e4f36f-1dc4-4382-a0c4-1f6fb0d356a5,15a2b4b7-8e82-4815-84af-477582d6d4e8,5,45000,225000,2025-09-25 20:57:07,completed
d43d6726-527c-43a6-8c8b-106d9bf837fd,ORD-20251128-0376,51e4f36f-1dc4-4382-a0c4-1f6fb0d356a5,b766b9d7-f3ae-4858-8273-7afc2b0d0ea9,1,35000,35000,2025-09-25 20:57:07,completed
93544bd2-033c-412f-af34-95fbe90237c8,ORD-20251128-0377,1ad5e86a-1d26-431f-b684-6478baa5a883,17ad20c4-a240-4058-b0d7-6bf0159238eb,1,38000,38000,2025-10-10 20:57:07,completed
1cef8e5a-8cc0-427d-b84f-e655683bc284,ORD-20251128-0377,1ad5e86a-1d26-431f-b684-6478baa5a883,523853a9-14ec-4b71-8ea1-d85e92f1b94c,4,45000,180000,2025-10-10 20:57:07,completed
5b4b27e5-d98c-4991-9177-08fe82e6a1c6,ORD-20251128-0377,1ad5e86a-1d26-431f-b684-6478baa5a883,a0ab615e-653c-4623-96d5-7bc0121b23ee,3,95000,285000,2025-10-10 20:57:07,completed
444c0992-4e88-460a-a969-f2781c7477fb,ORD-20251128-0378,612e799f-2782-4b21-ac5c-6ac5bd3b9e8a,a60dbf18-c1fb-474b-bff4-e8426cb2cc7a,4,35000,140000,2025-10-18 20:57:07,completed
15333366-3780-4cf0-bc3b-49c307930803,ORD-20251128-0378,612e799f-2782-4b21-ac5c-6ac5bd3b9e8a,af5f9e6c-806a-416d-aa71-951a0d5774fc,2,38000,76000,2025-10-18 20:57:07,completed
e57da6f3-fb68-4262-9d04-d1ba6924f208,ORD-20251128-0378,612e799f-2782-4b21-ac5c-6ac5bd3b9e8a,47b15327-cc21-4675-9f1d-2ecf48c8f596,5,18000,90000,2025-10-18 20:57:07,completed
840eb4dc-84b7-41af-98fa-d53ff87802b7,ORD-20251128-0378,612e799f-2782-4b21-ac5c-6ac5bd3b9e8a,e4016c30-6fdf-4bc0-8aac-90251ed59474,5,120000,600000,2025-10-18 20:57:07,completed
15d701b7-d35d-4ac8-8e2e-49057d4d1053,ORD-20251128-0378,612e799f-2782-4b21-ac5c-6ac5bd3b9e8a,42d5ef1c-db95-411b-89fa-434505387edc,1,22000,22000,2025-10-18 20:57:07,completed
5bc49477-6bfb-40c9-a2f3-b2d0c599b705,ORD-20251128-0379,67e5fd1c-26a2-429b-9994-ba309e43ceee,0e462ced-37f3-4960-bd58-1461ae7cebe2,4,6000,24000,2025-11-09 20:57:07,completed
68bd560b-a524-4b5d-ac7e-f0fe2d7d6ba1,ORD-20251128-0379,67e5fd1c-26a2-429b-9994-ba309e43ceee,8969e32c-0606-49f8-8262-28a337d93839,1,9000,9000,2025-11-09 20:57:07,completed
28358be7-8b0b-4d12-bb06-b0869f317df8,ORD-20251128-0379,67e5fd1c-26a2-429b-9994-ba309e43ceee,d17954aa-743b-4ff8-843f-baa9882e56a3,5,5000,25000,2025-11-09 20:57:07,completed
2d9cf34c-7c3a-49b9-82d8-908dd65a4f23,ORD-20251128-0380,a280a790-efe9-490b-9be6-7d44e02f828b,b3cc44f1-f3c1-4703-98d8-ac40cb387187,1,70000,70000,2025-09-06 20:57:07,completed
f4cb0d0d-44ba-45f8-bc4b-d40e36a00227,ORD-20251128-0380,a280a790-efe9-490b-9be6-7d44e02f828b,7a4af2f2-f55b-4300-a4ba-4406efcc350c,5,65000,325000,2025-09-06 20:57:07,completed
6609bbb6-1f73-45cb-ada5-9d1f951fdffd,ORD-20251128-0380,a280a790-efe9-490b-9be6-7d44e02f828b,70710b93-2b14-4674-a243-b919d6002c48,4,85000,340000,2025-09-06 20:57:07,completed
5da4dba0-e14f-4c75-b8af-50a4e61c77bf,ORD-20251128-0381,67e5fd1c-26a2-429b-9994-ba309e43ceee,b766b9d7-f3ae-4858-8273-7afc2b0d0ea9,5,35000,175000,2025-09-08 20:57:07,completed
3b8b60c1-b129-49e2-97e8-a2722838a490,ORD-20251128-0381,67e5fd1c-26a2-429b-9994-ba309e43ceee,0dcea2ff-2c7d-4349-81a4-9a922d251bc7,3,20000,60000,2025-09-08 20:57:07,completed
7c31ed60-79f4-4322-bd68-81519cfe2cd9,ORD-20251128-0381,67e5fd1c-26a2-429b-9994-ba309e43ceee,15a2b4b7-8e82-4815-84af-477582d6d4e8,1,45000,45000,2025-09-08 20:57:07,completed
a9219fa7-0f4d-44b4-9fc6-895fc70fd91d,ORD-20251128-0382,991e985c-995f-4d63-817f-81d1ac478e0f,4d43fae2-9d28-488c-832a-de6f9f94087f,5,25000,125000,2025-10-04 20:57:07,completed
2dd5240c-fdc7-430b-b8d7-8a40c48706d3,ORD-20251128-0383,ba4010ef-70bf-489b-b893-f0defdb98d05,932a5d8b-c8d0-442f-91a5-4dc7dbe137f6,2,75000,150000,2025-11-14 20:57:07,completed
82438310-8322-4f56-9a3c-a2aae6473d6a,ORD-20251128-0383,ba4010ef-70bf-489b-b893-f0defdb98d05,0dca8dc1-02c9-4543-b856-b95d8bc5486c,1,35000,35000,2025-11-14 20:57:07,completed
3c368c84-ee91-47d0-8093-24159f2dc791,ORD-20251128-0383,ba4010ef-70bf-489b-b893-f0defdb98d05,8969e32c-0606-49f8-8262-28a337d93839,5,9000,45000,2025-11-14 20:57:07,completed
02c8a92d-55b2-4e51-940b-dfc2db6df850,ORD-20251128-0383,ba4010ef-70bf-489b-b893-f0defdb98d05,b3cc44f1-f3c1-4703-98d8-ac40cb387187,4,70000,280000,2025-11-14 20:57:07,completed
25e6557e-a3ce-44e4-b11d-0bc210ff6379,ORD-20251128-0383,ba4010ef-70bf-489b-b893-f0defdb98d05,7ff7d632-79f8-4a95-bcdf-dafb9b46899e,1,25000,25000,2025-11-14 20:57:07,completed
ce6efb54-a8d1-4cf3-8b6c-7ebb517e8cb0,ORD-20251128-0384,612e799f-2782-4b21-ac5c-6ac5bd3b9e8a,b40277d1-e51a-4b24-b017-83458955af1a,5,18000,90000,2025-08-30 20:57:07,completed
8a707857-529e-4e20-b795-8d83d3c685f1,ORD-20251128-0384,612e799f-2782-4b21-ac5c-6ac5bd3b9e8a,5264a61a-da95-4ca9-8c42-c845a8fad53e,2,18000,36000,2025-08-30 20:57:07,completed
b5a6be74-9fdf-45df-8635-73040f9d5a47,ORD-20251128-0384,612e799f-2782-4b21-ac5c-6ac5bd3b9e8a,4d43fae2-9d28-488c-832a-de6f9f94087f,2,25000,50000,2025-08-30 20:57:07,completed
7fa2cf95-6400-4ab0-97d4-d6a4ea577764,ORD-20251128-0384,612e799f-2782-4b21-ac5c-6ac5bd3b9e8a,2994aaf1-ae81-4d5c-97c7-ee6044ad977a,1,15000,15000,2025-08-30 20:57:07,completed
7f39fd9c-83e1-4d68-9a79-47a6bd7f62ff,ORD-20251128-0385,d5cbcd09-6763-416c-b8bd-c5859f32ec8d,7c05ce84-5fba-401a-b3dd-6c1bb3434baa,5,4000,20000,2025-09-15 20:57:07,completed
a8c9f7cb-b222-40f7-89d5-30b0d1d0e47b,ORD-20251128-0385,d5cbcd09-6763-416c-b8bd-c5859f32ec8d,8e92045c-5e6e-49ed-ab90-b2f48ee054ac,3,18000,54000,2025-09-15 20:57:07,completed
63c2c975-0170-49bb-8530-eae4f5bf16f7,ORD-20251128-0385,d5cbcd09-6763-416c-b8bd-c5859f32ec8d,566f0937-73b3-4115-b5aa-ddf548383135,5,3000,15000,2025-09-15 20:57:07,completed
d834365e-412e-46ae-a922-35d660c1e009,ORD-20251128-0386,51457108-5651-4917-aef4-01e005360bcb,15a2b4b7-8e82-4815-84af-477582d6d4e8,5,45000,225000,2025-11-21 20:57:07,completed
c272dcb7-4142-4154-afc0-a639f0623c6f,ORD-20251128-0386,51457108-5651-4917-aef4-01e005360bcb,b766b9d7-f3ae-4858-8273-7afc2b0d0ea9,5,35000,175000,2025-11-21 20:57:07,completed
f277ee18-2665-48ab-a3ce-e867b99f94cb,ORD-20251128-0386,51457108-5651-4917-aef4-01e005360bcb,0dcea2ff-2c7d-4349-81a4-9a922d251bc7,1,20000,20000,2025-11-21 20:57:07,completed
fb0fb1c9-77eb-47c2-9967-2bc34b118dbd,ORD-20251128-0387,ba4010ef-70bf-489b-b893-f0defdb98d05,a0ab615e-653c-4623-96d5-7bc0121b23ee,1,95000,95000,2025-11-08 20:57:07,completed
09b4716a-3f35-49ac-8e93-0fc09bea5b99,ORD-20251128-0387,ba4010ef-70bf-489b-b893-f0defdb98d05,9932efc2-6bf0-43a3-a3a9-22be92df3e72,5,42000,210000,2025-11-08 20:57:07,completed
eda1fae6-29a2-4d65-b8c0-518749f73dfb,ORD-20251128-0387,ba4010ef-70bf-489b-b893-f0defdb98d05,17ad20c4-a240-4058-b0d7-6bf0159238eb,2,38000,76000,2025-11-08 20:57:07,completed
05261c6b-9281-48ff-ba48-3c6159f4d678,ORD-20251128-0388,d47c8b39-984c-426b-903e-aba2ae2c9fb8,5264a61a-da95-4ca9-8c42-c845a8fad53e,4,18000,72000,2025-10-28 20:57:07,completed
efbf4d1d-8a61-471e-affb-f385ab9d9495,ORD-20251128-0388,d47c8b39-984c-426b-903e-aba2ae2c9fb8,705e8518-49ce-4be4-a01b-fdc214f4ec72,1,28000,28000,2025-10-28 20:57:07,completed
a757b672-3529-41fb-af2b-d8d102601529,ORD-20251128-0388,d47c8b39-984c-426b-903e-aba2ae2c9fb8,566f0937-73b3-4115-b5aa-ddf548383135,1,3000,3000,2025-10-28 20:57:07,completed
0e83bf39-aafd-446e-9425-68d51b2af749,ORD-20251128-0388,d47c8b39-984c-426b-903e-aba2ae2c9fb8,42d5ef1c-db95-411b-89fa-434505387edc,2,22000,44000,2025-10-28 20:57:07,completed
dd721f4a-5198-422c-8cd7-9902c3b39fc9,ORD-20251128-0389,d5cbcd09-6763-416c-b8bd-c5859f32ec8d,566f0937-73b3-4115-b5aa-ddf548383135,5,3000,15000,2025-09-29 20:57:07,completed
61de96b8-5f48-418d-8571-c35f5c17b94a,ORD-20251128-0389,d5cbcd09-6763-416c-b8bd-c5859f32ec8d,8e92045c-5e6e-49ed-ab90-b2f48ee054ac,4,18000,72000,2025-09-29 20:57:07,completed
77d4fb4c-c355-49be-b4a7-9ce5bd817645,ORD-20251128-0389,d5cbcd09-6763-416c-b8bd-c5859f32ec8d,7c05ce84-5fba-401a-b3dd-6c1bb3434baa,2,4000,8000,2025-09-29 20:57:07,completed
c03c4262-d57c-4f85-bebf-e10fa94aa90a,ORD-20251128-0390,51e4f36f-1dc4-4382-a0c4-1f6fb0d356a5,b3cc44f1-f3c1-4703-98d8-ac40cb387187,1,70000,70000,2025-09-28 20:57:07,completed
1532e71d-f29e-4719-a144-f17efa51bc51,ORD-20251128-0390,51e4f36f-1dc4-4382-a0c4-1f6fb0d356a5,70710b93-2b14-4674-a243-b919d6002c48,2,85000,170000,2025-09-28 20:57:07,completed
12a765da-6d3e-4f70-8b40-6e7e59e38267,ORD-20251128-0390,51e4f36f-1dc4-4382-a0c4-1f6fb0d356a5,7a4af2f2-f55b-4300-a4ba-4406efcc350c,4,65000,260000,2025-09-28 20:57:07,completed
61c2b11a-cb03-4849-a9fe-1253cadc36b3,ORD-20251128-0391,51e4f36f-1dc4-4382-a0c4-1f6fb0d356a5,2414ebda-b693-4952-8dc6-1c7e6f18f861,5,22000,110000,2025-11-27 20:57:07,completed
f8360af5-2684-4f64-af52-ebf9578f3f11,ORD-20251128-0391,51e4f36f-1dc4-4382-a0c4-1f6fb0d356a5,9af10703-fa13-4473-8682-aa9d905205f6,2,6000,12000,2025-11-27 20:57:07,completed
7af8d218-2321-438e-b8b0-8e203ffb24db,ORD-20251128-0391,51e4f36f-1dc4-4382-a0c4-1f6fb0d356a5,a60dbf18-c1fb-474b-bff4-e8426cb2cc7a,5,35000,175000,2025-11-27 20:57:07,completed
e4fc7ea6-c727-4094-8bdd-b4e9ade38bfb,ORD-20251128-0392,d5cbcd09-6763-416c-b8bd-c5859f32ec8d,b766b9d7-f3ae-4858-8273-7afc2b0d0ea9,3,35000,105000,2025-11-27 20:57:07,processing
fad4fa9f-1e07-4c51-baf1-32d9c3f287d6,ORD-20251128-0392,d5cbcd09-6763-416c-b8bd-c5859f32ec8d,0dcea2ff-2c7d-4349-81a4-9a922d251bc7,1,20000,20000,2025-11-27 20:57:07,processing
57bf89f6-87de-4e0f-a841-a337634f0251,ORD-20251128-0392,d5cbcd09-6763-416c-b8bd-c5859f32ec8d,15a2b4b7-8e82-4815-84af-477582d6d4e8,2,45000,90000,2025-11-27 20:57:07,processing
d4a18c63-aab7-4bca-9693-52f2222b23cf,ORD-20251128-0393,f637fadc-8fdc-4b7d-a0b7-724af70b2565,d64a383b-6112-47b7-a18e-a8cf9fa8fb21,3,32000,96000,2025-09-02 20:57:07,completed
dd7d6c13-c0aa-4eee-8fdf-22a3ba19eaa4,ORD-20251128-0393,f637fadc-8fdc-4b7d-a0b7-724af70b2565,7720d4b9-00ca-4de7-9020-041265fc3107,3,28000,84000,2025-09-02 20:57:07,completed
3b60e3f0-0010-4092-83df-267746d8d7f8,ORD-20251128-0393,f637fadc-8fdc-4b7d-a0b7-724af70b2565,895a88ae-b25e-4198-b8ce-2c6b98b530fa,5,12000,60000,2025-09-02 20:57:07,completed
6563769e-4553-4a67-b357-91b35eb3d3c7,ORD-20251128-0393,f637fadc-8fdc-4b7d-a0b7-724af70b2565,2414ebda-b693-4952-8dc6-1c7e6f18f861,3,22000,66000,2025-09-02 20:57:07,completed
5f732303-6ccf-4080-97bd-68fda79d76a1,ORD-20251128-0393,f637fadc-8fdc-4b7d-a0b7-724af70b2565,22dcfd0f-1989-4b3a-905e-4d4508483590,5,25000,125000,2025-09-02 20:57:07,completed
9c28a849-02a1-4789-bbbe-5d5594547d27,ORD-20251128-0394,f637fadc-8fdc-4b7d-a0b7-724af70b2565,0dcea2ff-2c7d-4349-81a4-9a922d251bc7,5,20000,100000,2025-09-27 20:57:07,completed
59b6f24f-a87e-4e82-aa81-38caffd745dd,ORD-20251128-0394,f637fadc-8fdc-4b7d-a0b7-724af70b2565,b766b9d7-f3ae-4858-8273-7afc2b0d0ea9,2,35000,70000,2025-09-27 20:57:07,completed
b2884036-e0ea-403b-aa69-d485fb4a75ba,ORD-20251128-0394,f637fadc-8fdc-4b7d-a0b7-724af70b2565,15a2b4b7-8e82-4815-84af-477582d6d4e8,5,45000,225000,2025-09-27 20:57:07,completed
b4bde5cc-5e82-4c7a-8ee3-d08686f06918,ORD-20251128-0395,10437b60-348b-4211-8052-22724becf62a,0dcea2ff-2c7d-4349-81a4-9a922d251bc7,1,20000,20000,2025-11-22 20:57:07,completed
597d5c80-2910-46c5-b6fc-b5bc1117b046,ORD-20251128-0395,10437b60-348b-4211-8052-22724becf62a,b766b9d7-f3ae-4858-8273-7afc2b0d0ea9,2,35000,70000,2025-11-22 20:57:07,completed
5db8a5d7-f4eb-435f-8a4e-4cf676123239,ORD-20251128-0395,10437b60-348b-4211-8052-22724becf62a,15a2b4b7-8e82-4815-84af-477582d6d4e8,1,45000,45000,2025-11-22 20:57:07,completed
ca80097f-09a6-4e15-a995-f0e6a01cf777,ORD-20251128-0396,d47c8b39-984c-426b-903e-aba2ae2c9fb8,566f0937-73b3-4115-b5aa-ddf548383135,3,3000,9000,2025-11-09 20:57:07,processing
42f665d8-8f6b-4563-9b8f-498ea2d3757d,ORD-20251128-0396,d47c8b39-984c-426b-903e-aba2ae2c9fb8,8e92045c-5e6e-49ed-ab90-b2f48ee054ac,1,18000,18000,2025-11-09 20:57:07,processing
bb88f20c-f2b3-46f0-a2f0-135d6705015a,ORD-20251128-0396,d47c8b39-984c-426b-903e-aba2ae2c9fb8,22dcfd0f-1989-4b3a-905e-4d4508483590,1,25000,25000,2025-11-09 20:57:07,processing
1892c8c5-d426-4dc6-8b3d-78e1c7222d4f,ORD-20251128-0397,991e985c-995f-4d63-817f-81d1ac478e0f,457afb33-6e9d-4ad9-9f4c-b52be26e5f18,1,65000,65000,2025-11-12 20:57:07,completed
848b2fbb-fbb1-4994-94ae-4203793acc9b,ORD-20251128-0397,991e985c-995f-4d63-817f-81d1ac478e0f,f3093aaa-5474-468c-9b8d-9ef9a28956b9,2,40000,80000,2025-11-12 20:57:07,completed
67b49d81-0c10-48ac-adbf-e9dbc5c5091a,ORD-20251128-0397,991e985c-995f-4d63-817f-81d1ac478e0f,7a4af2f2-f55b-4300-a4ba-4406efcc350c,1,65000,65000,2025-11-12 20:57:07,completed
a4bc35e0-6ab5-4f17-9b39-28f678dbecc0,ORD-20251128-0398,339091db-a3ff-477a-b28f-19efbbf5f495,a0ab615e-653c-4623-96d5-7bc0121b23ee,2,95000,190000,2025-10-17 20:57:07,completed
c8496a32-11a7-4d97-9a74-53c694eaefe4,ORD-20251128-0398,339091db-a3ff-477a-b28f-19efbbf5f495,523853a9-14ec-4b71-8ea1-d85e92f1b94c,5,45000,225000,2025-10-17 20:57:07,completed
1a6bf1d2-4651-4bd4-a276-919b38ce92ee,ORD-20251128-0398,339091db-a3ff-477a-b28f-19efbbf5f495,17ad20c4-a240-4058-b0d7-6bf0159238eb,1,38000,38000,2025-10-17 20:57:07,completed
cb813fdd-f22d-47cd-8533-455f7fdbb7ae,ORD-20251128-0399,19fc1f86-de81-46c8-bb6f-d3570572efa4,42d5ef1c-db95-411b-89fa-434505387edc,5,22000,110000,2025-09-01 20:57:07,completed
658d8bcc-0893-4169-a828-bb79c80a62f8,ORD-20251128-0399,19fc1f86-de81-46c8-bb6f-d3570572efa4,a60dbf18-c1fb-474b-bff4-e8426cb2cc7a,4,35000,140000,2025-09-01 20:57:07,completed
66038d31-f0f8-42aa-a5ed-e7ff69dc0705,ORD-20251128-0400,d05444c6-b8e7-46e9-aec2-6d4dcef2cda5,36d6f0d3-a4e9-40e8-b4a0-f37ffdc98e80,5,7000,35000,2025-11-11 20:57:07,completed
d5f1d00c-1478-4aa3-bc15-8ccfc380c073,ORD-20251128-0400,d05444c6-b8e7-46e9-aec2-6d4dcef2cda5,0e462ced-37f3-4960-bd58-1461ae7cebe2,5,6000,30000,2025-11-11 20:57:07,completed
1db88c7d-f337-400e-be4a-54dc93ae1727,ORD-20251128-0400,d05444c6-b8e7-46e9-aec2-6d4dcef2cda5,d17954aa-743b-4ff8-843f-baa9882e56a3,4,5000,20000,2025-11-11 20:57:07,completed
f92e4e23-5de2-4ad2-a266-068e8e50f689,ORD-20251128-0401,a280a790-efe9-490b-9be6-7d44e02f828b,9932efc2-6bf0-43a3-a3a9-22be92df3e72,2,42000,84000,2025-10-14 20:57:07,completed
b5a1e6bb-dcab-45c9-82db-a288ffec0e5c,ORD-20251128-0401,a280a790-efe9-490b-9be6-7d44e02f828b,a0ab615e-653c-4623-96d5-7bc0121b23ee,2,95000,190000,2025-10-14 20:57:07,completed
76437b47-19f6-4b5c-b64a-14499cd35192,ORD-20251128-0401,a280a790-efe9-490b-9be6-7d44e02f828b,523853a9-14ec-4b71-8ea1-d85e92f1b94c,4,45000,180000,2025-10-14 20:57:07,completed
fa22a354-a6df-485b-9121-3aff3ca6787c,ORD-20251128-0402,51e4f36f-1dc4-4382-a0c4-1f6fb0d356a5,22dcfd0f-1989-4b3a-905e-4d4508483590,5,25000,125000,2025-09-28 20:57:07,completed
df75dc8b-a55e-4c16-af32-b38ba1463bb8,ORD-20251128-0402,51e4f36f-1dc4-4382-a0c4-1f6fb0d356a5,7c05ce84-5fba-401a-b3dd-6c1bb3434baa,4,4000,16000,2025-09-28 20:57:07,completed
2ff48fb9-6d87-4f45-82e8-b0e16c9721d0,ORD-20251128-0402,51e4f36f-1dc4-4382-a0c4-1f6fb0d356a5,8e92045c-5e6e-49ed-ab90-b2f48ee054ac,2,18000,36000,2025-09-28 20:57:07,completed
5139eeeb-5e36-4b79-b1e0-45b4c7369923,ORD-20251128-0403,a280a790-efe9-490b-9be6-7d44e02f828b,15a2b4b7-8e82-4815-84af-477582d6d4e8,1,45000,45000,2025-10-12 20:57:07,completed
644df241-ee2d-41e8-8faa-c5dc30c3caeb,ORD-20251128-0403,a280a790-efe9-490b-9be6-7d44e02f828b,0dcea2ff-2c7d-4349-81a4-9a922d251bc7,3,20000,60000,2025-10-12 20:57:07,completed
277b26ea-a1f8-4f1c-ad1b-a52aa5538ab4,ORD-20251128-0403,a280a790-efe9-490b-9be6-7d44e02f828b,b766b9d7-f3ae-4858-8273-7afc2b0d0ea9,3,35000,105000,2025-10-12 20:57:07,completed
063d97ec-cad7-4801-9985-ab5df26fb22b,ORD-20251128-0404,fd09d135-3d92-4afa-8f25-362828ce59ea,15a2b4b7-8e82-4815-84af-477582d6d4e8,5,45000,225000,2025-10-09 20:57:07,completed
37bd0690-e1b4-451f-befa-71a4a88fb5b2,ORD-20251128-0404,fd09d135-3d92-4afa-8f25-362828ce59ea,b766b9d7-f3ae-4858-8273-7afc2b0d0ea9,5,35000,175000,2025-10-09 20:57:07,completed
672ff351-9337-41ea-8faa-c77409e2f30c,ORD-20251128-0404,fd09d135-3d92-4afa-8f25-362828ce59ea,0dcea2ff-2c7d-4349-81a4-9a922d251bc7,5,20000,100000,2025-10-09 20:57:07,completed
a670375a-b4d7-45c3-8d4e-d808ae19dc58,ORD-20251128-0405,19fc1f86-de81-46c8-bb6f-d3570572efa4,1e23552f-bc5e-4208-9e11-427b901c022c,4,30000,120000,2025-10-31 20:57:07,completed
38c711b1-8ed4-4ee7-a579-cd6735ed6c86,ORD-20251128-0405,19fc1f86-de81-46c8-bb6f-d3570572efa4,1d377005-8099-4f51-83e9-91d4682e6397,2,15000,30000,2025-10-31 20:57:07,completed
0b0b0fa7-d35b-4b93-98ae-a11f71bbad57,ORD-20251128-0405,19fc1f86-de81-46c8-bb6f-d3570572efa4,8969e32c-0606-49f8-8262-28a337d93839,4,9000,36000,2025-10-31 20:57:07,completed
d07e2915-09db-4da3-97d4-028ea694410b,ORD-20251128-0405,19fc1f86-de81-46c8-bb6f-d3570572efa4,2994aaf1-ae81-4d5c-97c7-ee6044ad977a,2,15000,30000,2025-10-31 20:57:07,completed
03929468-3014-46aa-8345-fca60ea129a5,ORD-20251128-0406,fd09d135-3d92-4afa-8f25-362828ce59ea,b766b9d7-f3ae-4858-8273-7afc2b0d0ea9,3,35000,105000,2025-11-28 20:57:07,completed
26a22685-94f5-4ad7-baa1-d55d7d37ce6f,ORD-20251128-0406,fd09d135-3d92-4afa-8f25-362828ce59ea,0dcea2ff-2c7d-4349-81a4-9a922d251bc7,4,20000,80000,2025-11-28 20:57:07,completed
b9ecdb1d-339c-41ae-b75e-21aac4c35fa7,ORD-20251128-0406,fd09d135-3d92-4afa-8f25-362828ce59ea,15a2b4b7-8e82-4815-84af-477582d6d4e8,1,45000,45000,2025-11-28 20:57:07,completed
3b8fba9f-0d05-47f4-b243-26ee897e3d2a,ORD-20251128-0407,d47c8b39-984c-426b-903e-aba2ae2c9fb8,22dcfd0f-1989-4b3a-905e-4d4508483590,5,25000,125000,2025-09-13 20:57:07,completed
273d7c72-68cb-416d-8372-3aaea4491326,ORD-20251128-0407,d47c8b39-984c-426b-903e-aba2ae2c9fb8,8e92045c-5e6e-49ed-ab90-b2f48ee054ac,3,18000,54000,2025-09-13 20:57:07,completed
5849d7ba-7178-49f8-b1c3-1bc86b4168e2,ORD-20251128-0407,d47c8b39-984c-426b-903e-aba2ae2c9fb8,7c05ce84-5fba-401a-b3dd-6c1bb3434baa,1,4000,4000,2025-09-13 20:57:07,completed
58867336-ac29-496f-9f6a-6f8a2cf7d08d,ORD-20251128-0408,10437b60-348b-4211-8052-22724becf62a,457afb33-6e9d-4ad9-9f4c-b52be26e5f18,4,65000,260000,2025-10-17 20:57:07,completed
a79f7810-60c1-4385-b79b-6238322834d8,ORD-20251128-0409,fd09d135-3d92-4afa-8f25-362828ce59ea,0dcea2ff-2c7d-4349-81a4-9a922d251bc7,4,20000,80000,2025-11-14 20:57:07,completed
57f6c371-970d-457a-a1cb-312808e5c8b1,ORD-20251128-0409,fd09d135-3d92-4afa-8f25-362828ce59ea,15a2b4b7-8e82-4815-84af-477582d6d4e8,4,45000,180000,2025-11-14 20:57:07,completed
bdea3c3c-aead-49d3-9010-f43132d12922,ORD-20251128-0409,fd09d135-3d92-4afa-8f25-362828ce59ea,b766b9d7-f3ae-4858-8273-7afc2b0d0ea9,2,35000,70000,2025-11-14 20:57:07,completed
7aee1ca6-b49d-4406-951e-22b00e7d762c,ORD-20251128-0410,19fc1f86-de81-46c8-bb6f-d3570572efa4,8969e32c-0606-49f8-8262-28a337d93839,3,9000,27000,2025-11-23 20:57:07,completed
b69a8fab-578b-4554-826c-2e8ed633794d,ORD-20251128-0410,19fc1f86-de81-46c8-bb6f-d3570572efa4,d17954aa-743b-4ff8-843f-baa9882e56a3,2,5000,10000,2025-11-23 20:57:07,completed
e4392433-01a6-4a3b-9965-186c1eb4b167,ORD-20251128-0410,19fc1f86-de81-46c8-bb6f-d3570572efa4,0e462ced-37f3-4960-bd58-1461ae7cebe2,2,6000,12000,2025-11-23 20:57:07,completed
1dd6bb33-5726-4cbf-8922-e0bfa6c2a66d,ORD-20251128-0411,11e05a0b-c2b5-43f1-80f4-46b547188bb9,0dcea2ff-2c7d-4349-81a4-9a922d251bc7,5,20000,100000,2025-10-14 20:57:07,completed
76c138df-f608-4d62-aa74-7e12fb607adc,ORD-20251128-0411,11e05a0b-c2b5-43f1-80f4-46b547188bb9,15a2b4b7-8e82-4815-84af-477582d6d4e8,5,45000,225000,2025-10-14 20:57:07,completed
36d8fad9-9f24-4199-9262-deb82f543fe5,ORD-20251128-0411,11e05a0b-c2b5-43f1-80f4-46b547188bb9,b766b9d7-f3ae-4858-8273-7afc2b0d0ea9,4,35000,140000,2025-10-14 20:57:07,completed
711a6e19-00b4-4088-ab0f-c16dc90cd3d3,ORD-20251128-0412,d5cbcd09-6763-416c-b8bd-c5859f32ec8d,f3093aaa-5474-468c-9b8d-9ef9a28956b9,4,40000,160000,2025-10-17 20:57:07,completed
7f3c3271-2fb2-49ed-9628-a12b68468d54,ORD-20251128-0412,d5cbcd09-6763-416c-b8bd-c5859f32ec8d,b3cc44f1-f3c1-4703-98d8-ac40cb387187,2,70000,140000,2025-10-17 20:57:07,completed
b51040bd-b8dd-4a8e-aaf8-f85d86e1bdae,ORD-20251128-0412,d5cbcd09-6763-416c-b8bd-c5859f32ec8d,457afb33-6e9d-4ad9-9f4c-b52be26e5f18,4,65000,260000,2025-10-17 20:57:07,completed
5661d3be-c213-4128-a110-18925d27475a,ORD-20251128-0413,fd09d135-3d92-4afa-8f25-362828ce59ea,17ad20c4-a240-4058-b0d7-6bf0159238eb,5,38000,190000,2025-09-15 20:57:07,processing
8602ae7b-cd3f-4a4a-9f75-38949f9b4e88,ORD-20251128-0413,fd09d135-3d92-4afa-8f25-362828ce59ea,d64a383b-6112-47b7-a18e-a8cf9fa8fb21,5,32000,160000,2025-09-15 20:57:07,processing
e169c68d-e10f-46ec-9ab6-faa52c72a230,ORD-20251128-0413,fd09d135-3d92-4afa-8f25-362828ce59ea,566f0937-73b3-4115-b5aa-ddf548383135,4,3000,12000,2025-09-15 20:57:07,processing
1e9e9eb3-130c-49d3-9d0d-1020c9149712,ORD-20251128-0414,51e4f36f-1dc4-4382-a0c4-1f6fb0d356a5,566f0937-73b3-4115-b5aa-ddf548383135,1,3000,3000,2025-11-09 20:57:07,completed
91337f2d-fc44-4835-bd36-3c7c6047d971,ORD-20251128-0414,51e4f36f-1dc4-4382-a0c4-1f6fb0d356a5,8e92045c-5e6e-49ed-ab90-b2f48ee054ac,4,18000,72000,2025-11-09 20:57:07,completed
ffa1dbb0-c9bd-4c93-9bc8-366b7da947d5,ORD-20251128-0414,51e4f36f-1dc4-4382-a0c4-1f6fb0d356a5,22dcfd0f-1989-4b3a-905e-4d4508483590,1,25000,25000,2025-11-09 20:57:07,completed
d30e6890-84c7-42d7-a481-0d0060b281aa,ORD-20251128-0415,ff70de0a-9ebe-42db-a040-b1773b1bcfb5,1c47fbb5-9ffd-4919-b89b-58991b37a275,1,140000,140000,2025-11-06 20:57:07,completed
be2d74f7-6884-4b50-b847-96ff5e4e2242,ORD-20251128-0415,ff70de0a-9ebe-42db-a040-b1773b1bcfb5,8969e32c-0606-49f8-8262-28a337d93839,1,9000,9000,2025-11-06 20:57:07,completed
fdbd93dc-667c-496f-a63d-85ace1d05c20,ORD-20251128-0415,ff70de0a-9ebe-42db-a040-b1773b1bcfb5,d17954aa-743b-4ff8-843f-baa9882e56a3,5,5000,25000,2025-11-06 20:57:07,completed
f4432ef6-c228-4b3f-adbe-b306a74f32c9,ORD-20251128-0415,ff70de0a-9ebe-42db-a040-b1773b1bcfb5,2994aaf1-ae81-4d5c-97c7-ee6044ad977a,5,15000,75000,2025-11-06 20:57:07,completed
b2c96d64-349c-488a-9db2-3838cba39d68,ORD-20251128-0415,ff70de0a-9ebe-42db-a040-b1773b1bcfb5,47b15327-cc21-4675-9f1d-2ecf48c8f596,1,18000,18000,2025-11-06 20:57:07,completed
090e269b-ca2b-4f8a-bb6e-e10fcf1987d9,ORD-20251128-0416,a280a790-efe9-490b-9be6-7d44e02f828b,1d377005-8099-4f51-83e9-91d4682e6397,3,15000,45000,2025-11-10 20:57:07,completed
3f4837b6-be80-424a-a0f4-e3b7c90fd410,ORD-20251128-0417,11e05a0b-c2b5-43f1-80f4-46b547188bb9,0dcea2ff-2c7d-4349-81a4-9a922d251bc7,4,20000,80000,2025-09-03 20:57:07,completed
f3565a54-d699-486b-ab5a-ab1eddcf6c63,ORD-20251128-0417,11e05a0b-c2b5-43f1-80f4-46b547188bb9,15a2b4b7-8e82-4815-84af-477582d6d4e8,1,45000,45000,2025-09-03 20:57:07,completed
b300d5e3-baee-46e2-9d54-6b8d5a3bd3bf,ORD-20251128-0417,11e05a0b-c2b5-43f1-80f4-46b547188bb9,b766b9d7-f3ae-4858-8273-7afc2b0d0ea9,3,35000,105000,2025-09-03 20:57:07,completed
ed254767-37e9-4c3a-a220-82d40317fd71,ORD-20251128-0418,991e985c-995f-4d63-817f-81d1ac478e0f,f3093aaa-5474-468c-9b8d-9ef9a28956b9,3,40000,120000,2025-11-27 20:57:07,completed
3142383b-a5e8-40ba-b4c6-5e481272a2a7,ORD-20251128-0418,991e985c-995f-4d63-817f-81d1ac478e0f,b3cc44f1-f3c1-4703-98d8-ac40cb387187,5,70000,350000,2025-11-27 20:57:07,completed
d4dee956-cffb-4906-81a6-7004a46e399e,ORD-20251128-0418,991e985c-995f-4d63-817f-81d1ac478e0f,7a4af2f2-f55b-4300-a4ba-4406efcc350c,2,65000,130000,2025-11-27 20:57:07,completed
026c20ae-beed-4ae9-adcb-76f755941eb9,ORD-20251128-0419,612e799f-2782-4b21-ac5c-6ac5bd3b9e8a,22dcfd0f-1989-4b3a-905e-4d4508483590,2,25000,50000,2025-09-07 20:57:07,completed
7c501f3c-2515-4912-a3f7-79e0628b515e,ORD-20251128-0419,612e799f-2782-4b21-ac5c-6ac5bd3b9e8a,8e92045c-5e6e-49ed-ab90-b2f48ee054ac,4,18000,72000,2025-09-07 20:57:07,completed
ea348f6a-d57a-4763-88b0-1b54d4aa7bca,ORD-20251128-0419,612e799f-2782-4b21-ac5c-6ac5bd3b9e8a,7c05ce84-5fba-401a-b3dd-6c1bb3434baa,1,4000,4000,2025-09-07 20:57:07,completed
87b11bff-0583-43a7-834f-1fbd8aac86eb,ORD-20251128-0420,aae116d2-7f3c-4a2d-9b6c-9633be3fd127,566f0937-73b3-4115-b5aa-ddf548383135,5,3000,15000,2025-10-12 20:57:07,completed
c2cce632-5d17-4042-8afb-e26707c821d4,ORD-20251128-0420,aae116d2-7f3c-4a2d-9b6c-9633be3fd127,22dcfd0f-1989-4b3a-905e-4d4508483590,4,25000,100000,2025-10-12 20:57:07,completed
831fd35a-e8c7-4108-8f36-d61d0dba46da,ORD-20251128-0420,aae116d2-7f3c-4a2d-9b6c-9633be3fd127,8e92045c-5e6e-49ed-ab90-b2f48ee054ac,4,18000,72000,2025-10-12 20:57:07,completed
57aa8812-f938-4515-a4b2-be29e4a935ee,ORD-20251128-0421,612e799f-2782-4b21-ac5c-6ac5bd3b9e8a,395bced4-b52f-41d1-86f0-09eba3e7ca08,3,75000,225000,2025-09-30 20:57:07,completed
adf54529-109d-4c0e-afbc-0ba71bd80267,ORD-20251128-0421,612e799f-2782-4b21-ac5c-6ac5bd3b9e8a,895a88ae-b25e-4198-b8ce-2c6b98b530fa,5,12000,60000,2025-09-30 20:57:07,completed
cd70152a-58fa-4c8d-b241-7c7a919ee033,ORD-20251128-0421,612e799f-2782-4b21-ac5c-6ac5bd3b9e8a,54f78d73-e07a-4863-bb29-3c9517a716d3,2,8000,16000,2025-09-30 20:57:07,completed
5b1aa86d-9d35-416d-93f1-22936139b66e,ORD-20251128-0421,612e799f-2782-4b21-ac5c-6ac5bd3b9e8a,b40277d1-e51a-4b24-b017-83458955af1a,3,18000,54000,2025-09-30 20:57:07,completed
c23079e5-1993-4ba9-877b-b34a775b9dd1,ORD-20251128-0422,1ad5e86a-1d26-431f-b684-6478baa5a883,a0ab615e-653c-4623-96d5-7bc0121b23ee,5,95000,475000,2025-10-15 20:57:07,cancelled
b28dc555-1896-4a23-9af7-d5106159a087,ORD-20251128-0422,1ad5e86a-1d26-431f-b684-6478baa5a883,17ad20c4-a240-4058-b0d7-6bf0159238eb,5,38000,190000,2025-10-15 20:57:07,cancelled
1fdc7486-f421-49d8-9788-79ac581100a8,ORD-20251128-0422,1ad5e86a-1d26-431f-b684-6478baa5a883,523853a9-14ec-4b71-8ea1-d85e92f1b94c,4,45000,180000,2025-10-15 20:57:07,cancelled
e0b4681b-a7a5-41f1-85ac-dd3cf857ba38,ORD-20251128-0423,f637fadc-8fdc-4b7d-a0b7-724af70b2565,b766b9d7-f3ae-4858-8273-7afc2b0d0ea9,3,35000,105000,2025-10-11 20:57:07,completed
7a8e9973-a655-422f-8ba4-9f29ce8627d8,ORD-20251128-0423,f637fadc-8fdc-4b7d-a0b7-724af70b2565,15a2b4b7-8e82-4815-84af-477582d6d4e8,4,45000,180000,2025-10-11 20:57:07,completed
ecf3da79-7336-4663-acb2-48db645f9ff4,ORD-20251128-0423,f637fadc-8fdc-4b7d-a0b7-724af70b2565,0dcea2ff-2c7d-4349-81a4-9a922d251bc7,4,20000,80000,2025-10-11 20:57:07,completed
239b59ff-befe-4738-9a19-5123c70f9f82,ORD-20251128-0424,ba4010ef-70bf-489b-b893-f0defdb98d05,457afb33-6e9d-4ad9-9f4c-b52be26e5f18,3,65000,195000,2025-11-19 20:57:07,completed
73453b35-92d1-4b55-a7f4-dcd0fcee92ad,ORD-20251128-0424,ba4010ef-70bf-489b-b893-f0defdb98d05,f3093aaa-5474-468c-9b8d-9ef9a28956b9,4,40000,160000,2025-11-19 20:57:07,completed
0b745ebe-86b6-4e5c-a041-db2887ffebc5,ORD-20251128-0424,ba4010ef-70bf-489b-b893-f0defdb98d05,70710b93-2b14-4674-a243-b919d6002c48,5,85000,425000,2025-11-19 20:57:07,completed
abab3c13-ff0b-4aa8-8bcb-ee25a694079a,ORD-20251128-0425,10437b60-348b-4211-8052-22724becf62a,22dcfd0f-1989-4b3a-905e-4d4508483590,1,25000,25000,2025-10-08 20:57:07,completed
7595e592-fd6e-4848-aead-8431611f6185,ORD-20251128-0425,10437b60-348b-4211-8052-22724becf62a,36d6f0d3-a4e9-40e8-b4a0-f37ffdc98e80,4,7000,28000,2025-10-08 20:57:07,completed
14539894-2a79-42ad-8cf8-cf3a63410831,ORD-20251128-0425,10437b60-348b-4211-8052-22724becf62a,0454da22-79c8-46da-941b-59e2e837b2d6,2,55000,110000,2025-10-08 20:57:07,completed
c0d98911-6fc2-4a6a-bf3a-948a63a649ea,ORD-20251128-0425,10437b60-348b-4211-8052-22724becf62a,0926c326-915b-409d-b677-aae6696c87ab,2,4000,8000,2025-10-08 20:57:07,completed
c74041d0-0858-4815-8279-34117b13ee58,ORD-20251128-0426,aae116d2-7f3c-4a2d-9b6c-9633be3fd127,a0ab615e-653c-4623-96d5-7bc0121b23ee,5,95000,475000,2025-09-25 20:57:07,completed
207e81cc-4f0a-4532-9a27-0fb99fdc010e,ORD-20251128-0426,aae116d2-7f3c-4a2d-9b6c-9633be3fd127,9932efc2-6bf0-43a3-a3a9-22be92df3e72,2,42000,84000,2025-09-25 20:57:07,completed
9d1191bf-1045-45a0-9f6b-985e4e2b0415,ORD-20251128-0426,aae116d2-7f3c-4a2d-9b6c-9633be3fd127,17ad20c4-a240-4058-b0d7-6bf0159238eb,3,38000,114000,2025-09-25 20:57:07,completed
ee3e54ae-d347-4b98-a62f-1358a6cecef3,ORD-20251128-0427,339091db-a3ff-477a-b28f-19efbbf5f495,b3cc44f1-f3c1-4703-98d8-ac40cb387187,2,70000,140000,2025-11-08 20:57:07,completed
7026e19a-92f4-479d-b572-d7a844fa06c8,ORD-20251128-0427,339091db-a3ff-477a-b28f-19efbbf5f495,457afb33-6e9d-4ad9-9f4c-b52be26e5f18,5,65000,325000,2025-11-08 20:57:07,completed
b599a323-edea-42bd-a402-3e29f744378a,ORD-20251128-0427,339091db-a3ff-477a-b28f-19efbbf5f495,f3093aaa-5474-468c-9b8d-9ef9a28956b9,3,40000,120000,2025-11-08 20:57:07,completed
d9fc8bad-3d7b-4756-bc04-46bb11e44788,ORD-20251128-0428,991e985c-995f-4d63-817f-81d1ac478e0f,b766b9d7-f3ae-4858-8273-7afc2b0d0ea9,3,35000,105000,2025-10-05 20:57:07,completed
bbcccf58-2e85-41db-9118-754528e47af9,ORD-20251128-0428,991e985c-995f-4d63-817f-81d1ac478e0f,0dcea2ff-2c7d-4349-81a4-9a922d251bc7,5,20000,100000,2025-10-05 20:57:07,completed
0abd994c-cac3-4c4c-987b-854458a94a59,ORD-20251128-0428,991e985c-995f-4d63-817f-81d1ac478e0f,15a2b4b7-8e82-4815-84af-477582d6d4e8,5,45000,225000,2025-10-05 20:57:07,completed
756b81ac-bf45-4e00-95fa-4b78fe994801,ORD-20251128-0429,d05444c6-b8e7-46e9-aec2-6d4dcef2cda5,566f0937-73b3-4115-b5aa-ddf548383135,5,3000,15000,2025-10-21 20:57:07,completed
adb092b5-e0d5-4d5d-b2f1-54642c54d471,ORD-20251128-0429,d05444c6-b8e7-46e9-aec2-6d4dcef2cda5,0dca8dc1-02c9-4543-b856-b95d8bc5486c,1,35000,35000,2025-10-21 20:57:07,completed
e7b0fbd1-305f-423a-b895-dd49d2508cad,ORD-20251128-0429,d05444c6-b8e7-46e9-aec2-6d4dcef2cda5,0926c326-915b-409d-b677-aae6696c87ab,5,4000,20000,2025-10-21 20:57:07,completed
648dca61-5659-4176-84c3-7c1d10e044b9,ORD-20251128-0429,d05444c6-b8e7-46e9-aec2-6d4dcef2cda5,2414ebda-b693-4952-8dc6-1c7e6f18f861,2,22000,44000,2025-10-21 20:57:07,completed
44327432-1650-4625-85ae-843d7431bf71,ORD-20251128-0429,d05444c6-b8e7-46e9-aec2-6d4dcef2cda5,4d43fae2-9d28-488c-832a-de6f9f94087f,2,25000,50000,2025-10-21 20:57:07,completed
5df1c649-ecbd-4631-895a-f784aaf26508,ORD-20251128-0430,d5cbcd09-6763-416c-b8bd-c5859f32ec8d,36d6f0d3-a4e9-40e8-b4a0-f37ffdc98e80,5,7000,35000,2025-11-22 20:57:07,completed
ce66a615-b0c4-4fe8-aa44-f02989506241,ORD-20251128-0430,d5cbcd09-6763-416c-b8bd-c5859f32ec8d,d17954aa-743b-4ff8-843f-baa9882e56a3,2,5000,10000,2025-11-22 20:57:07,completed
e75b366c-7613-47d4-9650-9eb596dd631f,ORD-20251128-0430,d5cbcd09-6763-416c-b8bd-c5859f32ec8d,8969e32c-0606-49f8-8262-28a337d93839,1,9000,9000,2025-11-22 20:57:07,completed
d2f97396-8958-4d14-a806-b1cc7ee17788,ORD-20251128-0431,d5cbcd09-6763-416c-b8bd-c5859f32ec8d,15a2b4b7-8e82-4815-84af-477582d6d4e8,2,45000,90000,2025-11-03 20:57:07,completed
0b050759-02be-425f-b0ea-64d9412251c8,ORD-20251128-0431,d5cbcd09-6763-416c-b8bd-c5859f32ec8d,0dcea2ff-2c7d-4349-81a4-9a922d251bc7,2,20000,40000,2025-11-03 20:57:07,completed
0361f8d6-9cc0-4327-84d4-40d2640c6917,ORD-20251128-0431,d5cbcd09-6763-416c-b8bd-c5859f32ec8d,b766b9d7-f3ae-4858-8273-7afc2b0d0ea9,2,35000,70000,2025-11-03 20:57:07,completed
fc42b5a6-a8a2-4998-947e-c946f6da239b,ORD-20251128-0432,da4f4e65-7433-4f4e-84ba-90a9f424ab7f,523853a9-14ec-4b71-8ea1-d85e92f1b94c,4,45000,180000,2025-09-29 20:57:07,completed
71ce4763-1d17-4774-a7a8-46fb22aa0a3b,ORD-20251128-0432,da4f4e65-7433-4f4e-84ba-90a9f424ab7f,a0ab615e-653c-4623-96d5-7bc0121b23ee,2,95000,190000,2025-09-29 20:57:07,completed
b402b97c-9281-4769-b16c-d9751be7c84d,ORD-20251128-0432,da4f4e65-7433-4f4e-84ba-90a9f424ab7f,9932efc2-6bf0-43a3-a3a9-22be92df3e72,1,42000,42000,2025-09-29 20:57:07,completed
4df1a46e-046a-4f0b-82a0-ff1aa9ccd265,ORD-20251128-0433,1ad5e86a-1d26-431f-b684-6478baa5a883,98d8d5cb-c8f1-4a5a-ad69-bec1d221e519,2,15000,30000,2025-11-05 20:57:07,completed
4477db37-1c3d-4abb-9d41-d14cd047a2fb,ORD-20251128-0433,1ad5e86a-1d26-431f-b684-6478baa5a883,8969e32c-0606-49f8-8262-28a337d93839,2,9000,18000,2025-11-05 20:57:07,completed
6c649538-f957-4add-89a5-f9e8fa22dc19,ORD-20251128-0433,1ad5e86a-1d26-431f-b684-6478baa5a883,4d43fae2-9d28-488c-832a-de6f9f94087f,3,25000,75000,2025-11-05 20:57:07,completed
373fd9cd-a3a3-4006-9c43-afd2bb271291,ORD-20251128-0434,612e799f-2782-4b21-ac5c-6ac5bd3b9e8a,22dcfd0f-1989-4b3a-905e-4d4508483590,1,25000,25000,2025-11-16 20:57:07,completed
81b8d362-c402-486b-b508-f9a8c26f94ac,ORD-20251128-0434,612e799f-2782-4b21-ac5c-6ac5bd3b9e8a,566f0937-73b3-4115-b5aa-ddf548383135,1,3000,3000,2025-11-16 20:57:07,completed
5af5fa42-ea7c-48b0-aa61-fbf70c1d752b,ORD-20251128-0434,612e799f-2782-4b21-ac5c-6ac5bd3b9e8a,8e92045c-5e6e-49ed-ab90-b2f48ee054ac,5,18000,90000,2025-11-16 20:57:07,completed
c9b05ac4-50c8-438f-aa72-e6ac1741db36,ORD-20251128-0435,f637fadc-8fdc-4b7d-a0b7-724af70b2565,7a4af2f2-f55b-4300-a4ba-4406efcc350c,4,65000,260000,2025-10-13 20:57:07,completed
f8cdadf9-c4a8-4165-b22d-f7290e0ac297,ORD-20251128-0435,f637fadc-8fdc-4b7d-a0b7-724af70b2565,70710b93-2b14-4674-a243-b919d6002c48,3,85000,255000,2025-10-13 20:57:07,completed
00793b8f-5831-402c-8949-8fc4c0cfc64b,ORD-20251128-0435,f637fadc-8fdc-4b7d-a0b7-724af70b2565,f3093aaa-5474-468c-9b8d-9ef9a28956b9,2,40000,80000,2025-10-13 20:57:07,completed
b3947e01-fa82-4af6-a7ea-440f2787a967,ORD-20251128-0436,aae116d2-7f3c-4a2d-9b6c-9633be3fd127,a0ab615e-653c-4623-96d5-7bc0121b23ee,4,95000,380000,2025-11-10 20:57:07,completed
949d42b1-a0aa-4ba8-9115-b3d90f411f41,ORD-20251128-0436,aae116d2-7f3c-4a2d-9b6c-9633be3fd127,523853a9-14ec-4b71-8ea1-d85e92f1b94c,4,45000,180000,2025-11-10 20:57:07,completed
48b97660-57b6-4194-8f2a-7aee534c63a1,ORD-20251128-0436,aae116d2-7f3c-4a2d-9b6c-9633be3fd127,17ad20c4-a240-4058-b0d7-6bf0159238eb,1,38000,38000,2025-11-10 20:57:07,completed
202cc951-1083-44c7-8e84-b464dc4de210,ORD-20251128-0437,19fc1f86-de81-46c8-bb6f-d3570572efa4,d64a383b-6112-47b7-a18e-a8cf9fa8fb21,1,32000,32000,2025-09-24 20:57:07,completed
3c123a35-e172-4c82-b432-8453376fa2cd,ORD-20251128-0437,19fc1f86-de81-46c8-bb6f-d3570572efa4,2994aaf1-ae81-4d5c-97c7-ee6044ad977a,3,15000,45000,2025-09-24 20:57:07,completed
08d25a28-667e-4c3e-bf03-470bd07d1c7d,ORD-20251128-0437,19fc1f86-de81-46c8-bb6f-d3570572efa4,42d5ef1c-db95-411b-89fa-434505387edc,5,22000,110000,2025-09-24 20:57:07,completed
7631057f-10f4-4be1-b632-2831340ec82f,ORD-20251128-0437,19fc1f86-de81-46c8-bb6f-d3570572efa4,47b15327-cc21-4675-9f1d-2ecf48c8f596,3,18000,54000,2025-09-24 20:57:07,completed
6df3fbb1-ea5e-477a-b8f1-ca4358350a56,ORD-20251128-0438,339091db-a3ff-477a-b28f-19efbbf5f495,36d6f0d3-a4e9-40e8-b4a0-f37ffdc98e80,1,7000,7000,2025-11-02 20:57:07,processing
2ed3e959-28e1-48db-85e3-7bb18876f739,ORD-20251128-0438,339091db-a3ff-477a-b28f-19efbbf5f495,8969e32c-0606-49f8-8262-28a337d93839,5,9000,45000,2025-11-02 20:57:07,processing
6c1577fa-ba3e-4ed3-af1a-177b003528ab,ORD-20251128-0438,339091db-a3ff-477a-b28f-19efbbf5f495,0e462ced-37f3-4960-bd58-1461ae7cebe2,1,6000,6000,2025-11-02 20:57:07,processing
9c78eea1-024f-4e4f-ab25-de125da30833,ORD-20251128-0439,f637fadc-8fdc-4b7d-a0b7-724af70b2565,5264a61a-da95-4ca9-8c42-c845a8fad53e,2,18000,36000,2025-10-15 20:57:07,completed
b664141e-3b40-4a24-bd36-ffca497c7383,ORD-20251128-0439,f637fadc-8fdc-4b7d-a0b7-724af70b2565,9932efc2-6bf0-43a3-a3a9-22be92df3e72,4,42000,168000,2025-10-15 20:57:07,completed
7c846e14-9ba5-4c43-b30b-474fcd7addcf,ORD-20251128-0439,f637fadc-8fdc-4b7d-a0b7-724af70b2565,af7ba84d-676a-47e6-9221-0974fb76dce2,2,45000,90000,2025-10-15 20:57:07,completed
8eea4967-e047-426d-8ca1-5dd772460ef4,ORD-20251128-0439,f637fadc-8fdc-4b7d-a0b7-724af70b2565,36d6f0d3-a4e9-40e8-b4a0-f37ffdc98e80,3,7000,21000,2025-10-15 20:57:07,completed
8f2bd1f2-c0cc-4559-a300-b107102d32f6,ORD-20251128-0440,67e5fd1c-26a2-429b-9994-ba309e43ceee,54f78d73-e07a-4863-bb29-3c9517a716d3,3,8000,24000,2025-09-29 20:57:07,completed
c81bbe24-b90b-4613-97b8-cfbc0c46a8b4,ORD-20251128-0440,67e5fd1c-26a2-429b-9994-ba309e43ceee,0e462ced-37f3-4960-bd58-1461ae7cebe2,5,6000,30000,2025-09-29 20:57:07,completed
bcb7bc81-2004-4c2b-8fcc-a29884443834,ORD-20251128-0440,67e5fd1c-26a2-429b-9994-ba309e43ceee,36d6f0d3-a4e9-40e8-b4a0-f37ffdc98e80,4,7000,28000,2025-09-29 20:57:07,completed
0a1831d8-1654-409d-9ed5-4a51aa636b14,ORD-20251128-0441,51457108-5651-4917-aef4-01e005360bcb,7a4af2f2-f55b-4300-a4ba-4406efcc350c,4,65000,260000,2025-10-30 20:57:07,completed
39cb151a-2432-42e5-aef5-404f2bcd5d1f,ORD-20251128-0441,51457108-5651-4917-aef4-01e005360bcb,f3093aaa-5474-468c-9b8d-9ef9a28956b9,2,40000,80000,2025-10-30 20:57:07,completed
dc0653e2-be46-450b-971c-6bbd21c2e068,ORD-20251128-0441,51457108-5651-4917-aef4-01e005360bcb,457afb33-6e9d-4ad9-9f4c-b52be26e5f18,3,65000,195000,2025-10-30 20:57:07,completed
44c98d6f-42f7-4b22-bba2-377edfaed74d,ORD-20251128-0442,fd09d135-3d92-4afa-8f25-362828ce59ea,7c05ce84-5fba-401a-b3dd-6c1bb3434baa,4,4000,16000,2025-10-19 20:57:07,completed
6594175f-3f15-4bf3-8b88-df822b8f0e9a,ORD-20251128-0442,fd09d135-3d92-4afa-8f25-362828ce59ea,566f0937-73b3-4115-b5aa-ddf548383135,2,3000,6000,2025-10-19 20:57:07,completed
c39cb15b-0600-4531-a1a6-2f109d6d2f34,ORD-20251128-0442,fd09d135-3d92-4afa-8f25-362828ce59ea,8e92045c-5e6e-49ed-ab90-b2f48ee054ac,2,18000,36000,2025-10-19 20:57:07,completed
1aa68281-88ca-411c-83d3-80f6840117aa,ORD-20251128-0443,612e799f-2782-4b21-ac5c-6ac5bd3b9e8a,a0ab615e-653c-4623-96d5-7bc0121b23ee,5,95000,475000,2025-09-22 20:57:07,completed
baa30f69-b877-4026-a161-c2077d961e25,ORD-20251128-0443,612e799f-2782-4b21-ac5c-6ac5bd3b9e8a,9932efc2-6bf0-43a3-a3a9-22be92df3e72,2,42000,84000,2025-09-22 20:57:07,completed
40ecfdae-994c-492c-b2bf-7eb388a7e20a,ORD-20251128-0443,612e799f-2782-4b21-ac5c-6ac5bd3b9e8a,523853a9-14ec-4b71-8ea1-d85e92f1b94c,5,45000,225000,2025-09-22 20:57:07,completed
a5cfe0a2-a5b6-469d-87b7-43105764cf09,ORD-20251128-0444,d47c8b39-984c-426b-903e-aba2ae2c9fb8,d17954aa-743b-4ff8-843f-baa9882e56a3,1,5000,5000,2025-10-03 20:57:07,completed
431bb07a-2830-464d-82bf-c3f4a2ed8a20,ORD-20251128-0444,d47c8b39-984c-426b-903e-aba2ae2c9fb8,36d6f0d3-a4e9-40e8-b4a0-f37ffdc98e80,1,7000,7000,2025-10-03 20:57:07,completed
4b5c8634-25f2-496a-9d91-cdcc8dbe1873,ORD-20251128-0444,d47c8b39-984c-426b-903e-aba2ae2c9fb8,54f78d73-e07a-4863-bb29-3c9517a716d3,5,8000,40000,2025-10-03 20:57:07,completed
b51fb3d9-088b-4b1e-92a1-9d44bc34f6ac,ORD-20251128-0445,d47c8b39-984c-426b-903e-aba2ae2c9fb8,395bced4-b52f-41d1-86f0-09eba3e7ca08,2,75000,150000,2025-10-20 20:57:07,completed
fbc55e46-b4d2-4de8-9a1d-ab90fab20c78,ORD-20251128-0445,d47c8b39-984c-426b-903e-aba2ae2c9fb8,b40277d1-e51a-4b24-b017-83458955af1a,4,18000,72000,2025-10-20 20:57:07,completed
3aff76f2-a490-417c-b249-2cee06099fc1,ORD-20251128-0445,d47c8b39-984c-426b-903e-aba2ae2c9fb8,b3cc44f1-f3c1-4703-98d8-ac40cb387187,5,70000,350000,2025-10-20 20:57:07,completed
542c1c1e-ce19-49c2-9fbc-7dd002c4e5e4,ORD-20251128-0445,d47c8b39-984c-426b-903e-aba2ae2c9fb8,0454da22-79c8-46da-941b-59e2e837b2d6,3,55000,165000,2025-10-20 20:57:07,completed
43cc5e4a-ad4b-475b-92e4-c1ed4a146355,ORD-20251128-0445,d47c8b39-984c-426b-903e-aba2ae2c9fb8,8969e32c-0606-49f8-8262-28a337d93839,4,9000,36000,2025-10-20 20:57:07,completed
2d9ee66d-82af-413e-a82f-5d15c1e37c62,ORD-20251128-0446,fd09d135-3d92-4afa-8f25-362828ce59ea,b766b9d7-f3ae-4858-8273-7afc2b0d0ea9,2,35000,70000,2025-11-12 20:57:07,completed
6610e042-d2b1-4519-8d8f-f169d0de4c7f,ORD-20251128-0446,fd09d135-3d92-4afa-8f25-362828ce59ea,0dcea2ff-2c7d-4349-81a4-9a922d251bc7,5,20000,100000,2025-11-12 20:57:07,completed
b936190a-8244-45e5-8b6b-d520aa1edbda,ORD-20251128-0446,fd09d135-3d92-4afa-8f25-362828ce59ea,15a2b4b7-8e82-4815-84af-477582d6d4e8,2,45000,90000,2025-11-12 20:57:07,completed
66cf7e72-a349-4f8b-a868-1d85daac3ab5,ORD-20251128-0447,d47c8b39-984c-426b-903e-aba2ae2c9fb8,8e92045c-5e6e-49ed-ab90-b2f48ee054ac,2,18000,36000,2025-11-02 20:57:07,completed
43a0b758-b0fc-4b16-b720-1359fc80f83e,ORD-20251128-0447,d47c8b39-984c-426b-903e-aba2ae2c9fb8,566f0937-73b3-4115-b5aa-ddf548383135,5,3000,15000,2025-11-02 20:57:07,completed
2ed4833d-4a33-4e48-bab3-d57fc2a24867,ORD-20251128-0447,d47c8b39-984c-426b-903e-aba2ae2c9fb8,22dcfd0f-1989-4b3a-905e-4d4508483590,3,25000,75000,2025-11-02 20:57:07,completed
475536f6-1ac5-4359-b2dd-38d017f867bb,ORD-20251128-0448,da4f4e65-7433-4f4e-84ba-90a9f424ab7f,8969e32c-0606-49f8-8262-28a337d93839,3,9000,27000,2025-09-13 20:57:07,completed
89e349af-f44d-40e6-9a6a-f475b7aa1c5c,ORD-20251128-0448,da4f4e65-7433-4f4e-84ba-90a9f424ab7f,b766b9d7-f3ae-4858-8273-7afc2b0d0ea9,1,35000,35000,2025-09-13 20:57:07,completed
d7c101ff-4515-4e0b-aab4-aea88c06777d,ORD-20251128-0448,da4f4e65-7433-4f4e-84ba-90a9f424ab7f,0926c326-915b-409d-b677-aae6696c87ab,2,4000,8000,2025-09-13 20:57:07,completed
b837dee0-c4c9-49d4-b7a4-acc2c5e8b8b0,ORD-20251128-0448,da4f4e65-7433-4f4e-84ba-90a9f424ab7f,9932efc2-6bf0-43a3-a3a9-22be92df3e72,5,42000,210000,2025-09-13 20:57:07,completed
a3136c0a-1143-46c3-9093-4d4f1eaf9297,ORD-20251128-0448,da4f4e65-7433-4f4e-84ba-90a9f424ab7f,9af10703-fa13-4473-8682-aa9d905205f6,2,6000,12000,2025-09-13 20:57:07,completed
8db7882e-93dc-4cb1-a029-928e7194670b,ORD-20251128-0449,612e799f-2782-4b21-ac5c-6ac5bd3b9e8a,0dcea2ff-2c7d-4349-81a4-9a922d251bc7,2,20000,40000,2025-11-20 20:57:07,completed
acd41f4c-6dc0-45cf-b0c3-a034cf009744,ORD-20251128-0449,612e799f-2782-4b21-ac5c-6ac5bd3b9e8a,b766b9d7-f3ae-4858-8273-7afc2b0d0ea9,2,35000,70000,2025-11-20 20:57:07,completed
75166ea6-9d68-40f5-a8c4-3bf0be1cf14e,ORD-20251128-0449,612e799f-2782-4b21-ac5c-6ac5bd3b9e8a,15a2b4b7-8e82-4815-84af-477582d6d4e8,1,45000,45000,2025-11-20 20:57:07,completed
ce39b6c6-a387-4db7-9fb9-099babb6dc5b,ORD-20251128-0450,d5cbcd09-6763-416c-b8bd-c5859f32ec8d,9932efc2-6bf0-43a3-a3a9-22be92df3e72,1,42000,42000,2025-09-29 20:57:07,completed
b4365b2f-05e5-49ed-b966-6424c5b6b828,ORD-20251128-0450,d5cbcd09-6763-416c-b8bd-c5859f32ec8d,17ad20c4-a240-4058-b0d7-6bf0159238eb,1,38000,38000,2025-09-29 20:57:07,completed
20dfe3fb-35cd-477e-b060-a51ef2216ba4,ORD-20251128-0450,d5cbcd09-6763-416c-b8bd-c5859f32ec8d,523853a9-14ec-4b71-8ea1-d85e92f1b94c,2,45000,90000,2025-09-29 20:57:07,completed
b10b1637-ea9c-48e2-b368-77a55955956c,ORD-20251128-0451,51e4f36f-1dc4-4382-a0c4-1f6fb0d356a5,0dcea2ff-2c7d-4349-81a4-9a922d251bc7,1,20000,20000,2025-11-08 20:57:07,completed
5665b347-2cdb-41ec-a62b-43c0004fd53e,ORD-20251128-0451,51e4f36f-1dc4-4382-a0c4-1f6fb0d356a5,b766b9d7-f3ae-4858-8273-7afc2b0d0ea9,4,35000,140000,2025-11-08 20:57:07,completed
3a84695f-f876-4cc2-a91b-4d7691338c09,ORD-20251128-0451,51e4f36f-1dc4-4382-a0c4-1f6fb0d356a5,15a2b4b7-8e82-4815-84af-477582d6d4e8,1,45000,45000,2025-11-08 20:57:07,completed
ff0803e7-0684-4736-af78-4530d38cda42,ORD-20251128-0452,d5cbcd09-6763-416c-b8bd-c5859f32ec8d,81e681d5-8f1f-4f3d-b16f-268bc92305e5,3,22000,66000,2025-09-21 20:57:07,cancelled
e7b60b06-2186-4741-bf3e-37c2496e6bab,ORD-20251128-0452,d5cbcd09-6763-416c-b8bd-c5859f32ec8d,42d5ef1c-db95-411b-89fa-434505387edc,3,22000,66000,2025-09-21 20:57:07,cancelled
efef2f18-1f99-4f0b-9353-c528d151ae73,ORD-20251128-0452,d5cbcd09-6763-416c-b8bd-c5859f32ec8d,1c47fbb5-9ffd-4919-b89b-58991b37a275,3,140000,420000,2025-09-21 20:57:07,cancelled
b2b06b8a-535a-4014-9a91-85f23ad74a81,ORD-20251128-0452,d5cbcd09-6763-416c-b8bd-c5859f32ec8d,457afb33-6e9d-4ad9-9f4c-b52be26e5f18,3,65000,195000,2025-09-21 20:57:07,cancelled
f7faf419-ccae-4894-a651-b0c1a4dd10e0,ORD-20251128-0453,aae116d2-7f3c-4a2d-9b6c-9633be3fd127,566f0937-73b3-4115-b5aa-ddf548383135,1,3000,3000,2025-09-26 20:57:07,completed
adf86b3e-4202-4e64-b3db-c942be00350c,ORD-20251128-0453,aae116d2-7f3c-4a2d-9b6c-9633be3fd127,7c05ce84-5fba-401a-b3dd-6c1bb3434baa,5,4000,20000,2025-09-26 20:57:07,completed
fdb35323-8451-4fbd-8489-846641e3ca39,ORD-20251128-0453,aae116d2-7f3c-4a2d-9b6c-9633be3fd127,8e92045c-5e6e-49ed-ab90-b2f48ee054ac,4,18000,72000,2025-09-26 20:57:07,completed
cb83769b-f26b-4306-9ee2-03eaf3e2d3c2,ORD-20251128-0454,fd09d135-3d92-4afa-8f25-362828ce59ea,a0ab615e-653c-4623-96d5-7bc0121b23ee,5,95000,475000,2025-09-13 20:57:07,completed
efa5f045-32d1-447d-9321-3ee4f6f3c958,ORD-20251128-0454,fd09d135-3d92-4afa-8f25-362828ce59ea,17ad20c4-a240-4058-b0d7-6bf0159238eb,5,38000,190000,2025-09-13 20:57:07,completed
843f875c-1889-4a06-a57d-79afdcabad18,ORD-20251128-0454,fd09d135-3d92-4afa-8f25-362828ce59ea,523853a9-14ec-4b71-8ea1-d85e92f1b94c,5,45000,225000,2025-09-13 20:57:07,completed
c9772657-2a60-4072-a472-6f97ce84b1be,ORD-20251128-0455,339091db-a3ff-477a-b28f-19efbbf5f495,d17954aa-743b-4ff8-843f-baa9882e56a3,1,5000,5000,2025-09-29 20:57:07,completed
fe249159-27e3-44e6-9c8d-5c5bfe9e0418,ORD-20251128-0455,339091db-a3ff-477a-b28f-19efbbf5f495,54f78d73-e07a-4863-bb29-3c9517a716d3,1,8000,8000,2025-09-29 20:57:07,completed
b99f076f-7a96-47b0-8cd4-1c6c63fc6a39,ORD-20251128-0455,339091db-a3ff-477a-b28f-19efbbf5f495,0e462ced-37f3-4960-bd58-1461ae7cebe2,5,6000,30000,2025-09-29 20:57:07,completed
d46ee804-35a1-4e82-9158-720745919bdd,ORD-20251128-0456,612e799f-2782-4b21-ac5c-6ac5bd3b9e8a,b766b9d7-f3ae-4858-8273-7afc2b0d0ea9,2,35000,70000,2025-10-19 20:57:07,completed
e68c7004-23a6-4ff9-a576-eedf57352962,ORD-20251128-0456,612e799f-2782-4b21-ac5c-6ac5bd3b9e8a,15a2b4b7-8e82-4815-84af-477582d6d4e8,3,45000,135000,2025-10-19 20:57:07,completed
4a2ba8fd-1e18-42d0-834d-a664602b2105,ORD-20251128-0456,612e799f-2782-4b21-ac5c-6ac5bd3b9e8a,0dcea2ff-2c7d-4349-81a4-9a922d251bc7,4,20000,80000,2025-10-19 20:57:07,completed
ba06618d-7c5f-4563-9e8c-e190ca4f1e1e,ORD-20251128-0457,d05444c6-b8e7-46e9-aec2-6d4dcef2cda5,b766b9d7-f3ae-4858-8273-7afc2b0d0ea9,3,35000,105000,2025-09-26 20:57:07,completed
8ebe153d-9fb5-4b47-8baf-3ffc501cab89,ORD-20251128-0457,d05444c6-b8e7-46e9-aec2-6d4dcef2cda5,0dcea2ff-2c7d-4349-81a4-9a922d251bc7,2,20000,40000,2025-09-26 20:57:07,completed
5f3bad1d-e901-4589-8db4-c4a74aefd2d0,ORD-20251128-0457,d05444c6-b8e7-46e9-aec2-6d4dcef2cda5,15a2b4b7-8e82-4815-84af-477582d6d4e8,3,45000,135000,2025-09-26 20:57:07,completed
526f1095-f648-439b-a052-cd45b4876a90,ORD-20251128-0458,ff70de0a-9ebe-42db-a040-b1773b1bcfb5,81e681d5-8f1f-4f3d-b16f-268bc92305e5,5,22000,110000,2025-09-28 20:57:07,completed
17ca5122-07ce-4ab6-83c6-513166fde093,ORD-20251128-0458,ff70de0a-9ebe-42db-a040-b1773b1bcfb5,1c47fbb5-9ffd-4919-b89b-58991b37a275,3,140000,420000,2025-09-28 20:57:07,completed
c7f19a01-1050-4bef-86b0-527a76f19bf0,ORD-20251128-0458,ff70de0a-9ebe-42db-a040-b1773b1bcfb5,8e92045c-5e6e-49ed-ab90-b2f48ee054ac,1,18000,18000,2025-09-28 20:57:07,completed
41178d25-35c8-49af-8ba8-954e4435e9f0,ORD-20251128-0458,ff70de0a-9ebe-42db-a040-b1773b1bcfb5,0dca8dc1-02c9-4543-b856-b95d8bc5486c,2,35000,70000,2025-09-28 20:57:07,completed
0e94f380-fe54-4d46-9e62-364aa44213dd,ORD-20251128-0459,fd09d135-3d92-4afa-8f25-362828ce59ea,b3cc44f1-f3c1-4703-98d8-ac40cb387187,1,70000,70000,2025-11-09 20:57:07,completed
8d811dd3-d185-4878-8f30-c2961965fb73,ORD-20251128-0459,fd09d135-3d92-4afa-8f25-362828ce59ea,7a4af2f2-f55b-4300-a4ba-4406efcc350c,4,65000,260000,2025-11-09 20:57:07,completed
0f42cc15-07f2-4436-b797-3be258d4ef57,ORD-20251128-0459,fd09d135-3d92-4afa-8f25-362828ce59ea,70710b93-2b14-4674-a243-b919d6002c48,5,85000,425000,2025-11-09 20:57:07,completed
c0e97f38-5454-466a-bf7b-ccfbdd548b79,ORD-20251128-0460,a280a790-efe9-490b-9be6-7d44e02f828b,15a2b4b7-8e82-4815-84af-477582d6d4e8,3,45000,135000,2025-10-01 20:57:07,completed
a2ca3ec2-019d-44d1-925d-e91076602925,ORD-20251128-0460,a280a790-efe9-490b-9be6-7d44e02f828b,b766b9d7-f3ae-4858-8273-7afc2b0d0ea9,3,35000,105000,2025-10-01 20:57:07,completed
38f13640-a71d-4b0f-8daa-a5fc0c748a58,ORD-20251128-0460,a280a790-efe9-490b-9be6-7d44e02f828b,0dcea2ff-2c7d-4349-81a4-9a922d251bc7,5,20000,100000,2025-10-01 20:57:07,completed
7b7a88b5-cbe3-40ac-a43f-6cf3736340a4,ORD-20251128-0461,ba4010ef-70bf-489b-b893-f0defdb98d05,7c05ce84-5fba-401a-b3dd-6c1bb3434baa,3,4000,12000,2025-09-22 20:57:07,completed
f5d7ca35-f532-4362-8d1e-86689a9b031e,ORD-20251128-0461,ba4010ef-70bf-489b-b893-f0defdb98d05,566f0937-73b3-4115-b5aa-ddf548383135,4,3000,12000,2025-09-22 20:57:07,completed
fac9f9f6-6eda-4471-9b50-663d0c98ec0e,ORD-20251128-0461,ba4010ef-70bf-489b-b893-f0defdb98d05,22dcfd0f-1989-4b3a-905e-4d4508483590,4,25000,100000,2025-09-22 20:57:07,completed
fd3a5818-cacc-418a-be19-d43c418326f8,ORD-20251128-0462,51e4f36f-1dc4-4382-a0c4-1f6fb0d356a5,b766b9d7-f3ae-4858-8273-7afc2b0d0ea9,3,35000,105000,2025-10-16 20:57:07,completed
21a6d776-0c14-4e12-bf06-ee07f8958864,ORD-20251128-0462,51e4f36f-1dc4-4382-a0c4-1f6fb0d356a5,15a2b4b7-8e82-4815-84af-477582d6d4e8,4,45000,180000,2025-10-16 20:57:07,completed
c3d19d27-204c-453f-932f-b3d31014cf7c,ORD-20251128-0462,51e4f36f-1dc4-4382-a0c4-1f6fb0d356a5,0dcea2ff-2c7d-4349-81a4-9a922d251bc7,1,20000,20000,2025-10-16 20:57:07,completed
0a706924-07b8-42aa-80fe-062efd00260a,ORD-20251128-0463,f637fadc-8fdc-4b7d-a0b7-724af70b2565,d17954aa-743b-4ff8-843f-baa9882e56a3,1,5000,5000,2025-11-25 20:57:07,completed
9493ed4e-3982-429e-9f0c-4a9003c48237,ORD-20251128-0463,f637fadc-8fdc-4b7d-a0b7-724af70b2565,54f78d73-e07a-4863-bb29-3c9517a716d3,1,8000,8000,2025-11-25 20:57:07,completed
10346a41-dbc2-4b7f-aaa5-31b217749871,ORD-20251128-0463,f637fadc-8fdc-4b7d-a0b7-724af70b2565,0e462ced-37f3-4960-bd58-1461ae7cebe2,3,6000,18000,2025-11-25 20:57:07,completed
38ab1ea9-5712-4bf9-a603-10a54408b6e5,ORD-20251128-0464,11e05a0b-c2b5-43f1-80f4-46b547188bb9,8e92045c-5e6e-49ed-ab90-b2f48ee054ac,5,18000,90000,2025-09-13 20:57:07,completed
de887b23-c8b8-4987-a869-2fef4f2c644e,ORD-20251128-0464,11e05a0b-c2b5-43f1-80f4-46b547188bb9,566f0937-73b3-4115-b5aa-ddf548383135,4,3000,12000,2025-09-13 20:57:07,completed
aa961fd7-4fea-4c53-ba54-50f9d46d5095,ORD-20251128-0464,11e05a0b-c2b5-43f1-80f4-46b547188bb9,7c05ce84-5fba-401a-b3dd-6c1bb3434baa,4,4000,16000,2025-09-13 20:57:07,completed
13850f7b-ef08-4727-8c05-9273abcf58a6,ORD-20251128-0465,51457108-5651-4917-aef4-01e005360bcb,b766b9d7-f3ae-4858-8273-7afc2b0d0ea9,4,35000,140000,2025-09-28 20:57:07,completed
c1f3dbaf-634c-445d-aa6f-fa0271433881,ORD-20251128-0465,51457108-5651-4917-aef4-01e005360bcb,0dcea2ff-2c7d-4349-81a4-9a922d251bc7,4,20000,80000,2025-09-28 20:57:07,completed
ebdb2028-556d-4ee2-b16e-468afb03eb62,ORD-20251128-0465,51457108-5651-4917-aef4-01e005360bcb,15a2b4b7-8e82-4815-84af-477582d6d4e8,3,45000,135000,2025-09-28 20:57:07,completed
f5d1bbd9-2b55-4100-b3b3-08f9887a560c,ORD-20251128-0466,67e5fd1c-26a2-429b-9994-ba309e43ceee,f3093aaa-5474-468c-9b8d-9ef9a28956b9,3,40000,120000,2025-09-19 20:57:07,completed
ad0614da-8982-4d7c-8b0e-52bdabd14082,ORD-20251128-0467,51457108-5651-4917-aef4-01e005360bcb,0dcea2ff-2c7d-4349-81a4-9a922d251bc7,1,20000,20000,2025-09-08 20:57:07,completed
74ba66c0-0cca-4530-b280-554558b3d55d,ORD-20251128-0467,51457108-5651-4917-aef4-01e005360bcb,15a2b4b7-8e82-4815-84af-477582d6d4e8,1,45000,45000,2025-09-08 20:57:07,completed
b5d5f5f2-3903-4590-8b8e-bce96ba9ca17,ORD-20251128-0467,51457108-5651-4917-aef4-01e005360bcb,b766b9d7-f3ae-4858-8273-7afc2b0d0ea9,1,35000,35000,2025-09-08 20:57:07,completed
f3786181-9610-40ff-9012-bc0c66d0e3f2,ORD-20251128-0468,51e4f36f-1dc4-4382-a0c4-1f6fb0d356a5,705e8518-49ce-4be4-a01b-fdc214f4ec72,2,28000,56000,2025-10-16 20:57:07,completed
582b56d2-1b93-4109-8af6-0b3146e05fbd,ORD-20251128-0468,51e4f36f-1dc4-4382-a0c4-1f6fb0d356a5,8969e32c-0606-49f8-8262-28a337d93839,2,9000,18000,2025-10-16 20:57:07,completed
dafde504-ca8b-4161-9a0c-3aca98f061c2,ORD-20251128-0469,19fc1f86-de81-46c8-bb6f-d3570572efa4,895a88ae-b25e-4198-b8ce-2c6b98b530fa,2,12000,24000,2025-11-12 20:57:07,completed
86c262a5-c702-4576-9409-1799f095b1e2,ORD-20251128-0469,19fc1f86-de81-46c8-bb6f-d3570572efa4,0454da22-79c8-46da-941b-59e2e837b2d6,2,55000,110000,2025-11-12 20:57:07,completed
0b42f9e8-5ef3-48a9-9478-cb9b1a95cf42,ORD-20251128-0470,991e985c-995f-4d63-817f-81d1ac478e0f,5264a61a-da95-4ca9-8c42-c845a8fad53e,1,18000,18000,2025-11-16 20:57:07,completed
5c107881-9e76-4d67-8394-eac4309d4a60,ORD-20251128-0471,10437b60-348b-4211-8052-22724becf62a,566f0937-73b3-4115-b5aa-ddf548383135,4,3000,12000,2025-11-04 20:57:07,completed
01503592-0d19-46d5-80ca-d73d4e29ab61,ORD-20251128-0471,10437b60-348b-4211-8052-22724becf62a,7c05ce84-5fba-401a-b3dd-6c1bb3434baa,2,4000,8000,2025-11-04 20:57:07,completed
db815f7f-3e96-421a-85b4-f3ec88547b41,ORD-20251128-0471,10437b60-348b-4211-8052-22724becf62a,22dcfd0f-1989-4b3a-905e-4d4508483590,3,25000,75000,2025-11-04 20:57:07,completed
06d1b247-0e85-4ca9-be64-f3253361a4ca,ORD-20251128-0472,51e4f36f-1dc4-4382-a0c4-1f6fb0d356a5,0e462ced-37f3-4960-bd58-1461ae7cebe2,3,6000,18000,2025-09-17 20:57:07,completed
e2d88a60-9492-452c-8783-c2086e4bf1b7,ORD-20251128-0472,51e4f36f-1dc4-4382-a0c4-1f6fb0d356a5,36d6f0d3-a4e9-40e8-b4a0-f37ffdc98e80,3,7000,21000,2025-09-17 20:57:07,completed
0e8cea99-81d1-420c-9889-e822b568a6ca,ORD-20251128-0472,51e4f36f-1dc4-4382-a0c4-1f6fb0d356a5,8969e32c-0606-49f8-8262-28a337d93839,5,9000,45000,2025-09-17 20:57:07,completed
ac9dc028-cf95-4705-bfba-dc689f42a7e5,ORD-20251128-0473,d05444c6-b8e7-46e9-aec2-6d4dcef2cda5,1e23552f-bc5e-4208-9e11-427b901c022c,2,30000,60000,2025-10-30 20:57:07,completed
005bf846-7d07-41b6-9d40-d43ab5aad633,ORD-20251128-0474,51e4f36f-1dc4-4382-a0c4-1f6fb0d356a5,9932efc2-6bf0-43a3-a3a9-22be92df3e72,5,42000,210000,2025-11-17 20:57:07,completed
de2d7f16-2b7f-4b34-abc6-3c94ee495937,ORD-20251128-0474,51e4f36f-1dc4-4382-a0c4-1f6fb0d356a5,a0ab615e-653c-4623-96d5-7bc0121b23ee,1,95000,95000,2025-11-17 20:57:07,completed
386db59e-438e-4367-be3d-06656c4ef256,ORD-20251128-0474,51e4f36f-1dc4-4382-a0c4-1f6fb0d356a5,523853a9-14ec-4b71-8ea1-d85e92f1b94c,2,45000,90000,2025-11-17 20:57:07,completed
0728d9ea-0d32-49d8-828d-beeaf435874c,ORD-20251128-0475,11e05a0b-c2b5-43f1-80f4-46b547188bb9,b766b9d7-f3ae-4858-8273-7afc2b0d0ea9,2,35000,70000,2025-10-25 20:57:07,completed
d9579299-d2bc-4c63-863c-eaf48f7360e7,ORD-20251128-0475,11e05a0b-c2b5-43f1-80f4-46b547188bb9,0dcea2ff-2c7d-4349-81a4-9a922d251bc7,4,20000,80000,2025-10-25 20:57:07,completed
fd449f65-fb63-48c9-a292-566cf96d57b2,ORD-20251128-0475,11e05a0b-c2b5-43f1-80f4-46b547188bb9,15a2b4b7-8e82-4815-84af-477582d6d4e8,4,45000,180000,2025-10-25 20:57:07,completed
1ce2eb21-556b-4b61-9b49-abc4ff31a354,ORD-20251128-0476,51e4f36f-1dc4-4382-a0c4-1f6fb0d356a5,7c05ce84-5fba-401a-b3dd-6c1bb3434baa,4,4000,16000,2025-09-08 20:57:07,completed
590c1eaf-d7a3-40d2-9ad7-21ce8d678a06,ORD-20251128-0477,f637fadc-8fdc-4b7d-a0b7-724af70b2565,1d377005-8099-4f51-83e9-91d4682e6397,3,15000,45000,2025-09-12 20:57:07,completed
15e6afc8-af6f-45be-9b0a-dad9a078489d,ORD-20251128-0477,f637fadc-8fdc-4b7d-a0b7-724af70b2565,54f78d73-e07a-4863-bb29-3c9517a716d3,1,8000,8000,2025-09-12 20:57:07,completed
8706c582-d54e-4d4c-850f-fd7ba4de42b0,ORD-20251128-0478,ba4010ef-70bf-489b-b893-f0defdb98d05,566f0937-73b3-4115-b5aa-ddf548383135,2,3000,6000,2025-09-03 20:57:07,completed
2cded1ca-80d1-4fd4-829b-c4d99782026c,ORD-20251128-0478,ba4010ef-70bf-489b-b893-f0defdb98d05,7c05ce84-5fba-401a-b3dd-6c1bb3434baa,4,4000,16000,2025-09-03 20:57:07,completed
47d197b8-c401-4d6a-8848-7396e60078bd,ORD-20251128-0478,ba4010ef-70bf-489b-b893-f0defdb98d05,22dcfd0f-1989-4b3a-905e-4d4508483590,4,25000,100000,2025-09-03 20:57:07,completed
23cf8b2d-2822-456e-b685-b6db085f522e,ORD-20251128-0479,67e5fd1c-26a2-429b-9994-ba309e43ceee,54f78d73-e07a-4863-bb29-3c9517a716d3,4,8000,32000,2025-09-18 20:57:07,completed
b8368254-aaf8-4e19-b6d3-1dbc01472167,ORD-20251128-0479,67e5fd1c-26a2-429b-9994-ba309e43ceee,8969e32c-0606-49f8-8262-28a337d93839,2,9000,18000,2025-09-18 20:57:07,completed
a22a7b72-dfb7-4b72-a8fb-742f36d7ba14,ORD-20251128-0479,67e5fd1c-26a2-429b-9994-ba309e43ceee,d17954aa-743b-4ff8-843f-baa9882e56a3,2,5000,10000,2025-09-18 20:57:07,completed
4408e9d8-b465-41be-8d16-dc88549b9055,ORD-20251128-0480,ff70de0a-9ebe-42db-a040-b1773b1bcfb5,a0ab615e-653c-4623-96d5-7bc0121b23ee,4,95000,380000,2025-09-03 20:57:07,completed
206b9ed3-9a01-4c27-8091-06261e04f6d9,ORD-20251128-0480,ff70de0a-9ebe-42db-a040-b1773b1bcfb5,523853a9-14ec-4b71-8ea1-d85e92f1b94c,2,45000,90000,2025-09-03 20:57:07,completed
d2e9b6d0-b598-4099-9100-70dc8b2830fe,ORD-20251128-0480,ff70de0a-9ebe-42db-a040-b1773b1bcfb5,17ad20c4-a240-4058-b0d7-6bf0159238eb,3,38000,114000,2025-09-03 20:57:07,completed
a3fdeeee-b924-44a4-ae97-e96a13803e68,ORD-20251128-0481,d47c8b39-984c-426b-903e-aba2ae2c9fb8,7a4af2f2-f55b-4300-a4ba-4406efcc350c,4,65000,260000,2025-10-23 20:57:07,completed
bf5a90ec-9ca5-44f0-aabb-c6574db0f70c,ORD-20251128-0481,d47c8b39-984c-426b-903e-aba2ae2c9fb8,457afb33-6e9d-4ad9-9f4c-b52be26e5f18,3,65000,195000,2025-10-23 20:57:07,completed
291c372e-3ca4-44c6-9d5d-8add02c07be3,ORD-20251128-0481,d47c8b39-984c-426b-903e-aba2ae2c9fb8,b766b9d7-f3ae-4858-8273-7afc2b0d0ea9,2,35000,70000,2025-10-23 20:57:07,completed
95374a74-8e41-420d-9036-0040a98772fc,ORD-20251128-0481,d47c8b39-984c-426b-903e-aba2ae2c9fb8,70710b93-2b14-4674-a243-b919d6002c48,5,85000,425000,2025-10-23 20:57:07,completed
f8995eac-65b5-4c9d-85e1-2363ddcf2593,ORD-20251128-0481,d47c8b39-984c-426b-903e-aba2ae2c9fb8,98d8d5cb-c8f1-4a5a-ad69-bec1d221e519,3,15000,45000,2025-10-23 20:57:07,completed
c98eb0e3-80fb-4052-ae06-a7129cc7e99d,ORD-20251128-0482,fd09d135-3d92-4afa-8f25-362828ce59ea,d17954aa-743b-4ff8-843f-baa9882e56a3,5,5000,25000,2025-09-22 20:57:07,completed
cf1590c2-b411-4a73-bbfa-7bbf8805d653,ORD-20251128-0482,fd09d135-3d92-4afa-8f25-362828ce59ea,54f78d73-e07a-4863-bb29-3c9517a716d3,1,8000,8000,2025-09-22 20:57:07,completed
edadb335-c4e1-46d7-80db-659dbec4cadd,ORD-20251128-0482,fd09d135-3d92-4afa-8f25-362828ce59ea,0e462ced-37f3-4960-bd58-1461ae7cebe2,4,6000,24000,2025-09-22 20:57:07,completed
0b80e921-8d16-4cf3-acd2-c3fda3911df1,ORD-20251128-0483,d47c8b39-984c-426b-903e-aba2ae2c9fb8,2994aaf1-ae81-4d5c-97c7-ee6044ad977a,1,15000,15000,2025-09-07 20:57:07,completed
04bd1d76-3adb-4d9d-8f54-7e9c2ce6473b,ORD-20251128-0483,d47c8b39-984c-426b-903e-aba2ae2c9fb8,0dca8dc1-02c9-4543-b856-b95d8bc5486c,4,35000,140000,2025-09-07 20:57:07,completed
09db225a-ae87-4b46-b3b5-d7a88f6680de,ORD-20251128-0483,d47c8b39-984c-426b-903e-aba2ae2c9fb8,705e8518-49ce-4be4-a01b-fdc214f4ec72,2,28000,56000,2025-09-07 20:57:07,completed
018c7115-e18d-4338-9abb-c4a3526bed7c,ORD-20251128-0483,d47c8b39-984c-426b-903e-aba2ae2c9fb8,17ad20c4-a240-4058-b0d7-6bf0159238eb,5,38000,190000,2025-09-07 20:57:07,completed
b144899d-d6e1-4b2d-a243-ac0230aa57b5,ORD-20251128-0483,d47c8b39-984c-426b-903e-aba2ae2c9fb8,47b15327-cc21-4675-9f1d-2ecf48c8f596,3,18000,54000,2025-09-07 20:57:07,completed
05058852-7c73-415b-bd43-3b81a6d1d29f,ORD-20251128-0484,ba4010ef-70bf-489b-b893-f0defdb98d05,b766b9d7-f3ae-4858-8273-7afc2b0d0ea9,4,35000,140000,2025-09-29 20:57:07,completed
6fc479df-fb84-4bdd-b58c-4ffe99677695,ORD-20251128-0484,ba4010ef-70bf-489b-b893-f0defdb98d05,15a2b4b7-8e82-4815-84af-477582d6d4e8,5,45000,225000,2025-09-29 20:57:07,completed
c09119cd-179e-4228-8d90-5c1b90519403,ORD-20251128-0484,ba4010ef-70bf-489b-b893-f0defdb98d05,0dcea2ff-2c7d-4349-81a4-9a922d251bc7,3,20000,60000,2025-09-29 20:57:07,completed
67ba0181-3c41-4d32-b0d2-ab4f834e7bf6,ORD-20251128-0485,ba4010ef-70bf-489b-b893-f0defdb98d05,5264a61a-da95-4ca9-8c42-c845a8fad53e,5,18000,90000,2025-09-03 20:57:07,completed
5d612a8f-51f8-49db-87b0-87264dbe6b86,ORD-20251128-0485,ba4010ef-70bf-489b-b893-f0defdb98d05,8e92045c-5e6e-49ed-ab90-b2f48ee054ac,1,18000,18000,2025-09-03 20:57:07,completed
c89c2ebd-2182-4571-bdec-57e6681f2f22,ORD-20251128-0485,ba4010ef-70bf-489b-b893-f0defdb98d05,af5f9e6c-806a-416d-aa71-951a0d5774fc,5,38000,190000,2025-09-03 20:57:07,completed
f890e7b5-f090-45e0-b2b1-3bcc9800e3a3,ORD-20251128-0486,f637fadc-8fdc-4b7d-a0b7-724af70b2565,2414ebda-b693-4952-8dc6-1c7e6f18f861,4,22000,88000,2025-11-16 20:57:07,completed
01698cef-7fe3-4017-a52d-833534174ce6,ORD-20251128-0486,f637fadc-8fdc-4b7d-a0b7-724af70b2565,5264a61a-da95-4ca9-8c42-c845a8fad53e,1,18000,18000,2025-11-16 20:57:07,completed
b3eb793e-fdf3-47e5-a912-d2ed23857c3d,ORD-20251128-0486,f637fadc-8fdc-4b7d-a0b7-724af70b2565,54f78d73-e07a-4863-bb29-3c9517a716d3,1,8000,8000,2025-11-16 20:57:07,completed
dee2872e-ef8f-4ac7-b1be-d49d0a4546d4,ORD-20251128-0486,f637fadc-8fdc-4b7d-a0b7-724af70b2565,0e462ced-37f3-4960-bd58-1461ae7cebe2,5,6000,30000,2025-11-16 20:57:07,completed
6f3351b8-39b7-4bde-8ccb-3e0c69d4c0f0,ORD-20251128-0486,f637fadc-8fdc-4b7d-a0b7-724af70b2565,b766b9d7-f3ae-4858-8273-7afc2b0d0ea9,2,35000,70000,2025-11-16 20:57:07,completed
f150b40b-1534-4341-8f44-9a14a6f928a9,ORD-20251128-0487,a280a790-efe9-490b-9be6-7d44e02f828b,70710b93-2b14-4674-a243-b919d6002c48,4,85000,340000,2025-11-08 20:57:07,completed
f28c42ae-8287-4007-addd-a86f1bd06ca4,ORD-20251128-0488,51457108-5651-4917-aef4-01e005360bcb,54f78d73-e07a-4863-bb29-3c9517a716d3,3,8000,24000,2025-10-13 20:57:07,completed
463f168e-53b7-4029-a86e-940d2e54ddaf,ORD-20251128-0488,51457108-5651-4917-aef4-01e005360bcb,8969e32c-0606-49f8-8262-28a337d93839,5,9000,45000,2025-10-13 20:57:07,completed
d920cc32-ac8d-43f8-a1b6-9dc632001fec,ORD-20251128-0488,51457108-5651-4917-aef4-01e005360bcb,36d6f0d3-a4e9-40e8-b4a0-f37ffdc98e80,2,7000,14000,2025-10-13 20:57:07,completed
865b7fa5-1d96-4b3c-a3ad-0d970dcf9378,ORD-20251128-0489,991e985c-995f-4d63-817f-81d1ac478e0f,0e462ced-37f3-4960-bd58-1461ae7cebe2,2,6000,12000,2025-11-26 20:57:07,completed
51939cc4-0264-484e-a0a0-d28d935d60fb,ORD-20251128-0489,991e985c-995f-4d63-817f-81d1ac478e0f,36d6f0d3-a4e9-40e8-b4a0-f37ffdc98e80,3,7000,21000,2025-11-26 20:57:07,completed
da43dacf-682e-454c-a547-7b970d116fbf,ORD-20251128-0489,991e985c-995f-4d63-817f-81d1ac478e0f,8969e32c-0606-49f8-8262-28a337d93839,1,9000,9000,2025-11-26 20:57:07,completed
9ead9770-49bc-41c9-ae96-466c75f11a24,ORD-20251128-0490,991e985c-995f-4d63-817f-81d1ac478e0f,457afb33-6e9d-4ad9-9f4c-b52be26e5f18,2,65000,130000,2025-10-16 20:57:07,completed
8642382c-1635-4db9-98bf-a09d5161c881,ORD-20251128-0490,991e985c-995f-4d63-817f-81d1ac478e0f,7a4af2f2-f55b-4300-a4ba-4406efcc350c,5,65000,325000,2025-10-16 20:57:07,completed
f0e206ba-743b-4daf-a894-3c127fa5a8d4,ORD-20251128-0490,991e985c-995f-4d63-817f-81d1ac478e0f,f3093aaa-5474-468c-9b8d-9ef9a28956b9,1,40000,40000,2025-10-16 20:57:07,completed
46007039-75cd-4947-a581-66d9b0131e54,ORD-20251128-0491,ff70de0a-9ebe-42db-a040-b1773b1bcfb5,b766b9d7-f3ae-4858-8273-7afc2b0d0ea9,4,35000,140000,2025-10-05 20:57:07,completed
841e636d-9557-48f8-bb2f-68ddd63d35e4,ORD-20251128-0491,ff70de0a-9ebe-42db-a040-b1773b1bcfb5,b40277d1-e51a-4b24-b017-83458955af1a,2,18000,36000,2025-10-05 20:57:07,completed
9559a251-eafd-437e-ae0f-48708e377409,ORD-20251128-0491,ff70de0a-9ebe-42db-a040-b1773b1bcfb5,5264a61a-da95-4ca9-8c42-c845a8fad53e,3,18000,54000,2025-10-05 20:57:07,completed
9dce9b28-cfb0-4957-a233-8802d545a0e3,ORD-20251128-0492,51457108-5651-4917-aef4-01e005360bcb,9932efc2-6bf0-43a3-a3a9-22be92df3e72,3,42000,126000,2025-09-01 20:57:07,completed
155d572a-a29f-4b52-97a7-ba2ef7adaa68,ORD-20251128-0492,51457108-5651-4917-aef4-01e005360bcb,17ad20c4-a240-4058-b0d7-6bf0159238eb,2,38000,76000,2025-09-01 20:57:07,completed
8d8d8e9b-f479-490d-bced-abab732bdb4d,ORD-20251128-0492,51457108-5651-4917-aef4-01e005360bcb,523853a9-14ec-4b71-8ea1-d85e92f1b94c,1,45000,45000,2025-09-01 20:57:07,completed
f1e7dc84-885e-4320-9b26-536c48bf0e34,ORD-20251128-0493,10437b60-348b-4211-8052-22724becf62a,0dcea2ff-2c7d-4349-81a4-9a922d251bc7,5,20000,100000,2025-11-07 20:57:07,completed
f8c48969-74c9-42fd-b383-ace4716797d1,ORD-20251128-0493,10437b60-348b-4211-8052-22724becf62a,15a2b4b7-8e82-4815-84af-477582d6d4e8,1,45000,45000,2025-11-07 20:57:07,completed
6b695899-ce97-4f9e-ba6c-9adde805efa5,ORD-20251128-0493,10437b60-348b-4211-8052-22724becf62a,b766b9d7-f3ae-4858-8273-7afc2b0d0ea9,1,35000,35000,2025-11-07 20:57:07,completed
a367c5b1-ec4a-4c2e-8813-08ca746bf9d4,ORD-20251128-0494,d05444c6-b8e7-46e9-aec2-6d4dcef2cda5,9af10703-fa13-4473-8682-aa9d905205f6,1,6000,6000,2025-09-30 20:57:07,completed
da06c257-1502-4302-866b-28944bbb2316,ORD-20251128-0495,991e985c-995f-4d63-817f-81d1ac478e0f,566f0937-73b3-4115-b5aa-ddf548383135,1,3000,3000,2025-10-12 20:57:07,completed
5118f313-88ee-4254-86ea-d5679e4f9961,ORD-20251128-0495,991e985c-995f-4d63-817f-81d1ac478e0f,22dcfd0f-1989-4b3a-905e-4d4508483590,5,25000,125000,2025-10-12 20:57:07,completed
7f70c59a-c43a-40e7-b604-568ea7b0e10c,ORD-20251128-0495,991e985c-995f-4d63-817f-81d1ac478e0f,7c05ce84-5fba-401a-b3dd-6c1bb3434baa,2,4000,8000,2025-10-12 20:57:07,completed
a1c6e781-7c39-46b4-b73d-405a2cf643c0,ORD-20251128-0496,19fc1f86-de81-46c8-bb6f-d3570572efa4,b766b9d7-f3ae-4858-8273-7afc2b0d0ea9,4,35000,140000,2025-09-18 20:57:07,completed
3c2c43b7-5a2e-47b0-8c0b-ab2a3465ea1a,ORD-20251128-0496,19fc1f86-de81-46c8-bb6f-d3570572efa4,0dcea2ff-2c7d-4349-81a4-9a922d251bc7,4,20000,80000,2025-09-18 20:57:07,completed
e52a2ec1-ba6c-41bf-b10f-c5d1df98df14,ORD-20251128-0496,19fc1f86-de81-46c8-bb6f-d3570572efa4,15a2b4b7-8e82-4815-84af-477582d6d4e8,3,45000,135000,2025-09-18 20:57:07,completed
78431b63-e832-463b-86f7-9a92d5a2f2ef,ORD-20251128-0497,d47c8b39-984c-426b-903e-aba2ae2c9fb8,d17954aa-743b-4ff8-843f-baa9882e56a3,4,5000,20000,2025-11-27 20:57:07,completed
c582fdfc-e37d-4535-bba2-8545e98a3533,ORD-20251128-0497,d47c8b39-984c-426b-903e-aba2ae2c9fb8,22dcfd0f-1989-4b3a-905e-4d4508483590,4,25000,100000,2025-11-27 20:57:07,completed
297fd445-0aee-4d33-8053-4b5aac87279d,ORD-20251128-0497,d47c8b39-984c-426b-903e-aba2ae2c9fb8,af5f9e6c-806a-416d-aa71-951a0d5774fc,4,38000,152000,2025-11-27 20:57:07,completed
2240b590-63e7-4079-812b-b490f6481b3f,ORD-20251128-0498,d05444c6-b8e7-46e9-aec2-6d4dcef2cda5,9af10703-fa13-4473-8682-aa9d905205f6,5,6000,30000,2025-09-10 20:57:07,completed
2712d5bc-cc30-465c-9d0c-f6f56a49d140,ORD-20251128-0499,612e799f-2782-4b21-ac5c-6ac5bd3b9e8a,8e92045c-5e6e-49ed-ab90-b2f48ee054ac,5,18000,90000,2025-09-01 20:57:07,completed
23f3c0fd-6a53-4483-8677-d7267ca4dc58,ORD-20251128-0499,612e799f-2782-4b21-ac5c-6ac5bd3b9e8a,7c05ce84-5fba-401a-b3dd-6c1bb3434baa,5,4000,20000,2025-09-01 20:57:07,completed
dee71659-40b1-41e9-bd89-528208d4d70c,ORD-20251128-0499,612e799f-2782-4b21-ac5c-6ac5bd3b9e8a,566f0937-73b3-4115-b5aa-ddf548383135,3,3000,9000,2025-09-01 20:57:07,completed
d61902c1-f56a-440b-a4b6-87648ac92a01,ORD-20251128-0500,1ad5e86a-1d26-431f-b684-6478baa5a883,566f0937-73b3-4115-b5aa-ddf548383135,4,3000,12000,2025-10-12 20:57:07,processing
36adc0e0-7e21-4b7c-a6c7-5dbae2af7833,ORD-20251128-0500,1ad5e86a-1d26-431f-b684-6478baa5a883,8e92045c-5e6e-49ed-ab90-b2f48ee054ac,2,18000,36000,2025-10-12 20:57:07,processing
9e38b6e1-e89b-4985-8e7d-61c991e6ce3c,ORD-20251128-0500,1ad5e86a-1d26-431f-b684-6478baa5a883,22dcfd0f-1989-4b3a-905e-4d4508483590,4,25000,100000,2025-10-12 20:57:07,processing
