id,name,category_id,category_name,product_type,selling_price,quantity_info,shelf_life_days,total_stock,description,is_active,created_at
14380693-89e9-49e6-b75f-9d7f48808c84,Udang kecil,660e8400-e29b-41d4-a716-446655440001,Protein Laut,online,39873,kg,3,41,Udang kecil berkualitas tinggi untuk kebutuhan dapur Anda,True,2025-09-22 11:16:14
94e9fe0a-cf21-45f5-9033-8764281087bc,Udang sedang,660e8400-e29b-41d4-a716-446655440001,Protein Laut,online,63730,kg,3,79,Udang sedang berkualitas tinggi untuk kebutuhan dapur Anda,True,2025-11-25 11:16:14
8cdec9ed-9ca3-42c6-923a-6880cc4b1856,Udang besar,660e8400-e29b-41d4-a716-446655440001,Protein Laut,online,85149,kg,3,116,Udang besar berkualitas tinggi untuk kebutuhan dapur Anda,True,2025-10-04 11:16:14
b71df588-d86a-4bea-ad8f-0aac04fc0076,Udang jumbo,660e8400-e29b-41d4-a716-446655440001,Protein Laut,online,108794,kg,3,33,Udang jumbo berkualitas tinggi untuk kebutuhan dapur Anda,True,2025-09-03 11:16:14
e2917756-218e-4042-8540-484f5bec0edf,Udang vaname,660e8400-e29b-41d4-a716-446655440001,Protein Laut,online,74701,kg,3,87,Udang vaname berkualitas tinggi untuk kebutuhan dapur Anda,True,2025-10-13 11:16:14
9b7783d6-0239-4dc6-93c6-5b37b61b616e,Udang windu,660e8400-e29b-41d4-a716-446655440001,Protein Laut,online,93892,kg,3,84,Udang windu berkualitas tinggi untuk kebutuhan dapur Anda,True,2025-11-01 11:16:14
3bd99e75-e3e5-49cd-9a53-d23429120a60,Udang lobster kecil,660e8400-e29b-41d4-a716-446655440001,Protein Laut,online,150510,kg,3,106,Udang lobster kecil berkualitas tinggi untuk kebutuhan dapur Anda,True,2025-11-30 11:16:14
c9183a05-e51f-4c95-9a5c-bb8eb8d3f092,Udang kecil beku,660e8400-e29b-41d4-a716-446655440001,Protein Laut,online,39486,kg,3,47,Udang kecil beku berkualitas tinggi untuk kebutuhan dapur Anda,True,2025-09-17 11:16:14
019bded8-73dd-46b2-8b05-92d94f441991,Udang besar sedang,660e8400-e29b-41d4-a716-446655440001,Protein Laut,online,65696,kg,3,84,Udang besar sedang berkualitas tinggi untuk kebutuhan dapur Anda,True,2025-10-12 11:16:14
9883dce5-6c1e-49ee-a5b4-cf25f010ee9d,Udang besar super Jawa Tengah,660e8400-e29b-41d4-a716-446655440001,Protein Laut,online,102757,kg,3,78,Udang besar super Jawa Tengah berkualitas tinggi untuk kebutuhan dapur Anda,True,2025-10-27 11:16:14
1fe23b3b-4c8a-45ad-b3df-e706030012cd,Udang jumbo pilihan,660e8400-e29b-41d4-a716-446655440001,Protein Laut,online,115846,kg,3,61,Udang jumbo pilihan berkualitas tinggi untuk kebutuhan dapur Anda,True,2025-11-29 11:16:14
edf9f4ec-7550-40ed-bcdf-cfc2089cff2a,Cumi kecil,660e8400-e29b-41d4-a716-446655440001,Protein Laut,online,50162,kg,2,77,Cumi kecil berkualitas tinggi untuk kebutuhan dapur Anda,True,2025-10-18 11:16:14
4055275b-8592-487b-9045-7f006467c9ee,Cumi sedang,660e8400-e29b-41d4-a716-446655440001,Protein Laut,online,64230,kg,2,54,Cumi sedang berkualitas tinggi untuk kebutuhan dapur Anda,True,2025-11-12 11:16:14
e881bf9c-e46e-439e-bcdf-6e1b013a9749,Cumi besar,660e8400-e29b-41d4-a716-446655440001,Protein Laut,online,80221,kg,2,44,Cumi besar berkualitas tinggi untuk kebutuhan dapur Anda,True,2025-11-12 11:16:14
867192a1-c4e1-407d-9b1d-87508c3dfd45,Cumi jumbo,660e8400-e29b-41d4-a716-446655440001,Protein Laut,online,95203,kg,2,33,Cumi jumbo berkualitas tinggi untuk kebutuhan dapur Anda,True,2025-11-16 11:16:14
337a9225-2ca5-4ed1-89b8-7f2859fd6a26,Cumi segar,660e8400-e29b-41d4-a716-446655440001,Protein Laut,online,68922,kg,2,34,Cumi segar berkualitas tinggi untuk kebutuhan dapur Anda,True,2025-09-10 11:16:14
adddd32b-5baa-4a21-b6a7-680227cbfbe7,Cumi beku,660e8400-e29b-41d4-a716-446655440001,Protein Laut,online,59812,kg,2,109,Cumi beku berkualitas tinggi untuk kebutuhan dapur Anda,True,2025-11-21 11:16:14
25905881-08e0-4963-b21d-ab9c4ab9ae6b,Cumi cincang,660e8400-e29b-41d4-a716-446655440001,Protein Laut,online,54754,kg,2,73,Cumi cincang berkualitas tinggi untuk kebutuhan dapur Anda,True,2025-10-01 11:16:14
885220eb-59ee-42d2-bdd9-50a3a48c2eeb,Cumi kecil segar pagi,660e8400-e29b-41d4-a716-446655440001,Protein Laut,online,50897,kg,2,101,Cumi kecil segar pagi berkualitas tinggi untuk kebutuhan dapur Anda,True,2025-10-21 11:16:14
73a275aa-1d00-471c-9096-6cbdb897fa11,Cumi kecil sedang,660e8400-e29b-41d4-a716-446655440001,Protein Laut,online,65092,kg,2,79,Cumi kecil sedang berkualitas tinggi untuk kebutuhan dapur Anda,True,2025-09-29 11:16:14
8749b392-288f-4574-9e60-33befdf951b8,Cumi besar premium Jawa Barat,660e8400-e29b-41d4-a716-446655440001,Protein Laut,online,104545,kg,2,73,Cumi besar premium Jawa Barat berkualitas tinggi untuk kebutuhan dapur Anda,True,2025-09-23 11:16:14
7cde616f-c107-44f4-b81f-55005777eb49,Cumi jumbo premium,660e8400-e29b-41d4-a716-446655440001,Protein Laut,online,116900,kg,2,98,Cumi jumbo premium berkualitas tinggi untuk kebutuhan dapur Anda,True,2025-09-08 11:16:14
7d5e8a7f-902a-4d7d-8ea0-adf878f53a60,Ikan Kembung segar,660e8400-e29b-41d4-a716-446655440001,Protein Laut,online,29838,kg,2,98,Ikan Kembung segar berkualitas tinggi untuk kebutuhan dapur Anda,True,2025-11-12 11:16:14
03796700-1d9f-4fb1-8f92-3aa0da407e83,Ikan Kembung beku,660e8400-e29b-41d4-a716-446655440001,Protein Laut,online,24825,kg,2,97,Ikan Kembung beku berkualitas tinggi untuk kebutuhan dapur Anda,True,2025-11-29 11:16:14
51e3e7f7-7e69-4131-b1fa-f4852ff9ca50,Ikan Kembung asin,660e8400-e29b-41d4-a716-446655440001,Protein Laut,online,34568,kg,2,105,Ikan Kembung asin berkualitas tinggi untuk kebutuhan dapur Anda,True,2025-10-26 11:16:14
12c3646c-4e28-4a9a-a793-695996c25db5,Ikan Kembung pindang,660e8400-e29b-41d4-a716-446655440001,Protein Laut,online,31758,kg,2,90,Ikan Kembung pindang berkualitas tinggi untuk kebutuhan dapur Anda,True,2025-09-19 11:16:14
cd192b78-f59f-4873-8cf4-ec17de8fb1b3,Ikan Kembung fillet,660e8400-e29b-41d4-a716-446655440001,Protein Laut,online,40108,kg,2,52,Ikan Kembung fillet berkualitas tinggi untuk kebutuhan dapur Anda,True,2025-10-11 11:16:14
5895173a-fed2-4afc-9ab0-62093c0869da,Ikan Kembung segar ekonomis,660e8400-e29b-41d4-a716-446655440001,Protein Laut,online,26591,kg,2,88,Ikan Kembung segar ekonomis berkualitas tinggi untuk kebutuhan dapur Anda,True,2025-09-15 11:16:14
435e36c6-d13a-4b5f-9d50-b15ceb588247,Ikan Kembung beku Jawa Tengah,660e8400-e29b-41d4-a716-446655440001,Protein Laut,online,25051,kg,2,116,Ikan Kembung beku Jawa Tengah berkualitas tinggi untuk kebutuhan dapur Anda,True,2025-09-30 11:16:14
a16c4d09-988e-4b2d-b594-0868e683ce75,Ikan Kembung asin fresh,660e8400-e29b-41d4-a716-446655440001,Protein Laut,online,34917,kg,2,77,Ikan Kembung asin fresh berkualitas tinggi untuk kebutuhan dapur Anda,True,2025-11-19 11:16:14
32203954-e506-4e9d-a17c-62e11741ada6,Ikan Kembung sedang pindang,660e8400-e29b-41d4-a716-446655440001,Protein Laut,online,31706,kg,2,78,Ikan Kembung sedang pindang berkualitas tinggi untuk kebutuhan dapur Anda,True,2025-09-08 11:16:14
3cd19350-c606-4996-83f4-a0c4aa9dc82d,Ikan Kembung fillet premium Jawa Barat,660e8400-e29b-41d4-a716-446655440001,Protein Laut,online,52583,kg,2,75,Ikan Kembung fillet premium Jawa Barat berkualitas tinggi untuk kebutuhan dapur Anda,True,2025-10-21 11:16:14
4566afe1-5af6-4649-a9bf-0fdfe8fa6d36,Ikan Kembung segar pilihan,660e8400-e29b-41d4-a716-446655440001,Protein Laut,online,32228,kg,2,47,Ikan Kembung segar pilihan berkualitas tinggi untuk kebutuhan dapur Anda,True,2025-10-07 11:16:14
047f6fcd-41e3-4edb-b762-13ead80d5c94,Bawal segar,660e8400-e29b-41d4-a716-446655440001,Protein Laut,online,35372,kg,2,90,Bawal segar berkualitas tinggi untuk kebutuhan dapur Anda,True,2025-10-04 11:16:14
14b0972b-2681-4f4a-b746-384a3a79b8d5,Bawal fillet,660e8400-e29b-41d4-a716-446655440001,Protein Laut,online,45550,kg,2,98,Bawal fillet berkualitas tinggi untuk kebutuhan dapur Anda,True,2025-10-28 11:16:14
d23c08bf-5e60-43d7-928f-656d75fd54ad,Bawal putih,660e8400-e29b-41d4-a716-446655440001,Protein Laut,online,39373,kg,2,95,Bawal putih berkualitas tinggi untuk kebutuhan dapur Anda,True,2025-10-26 11:16:14
ad30b31c-d7a3-4e02-8a2d-8a2955680918,Bawal hitam,660e8400-e29b-41d4-a716-446655440001,Protein Laut,online,37589,kg,2,114,Bawal hitam berkualitas tinggi untuk kebutuhan dapur Anda,True,2025-09-03 11:16:14
6108b9d2-3b59-4c3a-8f48-baae7db9fd9f,Bawal segar super Jawa Timur,660e8400-e29b-41d4-a716-446655440001,Protein Laut,online,40945,kg,2,38,Bawal segar super Jawa Timur berkualitas tinggi untuk kebutuhan dapur Anda,True,2025-09-16 11:16:14
02ff93c1-b769-45af-a521-1ef74a2ba3b1,Bawal fillet ekonomis,660e8400-e29b-41d4-a716-446655440001,Protein Laut,online,36219,kg,2,32,Bawal fillet ekonomis berkualitas tinggi untuk kebutuhan dapur Anda,True,2025-10-03 11:16:14
83b7f322-9087-4bf9-b400-7ccad3e5a4b0,Bawal putih Sulawesi,660e8400-e29b-41d4-a716-446655440001,Protein Laut,online,39542,kg,2,84,Bawal putih Sulawesi berkualitas tinggi untuk kebutuhan dapur Anda,True,2025-09-15 11:16:14
8c1c6247-162c-41d6-93a9-2c64e5d71a47,Bawal hitam frozen,660e8400-e29b-41d4-a716-446655440001,Protein Laut,online,37646,kg,2,109,Bawal hitam frozen berkualitas tinggi untuk kebutuhan dapur Anda,True,2025-10-11 11:16:14
7ead6ea7-2886-4a4f-a0a3-5f6a94586915,Bawal jumbo segar,660e8400-e29b-41d4-a716-446655440001,Protein Laut,online,35366,kg,2,56,Bawal jumbo segar berkualitas tinggi untuk kebutuhan dapur Anda,True,2025-09-30 11:16:14
25701b5a-76e7-45cf-b997-eaa1aed0263a,Bawal fillet premium Lampung,660e8400-e29b-41d4-a716-446655440001,Protein Laut,online,55646,kg,2,116,Bawal fillet premium Lampung berkualitas tinggi untuk kebutuhan dapur Anda,True,2025-10-11 11:16:14
f1d7ac80-bab9-42e1-801a-4b6e5fc6987e,Bawal putih premium,660e8400-e29b-41d4-a716-446655440001,Protein Laut,online,48718,kg,2,32,Bawal putih premium berkualitas tinggi untuk kebutuhan dapur Anda,True,2025-10-19 11:16:14
b21d34d8-0855-4111-9528-dcdede26e451,Tongkol utuh,660e8400-e29b-41d4-a716-446655440001,Protein Laut,online,40405,kg,2,45,Tongkol utuh berkualitas tinggi untuk kebutuhan dapur Anda,True,2025-09-17 11:16:14
c27528d4-1cd9-48a6-9ac8-da64c08fb4f7,Tongkol fillet,660e8400-e29b-41d4-a716-446655440001,Protein Laut,online,50003,kg,2,63,Tongkol fillet berkualitas tinggi untuk kebutuhan dapur Anda,True,2025-09-21 11:16:14
22f6b121-eb82-4131-b253-92f6312216e9,Tongkol segar,660e8400-e29b-41d4-a716-446655440001,Protein Laut,online,41820,kg,2,70,Tongkol segar berkualitas tinggi untuk kebutuhan dapur Anda,True,2025-11-01 11:16:14
0df53216-ed79-4d65-99bb-bca3db3a7d3c,Tongkol asap,660e8400-e29b-41d4-a716-446655440001,Protein Laut,online,54084,kg,2,36,Tongkol asap berkualitas tinggi untuk kebutuhan dapur Anda,True,2025-10-14 11:16:14
34b41ba8-31db-45aa-aed6-fcc31a66f7a3,Tongkol utuh super Jawa Timur,660e8400-e29b-41d4-a716-446655440001,Protein Laut,online,49655,kg,2,108,Tongkol utuh super Jawa Timur berkualitas tinggi untuk kebutuhan dapur Anda,True,2025-10-04 11:16:14
1d91848c-8c2b-4792-88ad-12f9da833529,Tongkol fillet pilihan,660e8400-e29b-41d4-a716-446655440001,Protein Laut,online,57109,kg,2,113,Tongkol fillet pilihan berkualitas tinggi untuk kebutuhan dapur Anda,True,2025-09-17 11:16:14
40c0d806-1637-4e26-887a-50f108551e44,Tongkol segar Jawa Timur,660e8400-e29b-41d4-a716-446655440001,Protein Laut,online,42231,kg,2,91,Tongkol segar Jawa Timur berkualitas tinggi untuk kebutuhan dapur Anda,True,2025-10-23 11:16:14
e8300d77-af3c-4c11-8816-be01ccca1bcf,Tongkol asap segar pagi,660e8400-e29b-41d4-a716-446655440001,Protein Laut,online,55389,kg,2,63,Tongkol asap segar pagi berkualitas tinggi untuk kebutuhan dapur Anda,True,2025-10-16 11:16:14
735c2f00-2159-405c-b068-72f4370acb8b,Tongkol jumbo utuh,660e8400-e29b-41d4-a716-446655440001,Protein Laut,online,40750,kg,2,76,Tongkol jumbo utuh berkualitas tinggi untuk kebutuhan dapur Anda,True,2025-11-12 11:16:14
2aeea233-2964-4931-b2ee-b2ab2918b583,Tongkol fillet premium Lampung,660e8400-e29b-41d4-a716-446655440001,Protein Laut,online,61595,kg,2,75,Tongkol fillet premium Lampung berkualitas tinggi untuk kebutuhan dapur Anda,True,2025-10-26 11:16:14
b5c6cf18-de37-438b-a1d8-974cab032977,Tongkol segar reguler,660e8400-e29b-41d4-a716-446655440001,Protein Laut,online,39378,kg,2,34,Tongkol segar reguler berkualitas tinggi untuk kebutuhan dapur Anda,True,2025-10-20 11:16:14
1c3d9c1d-29fd-4916-b6f9-c21864d0f3a9,Cengek segar,660e8400-e29b-41d4-a716-446655440001,Protein Laut,online,74221,kg,2,96,Cengek segar berkualitas tinggi untuk kebutuhan dapur Anda,True,2025-11-20 11:16:14
50b1c470-088c-49ca-ba6c-7f74d76eb736,Cengek premium,660e8400-e29b-41d4-a716-446655440001,Protein Laut,online,86093,kg,2,36,Cengek premium berkualitas tinggi untuk kebutuhan dapur Anda,True,2025-10-07 11:16:14
ff873b65-1d52-4c74-9956-ebca47a02e6d,Cengek segar chilled,660e8400-e29b-41d4-a716-446655440001,Protein Laut,online,73587,kg,2,71,Cengek segar chilled berkualitas tinggi untuk kebutuhan dapur Anda,True,2025-09-07 11:16:14
7c8092f7-1c08-45da-a8ca-437454217e8a,Cengek mini premium,660e8400-e29b-41d4-a716-446655440001,Protein Laut,online,86512,kg,2,78,Cengek mini premium berkualitas tinggi untuk kebutuhan dapur Anda,True,2025-09-29 11:16:14
8bb820d7-14c7-465b-8ed1-78ae69c0d64d,Cengek segar premium Jawa Timur,660e8400-e29b-41d4-a716-446655440001,Protein Laut,online,99351,kg,2,68,Cengek segar premium Jawa Timur berkualitas tinggi untuk kebutuhan dapur Anda,True,2025-11-23 11:16:14
b9401ba2-5e84-493e-a396-771aca185715,Cengek premium pilihan,660e8400-e29b-41d4-a716-446655440001,Protein Laut,online,96165,kg,2,108,Cengek premium pilihan berkualitas tinggi untuk kebutuhan dapur Anda,True,2025-12-01 11:16:14
b51be8ae-d1a6-4094-b6fd-a0dc8001664c,Cengek segar Sulawesi,660e8400-e29b-41d4-a716-446655440001,Protein Laut,online,74859,kg,2,68,Cengek segar Sulawesi berkualitas tinggi untuk kebutuhan dapur Anda,True,2025-11-27 11:16:14
5f0cf968-7f31-4714-a54e-86a2796ae0ab,Cengek premium fresh,660e8400-e29b-41d4-a716-446655440001,Protein Laut,online,84603,kg,2,44,Cengek premium fresh berkualitas tinggi untuk kebutuhan dapur Anda,True,2025-10-22 11:16:14
982475cf-64cc-4f01-ad92-6f7068a3c5b3,Cengek kecil segar,660e8400-e29b-41d4-a716-446655440001,Protein Laut,online,73511,kg,2,108,Cengek kecil segar berkualitas tinggi untuk kebutuhan dapur Anda,True,2025-10-29 11:16:14
f2752a01-33bc-43f9-8b1b-d30e056f673c,Cengek premium premium Jawa Timur,660e8400-e29b-41d4-a716-446655440001,Protein Laut,online,105496,kg,2,34,Cengek premium premium Jawa Timur berkualitas tinggi untuk kebutuhan dapur Anda,True,2025-11-30 11:16:14
ca6bbfd0-a814-4978-a5fa-0d29300351c3,Cengek segar ekonomis,660e8400-e29b-41d4-a716-446655440001,Protein Laut,online,60598,kg,2,92,Cengek segar ekonomis berkualitas tinggi untuk kebutuhan dapur Anda,True,2025-09-05 11:16:14
8f603a4a-5f50-4bf2-a18e-b5e47566b148,Kakap merah,660e8400-e29b-41d4-a716-446655440001,Protein Laut,online,89756,kg,2,105,Kakap merah berkualitas tinggi untuk kebutuhan dapur Anda,True,2025-09-27 11:16:14
74c6b09a-e6d2-41e2-b9ea-9526afffad4e,Kakap putih,660e8400-e29b-41d4-a716-446655440001,Protein Laut,online,84480,kg,2,55,Kakap putih berkualitas tinggi untuk kebutuhan dapur Anda,True,2025-10-03 11:16:14
64627b1f-9c08-4b0f-9282-8d134fc4e254,Kakap fillet merah,660e8400-e29b-41d4-a716-446655440001,Protein Laut,online,100359,kg,2,82,Kakap fillet merah berkualitas tinggi untuk kebutuhan dapur Anda,True,2025-11-27 11:16:14
d385a10b-3402-419e-aa8c-b87f63dad149,Kakap fillet putih,660e8400-e29b-41d4-a716-446655440001,Protein Laut,online,93547,kg,2,36,Kakap fillet putih berkualitas tinggi untuk kebutuhan dapur Anda,True,2025-11-30 11:16:14
b90f53e7-285e-4467-85d9-8b7411390542,Kakap merah premium Jawa Timur,660e8400-e29b-41d4-a716-446655440001,Protein Laut,online,120953,kg,2,79,Kakap merah premium Jawa Timur berkualitas tinggi untuk kebutuhan dapur Anda,True,2025-10-10 11:16:14
62f5c4dc-4f2d-4be7-ad3a-357857437339,Kakap putih super,660e8400-e29b-41d4-a716-446655440001,Protein Laut,online,101273,kg,2,116,Kakap putih super berkualitas tinggi untuk kebutuhan dapur Anda,True,2025-11-12 11:16:14
5fd3a729-0a54-4174-bd3a-1d05f304a491,Kakap fillet merah Jawa Timur,660e8400-e29b-41d4-a716-446655440001,Protein Laut,online,99848,kg,2,38,Kakap fillet merah Jawa Timur berkualitas tinggi untuk kebutuhan dapur Anda,True,2025-09-11 11:16:14
fd73e504-c21d-4f07-b20b-47ed8ae4ce16,Kakap fillet putih frozen,660e8400-e29b-41d4-a716-446655440001,Protein Laut,online,93555,kg,2,46,Kakap fillet putih frozen berkualitas tinggi untuk kebutuhan dapur Anda,True,2025-11-18 11:16:14
e77b4a91-86d0-4207-8a00-ded7c2818a7c,Kakap sedang merah,660e8400-e29b-41d4-a716-446655440001,Protein Laut,online,88907,kg,2,107,Kakap sedang merah berkualitas tinggi untuk kebutuhan dapur Anda,True,2025-09-20 11:16:14
e76467b2-5dfb-487e-80a0-0f4f07245815,Kakap putih super Jawa Tengah,660e8400-e29b-41d4-a716-446655440001,Protein Laut,online,106120,kg,2,50,Kakap putih super Jawa Tengah berkualitas tinggi untuk kebutuhan dapur Anda,True,2025-09-16 11:16:14
d46667a4-ddf0-4993-a260-0ae1a7fa2fc2,Kakap fillet merah super,660e8400-e29b-41d4-a716-446655440001,Protein Laut,online,116604,kg,2,109,Kakap fillet merah super berkualitas tinggi untuk kebutuhan dapur Anda,True,2025-09-16 11:16:14
190b39eb-407f-4f76-8ba4-360b7890e1af,Salmon segar,660e8400-e29b-41d4-a716-446655440001,Protein Laut,online,151830,kg,2,100,Salmon segar berkualitas tinggi untuk kebutuhan dapur Anda,True,2025-11-24 11:16:14
4e990f20-53f4-4eb4-b860-1f17f6bcd132,Salmon fillet,660e8400-e29b-41d4-a716-446655440001,Protein Laut,online,176458,kg,2,34,Salmon fillet berkualitas tinggi untuk kebutuhan dapur Anda,True,2025-10-24 11:16:14
83e941d3-9322-454c-8367-81086372f547,Salmon steak,660e8400-e29b-41d4-a716-446655440001,Protein Laut,online,203163,kg,2,34,Salmon steak berkualitas tinggi untuk kebutuhan dapur Anda,True,2025-11-21 11:16:14
0f081145-28b1-48f9-b787-eec0d6c7587b,Salmon belly,660e8400-e29b-41d4-a716-446655440001,Protein Laut,online,162610,kg,2,78,Salmon belly berkualitas tinggi untuk kebutuhan dapur Anda,True,2025-11-08 11:16:14
14ecca4d-6c92-48c1-8723-a4914c86ee47,Salmon head,660e8400-e29b-41d4-a716-446655440001,Protein Laut,online,81545,kg,2,74,Salmon head berkualitas tinggi untuk kebutuhan dapur Anda,True,2025-11-06 11:16:14
21149a3d-5cd8-4821-bba4-06fb013d6cb8,Salmon segar reguler,660e8400-e29b-41d4-a716-446655440001,Protein Laut,online,148515,kg,2,94,Salmon segar reguler berkualitas tinggi untuk kebutuhan dapur Anda,True,2025-10-01 11:16:14
2f9d2a9d-350f-45bc-b718-1c7070c43fd8,Salmon fillet Sumatera,660e8400-e29b-41d4-a716-446655440001,Protein Laut,online,176496,kg,2,75,Salmon fillet Sumatera berkualitas tinggi untuk kebutuhan dapur Anda,True,2025-11-19 11:16:14
daff3bf1-92fa-498a-b4b9-caca30e38cf9,Salmon steak chilled,660e8400-e29b-41d4-a716-446655440001,Protein Laut,online,199438,kg,2,44,Salmon steak chilled berkualitas tinggi untuk kebutuhan dapur Anda,True,2025-10-01 11:16:14
c3732e40-39f3-47ff-9f8c-355eabb6a6b8,Salmon sedang belly,660e8400-e29b-41d4-a716-446655440001,Protein Laut,online,157487,kg,2,53,Salmon sedang belly berkualitas tinggi untuk kebutuhan dapur Anda,True,2025-11-13 11:16:14
fa4a38de-47d8-4f22-a6ba-f7c24df635f4,Salmon head super Lampung,660e8400-e29b-41d4-a716-446655440001,Protein Laut,online,95367,kg,2,79,Salmon head super Lampung berkualitas tinggi untuk kebutuhan dapur Anda,True,2025-11-23 11:16:14
12ed8182-550c-4e34-af3d-69633ae4c30c,Salmon segar reguler,660e8400-e29b-41d4-a716-446655440001,Protein Laut,online,143161,kg,2,112,Salmon segar reguler berkualitas tinggi untuk kebutuhan dapur Anda,True,2025-10-23 11:16:14
ff8bfb40-b77c-4711-ab2b-e68f02cc8647,Kerang hijau,660e8400-e29b-41d4-a716-446655440001,Protein Laut,online,24813,kg,1,36,Kerang hijau berkualitas tinggi untuk kebutuhan dapur Anda,True,2025-11-18 11:16:14
b81e04f7-c46e-4301-9ca1-9aae29a8d723,Kerang darah,660e8400-e29b-41d4-a716-446655440001,Protein Laut,online,30124,kg,1,81,Kerang darah berkualitas tinggi untuk kebutuhan dapur Anda,True,2025-09-24 11:16:14
246a2484-893a-4012-8241-e761934e4eb3,Kerang simping,660e8400-e29b-41d4-a716-446655440001,Protein Laut,online,34932,kg,1,92,Kerang simping berkualitas tinggi untuk kebutuhan dapur Anda,True,2025-11-30 11:16:14
2907d3e8-329e-476b-bbf0-a4f3f480002a,Kerang kampak,660e8400-e29b-41d4-a716-446655440001,Protein Laut,online,40720,kg,1,72,Kerang kampak berkualitas tinggi untuk kebutuhan dapur Anda,True,2025-10-03 11:16:14
00eb32a4-1b98-44e8-88ec-264c7daad1ab,Kerang hijau pilihan Lampung,660e8400-e29b-41d4-a716-446655440001,Protein Laut,online,27870,kg,1,79,Kerang hijau pilihan Lampung berkualitas tinggi untuk kebutuhan dapur Anda,True,2025-11-19 11:16:14
ad89515e-567f-44f0-a3e0-67bba8341181,Kerang darah super,660e8400-e29b-41d4-a716-446655440001,Protein Laut,online,34316,kg,1,94,Kerang darah super berkualitas tinggi untuk kebutuhan dapur Anda,True,2025-09-13 11:16:14
ea14ef96-17e3-4e7e-949b-96d3570099b8,Kerang simping Jawa Tengah,660e8400-e29b-41d4-a716-446655440001,Protein Laut,online,35679,kg,1,61,Kerang simping Jawa Tengah berkualitas tinggi untuk kebutuhan dapur Anda,True,2025-10-24 11:16:14
3038b17d-0880-4abf-8eec-b4ec4f9853d4,Kerang kampak segar pagi,660e8400-e29b-41d4-a716-446655440001,Protein Laut,online,39394,kg,1,110,Kerang kampak segar pagi berkualitas tinggi untuk kebutuhan dapur Anda,True,2025-09-19 11:16:14
07f041a6-a4db-40b2-bcf4-f64f1be3e3f5,Kerang besar hijau,660e8400-e29b-41d4-a716-446655440001,Protein Laut,online,24790,kg,1,91,Kerang besar hijau berkualitas tinggi untuk kebutuhan dapur Anda,True,2025-11-25 11:16:14
372e00b2-491f-40c4-a3da-fbc9c2b329a1,Kerang darah pilihan Jawa Timur,660e8400-e29b-41d4-a716-446655440001,Protein Laut,online,31270,kg,1,113,Kerang darah pilihan Jawa Timur berkualitas tinggi untuk kebutuhan dapur Anda,True,2025-10-16 11:16:14
99a9b7e6-be93-4f74-b87a-9cd3bad3a525,Kerang simping ekonomis,660e8400-e29b-41d4-a716-446655440001,Protein Laut,online,33544,kg,1,51,Kerang simping ekonomis berkualitas tinggi untuk kebutuhan dapur Anda,True,2025-10-05 11:16:14
098703f0-5b98-4de9-829f-6679e898d552,Kepiting segar,660e8400-e29b-41d4-a716-446655440001,Protein Laut,online,119278,kg,2,78,Kepiting segar berkualitas tinggi untuk kebutuhan dapur Anda,True,2025-10-27 11:16:14
8755a42f-7b34-44ce-9aff-41705d07b4ce,Kepiting bakau,660e8400-e29b-41d4-a716-446655440001,Protein Laut,online,107997,kg,2,107,Kepiting bakau berkualitas tinggi untuk kebutuhan dapur Anda,True,2025-11-13 11:16:14
100d7a00-1684-402b-8c8c-184962a26168,Kepiting rajungan,660e8400-e29b-41d4-a716-446655440001,Protein Laut,online,100148,kg,2,71,Kepiting rajungan berkualitas tinggi untuk kebutuhan dapur Anda,True,2025-10-26 11:16:14
52d16317-eb90-4590-8e31-4b6348875d07,Kepiting kecil segar,660e8400-e29b-41d4-a716-446655440001,Protein Laut,online,120226,kg,2,60,Kepiting kecil segar berkualitas tinggi untuk kebutuhan dapur Anda,True,2025-11-16 11:16:14
9d8d8a2f-70c2-4688-aa96-b06368541ab2,Kepiting bakau premium Jawa Tengah,660e8400-e29b-41d4-a716-446655440001,Protein Laut,online,135699,kg,2,114,Kepiting bakau premium Jawa Tengah berkualitas tinggi untuk kebutuhan dapur Anda,True,2025-10-15 11:16:14
862e5aa8-415f-4ebe-8dca-217c2b350698,Kepiting rajungan pilihan,660e8400-e29b-41d4-a716-446655440001,Protein Laut,online,111529,kg,2,30,Kepiting rajungan pilihan berkualitas tinggi untuk kebutuhan dapur Anda,True,2025-10-03 11:16:14
16feecb0-6bdc-4c5e-8bfd-53b1240262d8,Kepiting segar Jawa Barat,660e8400-e29b-41d4-a716-446655440001,Protein Laut,online,118463,kg,2,118,Kepiting segar Jawa Barat berkualitas tinggi untuk kebutuhan dapur Anda,True,2025-10-02 11:16:14
43a670d4-7b43-4753-ac03-75804588d53d,Kepiting bakau fresh,660e8400-e29b-41d4-a716-446655440001,Protein Laut,online,110725,kg,2,76,Kepiting bakau fresh berkualitas tinggi untuk kebutuhan dapur Anda,True,2025-10-05 11:16:14
e0d4f84a-be1d-4714-990a-a504c5cb3077,Kepiting besar rajungan,660e8400-e29b-41d4-a716-446655440001,Protein Laut,online,98689,kg,2,34,Kepiting besar rajungan berkualitas tinggi untuk kebutuhan dapur Anda,True,2025-11-23 11:16:14
bdb59b59-ba04-4da8-bc52-808519cd8480,Kepiting segar super Jawa Timur,660e8400-e29b-41d4-a716-446655440001,Protein Laut,online,147795,kg,2,96,Kepiting segar super Jawa Timur berkualitas tinggi untuk kebutuhan dapur Anda,True,2025-10-23 11:16:14
c5d61777-129b-4863-9f94-1daf7d1fc662,Kepiting bakau ekonomis,660e8400-e29b-41d4-a716-446655440001,Protein Laut,online,93768,kg,2,53,Kepiting bakau ekonomis berkualitas tinggi untuk kebutuhan dapur Anda,True,2025-09-15 11:16:14
fe76f4d8-85b2-4781-a49b-610f8c41940e,Gurita segar,660e8400-e29b-41d4-a716-446655440001,Protein Laut,online,89490,kg,2,50,Gurita segar berkualitas tinggi untuk kebutuhan dapur Anda,True,2025-09-16 11:16:14
1bc7ab7f-af59-4268-8074-a8895b481f07,Gurita beku,660e8400-e29b-41d4-a716-446655440001,Protein Laut,online,79720,kg,2,50,Gurita beku berkualitas tinggi untuk kebutuhan dapur Anda,True,2025-11-17 11:16:14
e0831f0f-d5c8-4413-b363-59e1fe1c081d,Gurita segar frozen,660e8400-e29b-41d4-a716-446655440001,Protein Laut,online,88906,kg,2,53,Gurita segar frozen berkualitas tinggi untuk kebutuhan dapur Anda,True,2025-09-27 11:16:14
16da6966-f5f2-4927-ace4-c5a553531352,Gurita jumbo beku,660e8400-e29b-41d4-a716-446655440001,Protein Laut,online,80463,kg,2,95,Gurita jumbo beku berkualitas tinggi untuk kebutuhan dapur Anda,True,2025-10-26 11:16:14
0a31dd40-ea1f-4bab-b10d-3d94cb92239d,Gurita segar super Lampung,660e8400-e29b-41d4-a716-446655440001,Protein Laut,online,108070,kg,2,44,Gurita segar super Lampung berkualitas tinggi untuk kebutuhan dapur Anda,True,2025-09-28 11:16:14
b00a46d4-098a-461d-b7cf-9e60cc269102,Gurita beku ekonomis,660e8400-e29b-41d4-a716-446655440001,Protein Laut,online,74351,kg,2,118,Gurita beku ekonomis berkualitas tinggi untuk kebutuhan dapur Anda,True,2025-10-02 11:16:14
7b04ebbc-2324-470a-acb3-f0e70a1e8904,Gurita segar Jawa Barat,660e8400-e29b-41d4-a716-446655440001,Protein Laut,online,89931,kg,2,79,Gurita segar Jawa Barat berkualitas tinggi untuk kebutuhan dapur Anda,True,2025-10-27 11:16:14
25f21f5a-fcc3-4747-a658-b837d8122518,Gurita beku fresh,660e8400-e29b-41d4-a716-446655440001,Protein Laut,online,78562,kg,2,80,Gurita beku fresh berkualitas tinggi untuk kebutuhan dapur Anda,True,2025-11-09 11:16:14
3ae4d6dc-0f98-47dd-9e42-4ac0ceed4a9c,Gurita jumbo segar,660e8400-e29b-41d4-a716-446655440001,Protein Laut,online,90817,kg,2,43,Gurita jumbo segar berkualitas tinggi untuk kebutuhan dapur Anda,True,2025-11-18 11:16:14
7fe71d7c-5729-421d-855f-51be898e9099,Gurita beku premium Jawa Tengah,660e8400-e29b-41d4-a716-446655440001,Protein Laut,online,101499,kg,2,74,Gurita beku premium Jawa Tengah berkualitas tinggi untuk kebutuhan dapur Anda,True,2025-09-27 11:16:14
94d4c245-a7ed-42af-a756-bf6fb35e74af,Sotong segar,660e8400-e29b-41d4-a716-446655440001,Protein Laut,online,55838,kg,2,63,Sotong segar berkualitas tinggi untuk kebutuhan dapur Anda,True,2025-09-22 11:16:14
de4537b2-b56b-4b1b-94c5-90e4f5e558f3,Sotong cincang,660e8400-e29b-41d4-a716-446655440001,Protein Laut,online,49576,kg,2,34,Sotong cincang berkualitas tinggi untuk kebutuhan dapur Anda,True,2025-11-16 11:16:14
936e7a94-95bf-4c20-8a81-a1a141778a16,Sotong segar segar pagi,660e8400-e29b-41d4-a716-446655440001,Protein Laut,online,55836,kg,2,53,Sotong segar segar pagi berkualitas tinggi untuk kebutuhan dapur Anda,True,2025-10-25 11:16:14
41d3b868-27d0-4b86-abba-f8f3c0381ab0,Sotong sedang cincang,660e8400-e29b-41d4-a716-446655440001,Protein Laut,online,50184,kg,2,42,Sotong sedang cincang berkualitas tinggi untuk kebutuhan dapur Anda,True,2025-09-28 11:16:14
bcb268a4-8f4a-4590-8823-5eee9ab44e02,Sotong segar pilihan Jawa Tengah,660e8400-e29b-41d4-a716-446655440001,Protein Laut,online,58431,kg,2,110,Sotong segar pilihan Jawa Tengah berkualitas tinggi untuk kebutuhan dapur Anda,True,2025-10-29 11:16:14
e0312dc8-b2a1-4772-9896-27102effa23d,Sotong cincang premium,660e8400-e29b-41d4-a716-446655440001,Protein Laut,online,67304,kg,2,107,Sotong cincang premium berkualitas tinggi untuk kebutuhan dapur Anda,True,2025-10-19 11:16:14
d3285330-2061-4916-8a45-735993fb07ae,Sotong segar Sulawesi,660e8400-e29b-41d4-a716-446655440001,Protein Laut,online,53929,kg,2,93,Sotong segar Sulawesi berkualitas tinggi untuk kebutuhan dapur Anda,True,2025-09-20 11:16:14
43abe8dd-ab16-4cfe-bb47-884530ec23c2,Sotong cincang chilled,660e8400-e29b-41d4-a716-446655440001,Protein Laut,online,49534,kg,2,92,Sotong cincang chilled berkualitas tinggi untuk kebutuhan dapur Anda,True,2025-09-16 11:16:14
7947eeaa-478d-4103-b8ae-c819295fe484,Sotong mini segar,660e8400-e29b-41d4-a716-446655440001,Protein Laut,online,54775,kg,2,90,Sotong mini segar berkualitas tinggi untuk kebutuhan dapur Anda,True,2025-10-19 11:16:14
12d855ff-2e07-43dd-b8a1-83c07326056e,Sotong cincang pilihan Jawa Timur,660e8400-e29b-41d4-a716-446655440001,Protein Laut,online,54107,kg,2,103,Sotong cincang pilihan Jawa Timur berkualitas tinggi untuk kebutuhan dapur Anda,True,2025-09-29 11:16:14
70705f34-c38a-487f-a56a-2b0e5bc2e92a,Teri medan,660e8400-e29b-41d4-a716-446655440001,Protein Laut,online,79015,kg,30,83,Teri medan berkualitas tinggi untuk kebutuhan dapur Anda,True,2025-10-18 11:16:14
4580b7c1-e5bf-4089-a52c-ffc59749861e,Teri nasi,660e8400-e29b-41d4-a716-446655440001,Protein Laut,online,70697,kg,30,104,Teri nasi berkualitas tinggi untuk kebutuhan dapur Anda,True,2025-09-26 11:16:14
25f2633b-7c7d-40cb-9df4-74f91f7c625b,Teri kering,660e8400-e29b-41d4-a716-446655440001,Protein Laut,online,74990,kg,30,67,Teri kering berkualitas tinggi untuk kebutuhan dapur Anda,True,2025-11-05 11:16:14
081598d1-fc8a-49c0-9563-44417ac56e18,Teri jumbo medan,660e8400-e29b-41d4-a716-446655440001,Protein Laut,online,79573,kg,30,35,Teri jumbo medan berkualitas tinggi untuk kebutuhan dapur Anda,True,2025-09-15 11:16:14
097ae2ea-85fb-46ab-9b93-5d09fca820a1,Teri nasi pilihan Jawa Tengah,660e8400-e29b-41d4-a716-446655440001,Protein Laut,online,73764,kg,30,116,Teri nasi pilihan Jawa Tengah berkualitas tinggi untuk kebutuhan dapur Anda,True,2025-10-22 11:16:14
03a60daa-57bf-460c-b868-ca9799778169,Teri kering ekonomis,660e8400-e29b-41d4-a716-446655440001,Protein Laut,online,68198,kg,30,118,Teri kering ekonomis berkualitas tinggi untuk kebutuhan dapur Anda,True,2025-11-18 11:16:14
b0f5b2f3-6bd5-4801-9331-36619ab66b3e,Teri medan Sumatera,660e8400-e29b-41d4-a716-446655440001,Protein Laut,online,80330,kg,30,85,Teri medan Sumatera berkualitas tinggi untuk kebutuhan dapur Anda,True,2025-09-26 11:16:14
6351aded-0247-43f4-b6bf-3f825bdd46e0,Teri nasi fresh,660e8400-e29b-41d4-a716-446655440001,Protein Laut,online,69529,kg,30,33,Teri nasi fresh berkualitas tinggi untuk kebutuhan dapur Anda,True,2025-10-17 11:16:14
c50550f5-7127-4c5f-a97e-970ed2dbf971,Teri besar kering,660e8400-e29b-41d4-a716-446655440001,Protein Laut,online,74945,kg,30,56,Teri besar kering berkualitas tinggi untuk kebutuhan dapur Anda,True,2025-10-07 11:16:14
7922e832-4063-40e0-8e5b-5265644dfa6e,Teri medan premium Jawa Timur,660e8400-e29b-41d4-a716-446655440001,Protein Laut,online,101573,kg,30,71,Teri medan premium Jawa Timur berkualitas tinggi untuk kebutuhan dapur Anda,True,2025-09-15 11:16:14
b0a461cb-a92e-46fe-8a24-89136cb4e80c,Ayam filet dada,660e8400-e29b-41d4-a716-446655440002,Protein Daging,online,42881,kg,3,65,Ayam filet dada berkualitas tinggi untuk kebutuhan dapur Anda,True,2025-09-21 11:16:14
2435ba2d-3525-4501-a098-57ca754ba0b9,Ayam filet paha,660e8400-e29b-41d4-a716-446655440002,Protein Daging,online,38444,kg,3,35,Ayam filet paha berkualitas tinggi untuk kebutuhan dapur Anda,True,2025-11-17 11:16:14
6a156197-b5d7-4237-a2b4-cdf73419641e,Ayam filet sayap,660e8400-e29b-41d4-a716-446655440002,Protein Daging,online,35355,kg,3,91,Ayam filet sayap berkualitas tinggi untuk kebutuhan dapur Anda,True,2025-09-22 11:16:14
3049dd87-6c6e-4232-8ec9-b3f2f7489b4a,Ayam filet dada tanpa kulit,660e8400-e29b-41d4-a716-446655440002,Protein Daging,online,44214,kg,3,101,Ayam filet dada tanpa kulit berkualitas tinggi untuk kebutuhan dapur Anda,True,2025-10-16 11:16:14
7b604878-3b9f-4606-b059-9db1109b1024,Ayam filet paha tanpa tulang,660e8400-e29b-41d4-a716-446655440002,Protein Daging,online,41166,kg,3,107,Ayam filet paha tanpa tulang berkualitas tinggi untuk kebutuhan dapur Anda,True,2025-10-10 11:16:14
653a57ed-ec18-4d73-a709-4ec525b215ea,Ayam filet dada ekonomis,660e8400-e29b-41d4-a716-446655440002,Protein Daging,online,38204,kg,3,100,Ayam filet dada ekonomis berkualitas tinggi untuk kebutuhan dapur Anda,True,2025-10-04 11:16:14
683bcb04-a51b-4d8a-93ba-52f6242a2082,Ayam filet paha Kalimantan,660e8400-e29b-41d4-a716-446655440002,Protein Daging,online,38742,kg,3,41,Ayam filet paha Kalimantan berkualitas tinggi untuk kebutuhan dapur Anda,True,2025-11-03 11:16:14
1eef2114-cc81-45e6-bd39-f898200992b6,Ayam filet sayap beku,660e8400-e29b-41d4-a716-446655440002,Protein Daging,online,34378,kg,3,115,Ayam filet sayap beku berkualitas tinggi untuk kebutuhan dapur Anda,True,2025-10-24 11:16:14
73d707ee-98e1-45b7-a883-14b4e26afcd6,Ayam filet besar dada tanpa kulit,660e8400-e29b-41d4-a716-446655440002,Protein Daging,online,45387,kg,3,118,Ayam filet besar dada tanpa kulit berkualitas tinggi untuk kebutuhan dapur Anda,True,2025-11-07 11:16:14
8a871aec-2554-47c0-bbe3-dfe33ede332d,Ayam filet paha tanpa tulang pilihan Jawa Barat,660e8400-e29b-41d4-a716-446655440002,Protein Daging,online,46578,kg,3,65,Ayam filet paha tanpa tulang pilihan Jawa Barat berkualitas tinggi untuk kebutuhan dapur Anda,True,2025-11-09 11:16:14
9bc07c9d-8e27-49c8-aee3-723dd65e2029,Ayam filet dada ekonomis,660e8400-e29b-41d4-a716-446655440002,Protein Daging,online,37906,kg,3,95,Ayam filet dada ekonomis berkualitas tinggi untuk kebutuhan dapur Anda,True,2025-10-01 11:16:14
a13207f9-c700-45a0-a3e8-5c960f631482,Ayam filet paha Jawa Timur,660e8400-e29b-41d4-a716-446655440002,Protein Daging,online,38731,kg,3,108,Ayam filet paha Jawa Timur berkualitas tinggi untuk kebutuhan dapur Anda,True,2025-11-17 11:16:14
6e42828d-e029-4dbb-9ad7-d57d5a99864c,Ayam filet sayap fresh,660e8400-e29b-41d4-a716-446655440002,Protein Daging,online,34664,kg,3,86,Ayam filet sayap fresh berkualitas tinggi untuk kebutuhan dapur Anda,True,2025-10-10 11:16:14
85cdc88a-d04d-4b55-94af-55ae3fad3649,Ceker Ayam segar,660e8400-e29b-41d4-a716-446655440002,Protein Daging,online,14827,kg,5,87,Ceker Ayam segar berkualitas tinggi untuk kebutuhan dapur Anda,True,2025-09-23 11:16:14
3446b3f5-2619-48db-9ec7-7d5a9f3636f9,Ceker Ayam beku,660e8400-e29b-41d4-a716-446655440002,Protein Daging,online,12756,kg,5,85,Ceker Ayam beku berkualitas tinggi untuk kebutuhan dapur Anda,True,2025-11-21 11:16:14
312fd690-f0e9-4783-804f-eb76cb5dc30b,Ceker Ayam premium,660e8400-e29b-41d4-a716-446655440002,Protein Daging,online,16800,kg,5,68,Ceker Ayam premium berkualitas tinggi untuk kebutuhan dapur Anda,True,2025-11-04 11:16:14
6845b8ee-73d6-4a3a-b048-d697a6cc553a,Ceker Ayam besar segar,660e8400-e29b-41d4-a716-446655440002,Protein Daging,online,14786,kg,5,94,Ceker Ayam besar segar berkualitas tinggi untuk kebutuhan dapur Anda,True,2025-11-16 11:16:14
c537882f-f527-4f27-a21d-20398ccd0225,Ceker Ayam beku premium Jawa Barat,660e8400-e29b-41d4-a716-446655440002,Protein Daging,online,16642,kg,5,118,Ceker Ayam beku premium Jawa Barat berkualitas tinggi untuk kebutuhan dapur Anda,True,2025-11-26 11:16:14
4ec84125-29ce-4b1a-a40d-52123f2d3967,Ceker Ayam premium special,660e8400-e29b-41d4-a716-446655440002,Protein Daging,online,19819,kg,5,39,Ceker Ayam premium special berkualitas tinggi untuk kebutuhan dapur Anda,True,2025-09-09 11:16:14
46a40323-360d-4581-a2d1-22413263186a,Ceker Ayam segar Sulawesi,660e8400-e29b-41d4-a716-446655440002,Protein Daging,online,15209,kg,5,71,Ceker Ayam segar Sulawesi berkualitas tinggi untuk kebutuhan dapur Anda,True,2025-09-18 11:16:14
90df80c0-519f-4792-9b8c-e9b33c772366,Ceker Ayam beku beku,660e8400-e29b-41d4-a716-446655440002,Protein Daging,online,13091,kg,5,46,Ceker Ayam beku beku berkualitas tinggi untuk kebutuhan dapur Anda,True,2025-10-31 11:16:14
f4511bae-2d3f-44ce-b04e-ecf2ea35374c,Ceker Ayam kecil premium,660e8400-e29b-41d4-a716-446655440002,Protein Daging,online,17093,kg,5,116,Ceker Ayam kecil premium berkualitas tinggi untuk kebutuhan dapur Anda,True,2025-11-26 11:16:14
23af18d1-de67-49a9-b099-54ae61688011,Ceker Ayam segar pilihan Jawa Tengah,660e8400-e29b-41d4-a716-446655440002,Protein Daging,online,16089,kg,5,81,Ceker Ayam segar pilihan Jawa Tengah berkualitas tinggi untuk kebutuhan dapur Anda,True,2025-11-06 11:16:14
14770e99-7307-4482-88af-94cb30227032,Ceker Ayam beku special,660e8400-e29b-41d4-a716-446655440002,Protein Daging,online,14646,kg,5,79,Ceker Ayam beku special berkualitas tinggi untuk kebutuhan dapur Anda,True,2025-09-23 11:16:14
2b73b402-263a-46cc-ba1a-2653f148a91f,Ceker Ayam premium Jawa Tengah,660e8400-e29b-41d4-a716-446655440002,Protein Daging,online,17064,kg,5,46,Ceker Ayam premium Jawa Tengah berkualitas tinggi untuk kebutuhan dapur Anda,True,2025-10-18 11:16:14
c8f3eddd-c4d2-4db2-983d-251ccb73310f,Sayap Ayam segar,660e8400-e29b-41d4-a716-446655440002,Protein Daging,online,35114,kg,3,57,Sayap Ayam segar berkualitas tinggi untuk kebutuhan dapur Anda,True,2025-09-22 11:16:14
f58e876b-3632-408e-a2a1-ea9bdb502566,Sayap Ayam bumbu,660e8400-e29b-41d4-a716-446655440002,Protein Daging,online,37420,kg,3,69,Sayap Ayam bumbu berkualitas tinggi untuk kebutuhan dapur Anda,True,2025-09-21 11:16:14
32c06c58-8658-4f6e-b328-f7dc9f48fcf3,Sayap Ayam marinasi,660e8400-e29b-41d4-a716-446655440002,Protein Daging,online,39929,kg,3,104,Sayap Ayam marinasi berkualitas tinggi untuk kebutuhan dapur Anda,True,2025-10-13 11:16:14
3163e7d1-15d0-4b69-a718-c1621b082615,Sayap Ayam mentega,660e8400-e29b-41d4-a716-446655440002,Protein Daging,online,41351,kg,3,95,Sayap Ayam mentega berkualitas tinggi untuk kebutuhan dapur Anda,True,2025-10-19 11:16:14
0558e08d-9203-402a-91bc-bddb3f5b5dbc,Sayap Ayam segar premium Jawa Timur,660e8400-e29b-41d4-a716-446655440002,Protein Daging,online,47309,kg,3,99,Sayap Ayam segar premium Jawa Timur berkualitas tinggi untuk kebutuhan dapur Anda,True,2025-11-23 11:16:14
f503e0cb-acc1-422b-b1cc-612a155a5d7d,Sayap Ayam bumbu special,660e8400-e29b-41d4-a716-446655440002,Protein Daging,online,42265,kg,3,78,Sayap Ayam bumbu special berkualitas tinggi untuk kebutuhan dapur Anda,True,2025-11-24 11:16:14
215828a7-3610-4c20-b025-74c0bd4d2b87,Sayap Ayam marinasi Kalimantan,660e8400-e29b-41d4-a716-446655440002,Protein Daging,online,40469,kg,3,105,Sayap Ayam marinasi Kalimantan berkualitas tinggi untuk kebutuhan dapur Anda,True,2025-09-07 11:16:14
a9ed57fb-abcf-4470-bedc-aad5b3efd727,Sayap Ayam mentega segar pagi,660e8400-e29b-41d4-a716-446655440002,Protein Daging,online,42223,kg,3,111,Sayap Ayam mentega segar pagi berkualitas tinggi untuk kebutuhan dapur Anda,True,2025-11-27 11:16:14
10f7b402-ded2-43ca-aaa1-c3ae9c9e7504,Sayap Ayam mini segar,660e8400-e29b-41d4-a716-446655440002,Protein Daging,online,34659,kg,3,101,Sayap Ayam mini segar berkualitas tinggi untuk kebutuhan dapur Anda,True,2025-09-04 11:16:14
112fc0b1-feb2-4f1f-8d87-19d84fcb3ab0,Sayap Ayam bumbu super Lampung,660e8400-e29b-41d4-a716-446655440002,Protein Daging,online,45300,kg,3,94,Sayap Ayam bumbu super Lampung berkualitas tinggi untuk kebutuhan dapur Anda,True,2025-11-27 11:16:14
a0933f72-cacf-4811-ad56-00001038ea48,Sayap Ayam marinasi reguler,660e8400-e29b-41d4-a716-446655440002,Protein Daging,online,40623,kg,3,114,Sayap Ayam marinasi reguler berkualitas tinggi untuk kebutuhan dapur Anda,True,2025-09-29 11:16:14
2559caf6-f6f3-455f-ab31-993f4425e944,Sayap Ayam mentega Sumatera,660e8400-e29b-41d4-a716-446655440002,Protein Daging,online,42228,kg,3,108,Sayap Ayam mentega Sumatera berkualitas tinggi untuk kebutuhan dapur Anda,True,2025-10-26 11:16:14
65c4622a-73d7-4b43-aaae-3be78fb093d4,Ayam potong all part,660e8400-e29b-41d4-a716-446655440002,Protein Daging,online,35288,kg,3,50,Ayam potong all part berkualitas tinggi untuk kebutuhan dapur Anda,True,2025-10-16 11:16:14
6f084d18-88a4-4051-b14f-672ef8816841,Ayam potong karkas,660e8400-e29b-41d4-a716-446655440002,Protein Daging,online,33463,kg,3,88,Ayam potong karkas berkualitas tinggi untuk kebutuhan dapur Anda,True,2025-11-15 11:16:14
6f3d502e-7e8a-4883-811f-6880d533dae7,Ayam potong tanpa kepala,660e8400-e29b-41d4-a716-446655440002,Protein Daging,online,33579,kg,3,94,Ayam potong tanpa kepala berkualitas tinggi untuk kebutuhan dapur Anda,True,2025-10-06 11:16:14
3565711a-c639-471a-bbe7-135d6cf0adf9,Ayam potong utuh,660e8400-e29b-41d4-a716-446655440002,Protein Daging,online,36774,kg,3,90,Ayam potong utuh berkualitas tinggi untuk kebutuhan dapur Anda,True,2025-09-27 11:16:14
2d91e806-be2f-4319-8aea-c28d3260de5b,Ayam potong all part super Jawa Timur,660e8400-e29b-41d4-a716-446655440002,Protein Daging,online,42422,kg,3,98,Ayam potong all part super Jawa Timur berkualitas tinggi untuk kebutuhan dapur Anda,True,2025-09-09 11:16:14
19225aad-9074-4d87-8106-4527c73f03b8,Ayam potong karkas super,660e8400-e29b-41d4-a716-446655440002,Protein Daging,online,37683,kg,3,110,Ayam potong karkas super berkualitas tinggi untuk kebutuhan dapur Anda,True,2025-09-28 11:16:14
9e68bfc1-033d-4347-bdef-36a228b4a097,Ayam potong tanpa kepala Jawa Barat,660e8400-e29b-41d4-a716-446655440002,Protein Daging,online,33624,kg,3,112,Ayam potong tanpa kepala Jawa Barat berkualitas tinggi untuk kebutuhan dapur Anda,True,2025-09-22 11:16:14
a6695892-e812-420f-8156-91bc9f34f99b,Ayam potong utuh fresh,660e8400-e29b-41d4-a716-446655440002,Protein Daging,online,37221,kg,3,40,Ayam potong utuh fresh berkualitas tinggi untuk kebutuhan dapur Anda,True,2025-09-03 11:16:14
ce2e6851-aaf3-4705-9f76-da7b6d543735,Ayam potong mini all part,660e8400-e29b-41d4-a716-446655440002,Protein Daging,online,35573,kg,3,45,Ayam potong mini all part berkualitas tinggi untuk kebutuhan dapur Anda,True,2025-09-22 11:16:14
7feb0673-4490-492c-b966-f127068255cb,Ayam potong karkas premium Lampung,660e8400-e29b-41d4-a716-446655440002,Protein Daging,online,40656,kg,3,52,Ayam potong karkas premium Lampung berkualitas tinggi untuk kebutuhan dapur Anda,True,2025-09-16 11:16:14
5f7177da-8c22-4c5f-b5c4-66db3fcdcdaf,Ayam potong tanpa kepala premium,660e8400-e29b-41d4-a716-446655440002,Protein Daging,online,44815,kg,3,44,Ayam potong tanpa kepala premium berkualitas tinggi untuk kebutuhan dapur Anda,True,2025-09-29 11:16:14
6893b430-44a1-4ac5-933b-3027da655d93,Ayam potong utuh Jawa Timur,660e8400-e29b-41d4-a716-446655440002,Protein Daging,online,37562,kg,3,31,Ayam potong utuh Jawa Timur berkualitas tinggi untuk kebutuhan dapur Anda,True,2025-10-13 11:16:14
ca83976e-5c73-43e1-ae8b-73787f96d912,Ayam kampung,660e8400-e29b-41d4-a716-446655440002,Protein Daging,online,44530,ekor,3,68,Ayam kampung berkualitas tinggi untuk kebutuhan dapur Anda,True,2025-11-25 11:16:14
9e0e0897-1757-40d8-91df-44acccbbc966,Ayam negeri,660e8400-e29b-41d4-a716-446655440002,Protein Daging,online,26520,ekor,3,119,Ayam negeri berkualitas tinggi untuk kebutuhan dapur Anda,True,2025-11-25 11:16:14
5eb4c176-c40b-4215-a565-60b9d80678cb,Ayam broiler,660e8400-e29b-41d4-a716-446655440002,Protein Daging,online,27949,ekor,3,71,Ayam broiler berkualitas tinggi untuk kebutuhan dapur Anda,True,2025-11-23 11:16:14
4df74ea5-4c20-4e7d-b02e-b5a16f40b225,Ayam pejantan,660e8400-e29b-41d4-a716-446655440002,Protein Daging,online,40226,ekor,3,78,Ayam pejantan berkualitas tinggi untuk kebutuhan dapur Anda,True,2025-10-28 11:16:14
015a4a3a-7761-4fcc-930d-09bf019e94f2,Ayam organik,660e8400-e29b-41d4-a716-446655440002,Protein Daging,online,56050,ekor,3,73,Ayam organik berkualitas tinggi untuk kebutuhan dapur Anda,True,2025-09-24 11:16:14
79505e7d-144d-44cb-ac76-a08b6074ba79,Ayam kampung super,660e8400-e29b-41d4-a716-446655440002,Protein Daging,online,55902,ekor,3,90,Ayam kampung super berkualitas tinggi untuk kebutuhan dapur Anda,True,2025-09-11 11:16:14
a61eb847-3141-48fa-b1f4-6fadb9a10cd4,Ayam negeri Jawa Timur,660e8400-e29b-41d4-a716-446655440002,Protein Daging,online,27402,ekor,3,46,Ayam negeri Jawa Timur berkualitas tinggi untuk kebutuhan dapur Anda,True,2025-10-12 11:16:14
0209e196-0f4a-47e5-a61c-88df9a587f3f,Ayam broiler chilled,660e8400-e29b-41d4-a716-446655440002,Protein Daging,online,28307,ekor,3,48,Ayam broiler chilled berkualitas tinggi untuk kebutuhan dapur Anda,True,2025-10-23 11:16:14
a288d056-7370-4fc7-835b-386baaab1801,Ayam mini pejantan,660e8400-e29b-41d4-a716-446655440002,Protein Daging,online,40288,ekor,3,114,Ayam mini pejantan berkualitas tinggi untuk kebutuhan dapur Anda,True,2025-11-01 11:16:14
64db5513-5801-423b-b76c-3a4119ec806f,Ayam organik pilihan Lampung,660e8400-e29b-41d4-a716-446655440002,Protein Daging,online,59983,ekor,3,83,Ayam organik pilihan Lampung berkualitas tinggi untuk kebutuhan dapur Anda,True,2025-11-20 11:16:14
aedbc91d-a86b-432f-983a-bb251510e4ae,Ayam kampung reguler,660e8400-e29b-41d4-a716-446655440002,Protein Daging,online,45848,ekor,3,65,Ayam kampung reguler berkualitas tinggi untuk kebutuhan dapur Anda,True,2025-11-12 11:16:14
f84587a9-1dee-47f4-a694-feb386704c95,Ayam negeri Jawa Barat,660e8400-e29b-41d4-a716-446655440002,Protein Daging,online,26912,ekor,3,83,Ayam negeri Jawa Barat berkualitas tinggi untuk kebutuhan dapur Anda,True,2025-11-06 11:16:14
14dbfc7b-121c-49ad-b507-a5394f5e07b3,Daging Sapi has dalam,660e8400-e29b-41d4-a716-446655440002,Protein Daging,online,142189,kg,3,106,Daging Sapi has dalam berkualitas tinggi untuk kebutuhan dapur Anda,True,2025-10-03 11:16:14
1343b231-85a7-4a44-a877-8145f4e1cebd,Daging Sapi has luar,660e8400-e29b-41d4-a716-446655440002,Protein Daging,online,129182,kg,3,60,Daging Sapi has luar berkualitas tinggi untuk kebutuhan dapur Anda,True,2025-09-03 11:16:14
52f2aad3-a769-4fa7-b339-318149049bcf,Daging Sapi paha,660e8400-e29b-41d4-a716-446655440002,Protein Daging,online,119393,kg,3,40,Daging Sapi paha berkualitas tinggi untuk kebutuhan dapur Anda,True,2025-09-15 11:16:14
6414463e-e83d-4a86-a737-e942a2c81f03,Daging Sapi gandik,660e8400-e29b-41d4-a716-446655440002,Protein Daging,online,127009,kg,3,114,Daging Sapi gandik berkualitas tinggi untuk kebutuhan dapur Anda,True,2025-11-10 11:16:14
4f10334b-cea3-4d6e-863c-cde938db2681,Daging Sapi sampil,660e8400-e29b-41d4-a716-446655440002,Protein Daging,online,111606,kg,3,97,Daging Sapi sampil berkualitas tinggi untuk kebutuhan dapur Anda,True,2025-09-13 11:16:14
deea2e3a-64e9-4de3-b0c8-f57d805589ba,Daging Sapi tetelan,660e8400-e29b-41d4-a716-446655440002,Protein Daging,online,93117,kg,3,84,Daging Sapi tetelan berkualitas tinggi untuk kebutuhan dapur Anda,True,2025-11-22 11:16:14
e0951553-9fb0-4030-956d-8c93bbfca9c5,Daging Sapi has dalam Jawa Tengah,660e8400-e29b-41d4-a716-446655440002,Protein Daging,online,141343,kg,3,41,Daging Sapi has dalam Jawa Tengah berkualitas tinggi untuk kebutuhan dapur Anda,True,2025-11-06 11:16:14
9a6919a2-53e8-4331-befb-52ce0d9d3d31,Daging Sapi has luar frozen,660e8400-e29b-41d4-a716-446655440002,Protein Daging,online,128009,kg,3,96,Daging Sapi has luar frozen berkualitas tinggi untuk kebutuhan dapur Anda,True,2025-10-07 11:16:14
b3b44b03-b4a3-4cb7-98eb-671e0bb2d633,Daging Sapi besar paha,660e8400-e29b-41d4-a716-446655440002,Protein Daging,online,122360,kg,3,80,Daging Sapi besar paha berkualitas tinggi untuk kebutuhan dapur Anda,True,2025-10-14 11:16:14
9dd19ed1-4885-4b50-99be-eb93765b2437,Daging Sapi gandik super Jawa Timur,660e8400-e29b-41d4-a716-446655440002,Protein Daging,online,143711,kg,3,67,Daging Sapi gandik super Jawa Timur berkualitas tinggi untuk kebutuhan dapur Anda,True,2025-10-30 11:16:14
4a05a796-cfcb-4ee0-a539-0a9b626feb35,Daging Sapi sampil pilihan,660e8400-e29b-41d4-a716-446655440002,Protein Daging,online,124867,kg,3,118,Daging Sapi sampil pilihan berkualitas tinggi untuk kebutuhan dapur Anda,True,2025-09-29 11:16:14
c0d5c9c3-6302-4206-9f3c-1400bb7f831e,Daging Sapi tetelan Jawa Barat,660e8400-e29b-41d4-a716-446655440002,Protein Daging,online,95207,kg,3,101,Daging Sapi tetelan Jawa Barat berkualitas tinggi untuk kebutuhan dapur Anda,True,2025-10-13 11:16:14
86f4fb44-59f6-4b7d-a65b-82c0b9b53e8f,Daging Kambing muda,660e8400-e29b-41d4-a716-446655440002,Protein Daging,online,128164,kg,3,34,Daging Kambing muda berkualitas tinggi untuk kebutuhan dapur Anda,True,2025-11-11 11:16:14
616f15bc-c364-48be-91cb-f09ab97ccd9a,Daging Kambing dewasa,660e8400-e29b-41d4-a716-446655440002,Protein Daging,online,118487,kg,3,84,Daging Kambing dewasa berkualitas tinggi untuk kebutuhan dapur Anda,True,2025-11-15 11:16:14
132cac19-9b5c-469e-8039-6ff0a91583ed,Daging Kambing giling,660e8400-e29b-41d4-a716-446655440002,Protein Daging,online,126459,kg,3,57,Daging Kambing giling berkualitas tinggi untuk kebutuhan dapur Anda,True,2025-09-03 11:16:14
596addfd-dd7c-4a9f-b9b6-0ef660820f66,Daging Kambing tanpa lemak,660e8400-e29b-41d4-a716-446655440002,Protein Daging,online,134013,kg,3,66,Daging Kambing tanpa lemak berkualitas tinggi untuk kebutuhan dapur Anda,True,2025-10-14 11:16:14
d1a4e235-8c1e-4fef-8ecc-542b689099df,Daging Kambing muda premium Jawa Tengah,660e8400-e29b-41d4-a716-446655440002,Protein Daging,online,159292,kg,3,108,Daging Kambing muda premium Jawa Tengah berkualitas tinggi untuk kebutuhan dapur Anda,True,2025-10-02 11:16:14
54e452c7-e855-415e-a7c5-a3220de3e351,Daging Kambing dewasa reguler,660e8400-e29b-41d4-a716-446655440002,Protein Daging,online,117548,kg,3,82,Daging Kambing dewasa reguler berkualitas tinggi untuk kebutuhan dapur Anda,True,2025-10-10 11:16:14
c836cb85-79c2-45cc-9ae1-4cd79ab40639,Daging Kambing giling Lampung,660e8400-e29b-41d4-a716-446655440002,Protein Daging,online,124381,kg,3,44,Daging Kambing giling Lampung berkualitas tinggi untuk kebutuhan dapur Anda,True,2025-10-02 11:16:14
1480cf3f-18b1-48d3-bdd1-4932c8f8f837,Daging Kambing tanpa lemak chilled,660e8400-e29b-41d4-a716-446655440002,Protein Daging,online,135725,kg,3,88,Daging Kambing tanpa lemak chilled berkualitas tinggi untuk kebutuhan dapur Anda,True,2025-09-13 11:16:14
d5f81520-cee1-40ca-bbb5-fcf04beb0864,Daging Kambing mini muda,660e8400-e29b-41d4-a716-446655440002,Protein Daging,online,129113,kg,3,89,Daging Kambing mini muda berkualitas tinggi untuk kebutuhan dapur Anda,True,2025-10-28 11:16:14
5ed286d0-7466-470a-908b-563ca5357b7b,Daging Kambing dewasa premium Jawa Tengah,660e8400-e29b-41d4-a716-446655440002,Protein Daging,online,156606,kg,3,34,Daging Kambing dewasa premium Jawa Tengah berkualitas tinggi untuk kebutuhan dapur Anda,True,2025-10-13 11:16:14
81ab6d84-1aa9-4caf-9313-a29f90370482,Daging Kambing giling premium,660e8400-e29b-41d4-a716-446655440002,Protein Daging,online,161421,kg,3,54,Daging Kambing giling premium berkualitas tinggi untuk kebutuhan dapur Anda,True,2025-11-04 11:16:14
91f0f6ab-e6a1-434f-87bc-65fecabe698b,Daging Kambing tanpa lemak Jawa Tengah,660e8400-e29b-41d4-a716-446655440002,Protein Daging,online,134111,kg,3,97,Daging Kambing tanpa lemak Jawa Tengah berkualitas tinggi untuk kebutuhan dapur Anda,True,2025-09-27 11:16:14
353c79b4-4920-4555-98f1-a1bb20f60db3,Iga Sapi segar,660e8400-e29b-41d4-a716-446655440002,Protein Daging,online,109662,kg,3,85,Iga Sapi segar berkualitas tinggi untuk kebutuhan dapur Anda,True,2025-10-14 11:16:14
9b3d34d9-d176-41db-90a1-2765281045e0,Iga Sapi potong,660e8400-e29b-41d4-a716-446655440002,Protein Daging,online,116966,kg,3,60,Iga Sapi potong berkualitas tinggi untuk kebutuhan dapur Anda,True,2025-09-08 11:16:14
2e9a2500-35b7-4974-b419-096dd405f1cb,Iga Sapi premium,660e8400-e29b-41d4-a716-446655440002,Protein Daging,online,125620,kg,3,109,Iga Sapi premium berkualitas tinggi untuk kebutuhan dapur Anda,True,2025-10-01 11:16:14
c5afe9ab-b16b-49dc-9d0f-0b03c274ceab,Iga Sapi kecil segar,660e8400-e29b-41d4-a716-446655440002,Protein Daging,online,108223,kg,3,36,Iga Sapi kecil segar berkualitas tinggi untuk kebutuhan dapur Anda,True,2025-10-07 11:16:14
44293f2a-c66f-4517-a3ce-fee8a6b93661,Iga Sapi potong super Lampung,660e8400-e29b-41d4-a716-446655440002,Protein Daging,online,133438,kg,3,83,Iga Sapi potong super Lampung berkualitas tinggi untuk kebutuhan dapur Anda,True,2025-10-06 11:16:14
0a47a8b1-b3e6-4a20-bea2-91cbac2f4060,Iga Sapi premium reguler,660e8400-e29b-41d4-a716-446655440002,Protein Daging,online,126299,kg,3,31,Iga Sapi premium reguler berkualitas tinggi untuk kebutuhan dapur Anda,True,2025-09-30 11:16:14
8090d159-7f7e-407f-a9bf-514fef7fe130,Iga Sapi segar Sumatera,660e8400-e29b-41d4-a716-446655440002,Protein Daging,online,108387,kg,3,64,Iga Sapi segar Sumatera berkualitas tinggi untuk kebutuhan dapur Anda,True,2025-10-17 11:16:14
1bd0237b-8722-4537-abc4-6ace9042aff2,Iga Sapi potong chilled,660e8400-e29b-41d4-a716-446655440002,Protein Daging,online,116686,kg,3,86,Iga Sapi potong chilled berkualitas tinggi untuk kebutuhan dapur Anda,True,2025-10-17 11:16:14
0d5096f9-ec4d-44e9-ac5a-fdc1ee71637a,Iga Sapi jumbo premium,660e8400-e29b-41d4-a716-446655440002,Protein Daging,online,122876,kg,3,54,Iga Sapi jumbo premium berkualitas tinggi untuk kebutuhan dapur Anda,True,2025-10-30 11:16:14
daefe793-d5a3-42ea-8528-07b2e2bee050,Iga Sapi segar super Jawa Timur,660e8400-e29b-41d4-a716-446655440002,Protein Daging,online,128464,kg,3,49,Iga Sapi segar super Jawa Timur berkualitas tinggi untuk kebutuhan dapur Anda,True,2025-09-04 11:16:14
0b65add9-793e-4523-b18f-ec2a1c7d6565,Iga Sapi potong special,660e8400-e29b-41d4-a716-446655440002,Protein Daging,online,135167,kg,3,105,Iga Sapi potong special berkualitas tinggi untuk kebutuhan dapur Anda,True,2025-10-25 11:16:14
0a04fbd5-474b-4e28-a9d0-d5078bacddc3,Iga Sapi premium Jawa Barat,660e8400-e29b-41d4-a716-446655440002,Protein Daging,online,126367,kg,3,33,Iga Sapi premium Jawa Barat berkualitas tinggi untuk kebutuhan dapur Anda,True,2025-09-16 11:16:14
d26277f8-fadb-4d20-9fbc-380d54aa0e6a,Daging Bebek fillet,660e8400-e29b-41d4-a716-446655440002,Protein Daging,online,39470,kg,3,70,Daging Bebek fillet berkualitas tinggi untuk kebutuhan dapur Anda,True,2025-11-13 11:16:14
f120f4e9-95b4-48cc-b184-4c95eab00472,Daging Bebek utuh,660e8400-e29b-41d4-a716-446655440002,Protein Daging,online,34969,kg,3,96,Daging Bebek utuh berkualitas tinggi untuk kebutuhan dapur Anda,True,2025-11-21 11:16:14
8839ccf9-e0f8-47c7-ae08-38c2dde0e699,Daging Bebek fillet chilled,660e8400-e29b-41d4-a716-446655440002,Protein Daging,online,40589,kg,3,86,Daging Bebek fillet chilled berkualitas tinggi untuk kebutuhan dapur Anda,True,2025-09-05 11:16:14
36b25692-ab66-4bad-a53f-8df454e8bb12,Daging Bebek besar utuh,660e8400-e29b-41d4-a716-446655440002,Protein Daging,online,35259,kg,3,41,Daging Bebek besar utuh berkualitas tinggi untuk kebutuhan dapur Anda,True,2025-09-16 11:16:14
2072b87a-8d9b-49c2-8a70-d5b612721b4e,Daging Bebek fillet super Lampung,660e8400-e29b-41d4-a716-446655440002,Protein Daging,online,47220,kg,3,58,Daging Bebek fillet super Lampung berkualitas tinggi untuk kebutuhan dapur Anda,True,2025-11-19 11:16:14
970e5afd-5742-4cd7-983e-1ab86a2dfd8f,Daging Bebek utuh ekonomis,660e8400-e29b-41d4-a716-446655440002,Protein Daging,online,30524,kg,3,37,Daging Bebek utuh ekonomis berkualitas tinggi untuk kebutuhan dapur Anda,True,2025-09-12 11:16:14
f3191880-2e2a-42c1-91f7-4a96c1d1ec88,Daging Bebek fillet Jawa Barat,660e8400-e29b-41d4-a716-446655440002,Protein Daging,online,40274,kg,3,88,Daging Bebek fillet Jawa Barat berkualitas tinggi untuk kebutuhan dapur Anda,True,2025-11-25 11:16:14
61906fb9-ed52-4c2e-87b2-45b1ea961c0e,Daging Bebek utuh segar pagi,660e8400-e29b-41d4-a716-446655440002,Protein Daging,online,34318,kg,3,47,Daging Bebek utuh segar pagi berkualitas tinggi untuk kebutuhan dapur Anda,True,2025-09-25 11:16:14
a26c1c45-57ce-417f-9a7a-8f27db62ab2b,Daging Bebek mini fillet,660e8400-e29b-41d4-a716-446655440002,Protein Daging,online,39288,kg,3,93,Daging Bebek mini fillet berkualitas tinggi untuk kebutuhan dapur Anda,True,2025-09-12 11:16:14
c8e4e51b-5d37-4b47-90f7-63b09cea418d,Daging Bebek utuh premium Jawa Barat,660e8400-e29b-41d4-a716-446655440002,Protein Daging,online,44138,kg,3,72,Daging Bebek utuh premium Jawa Barat berkualitas tinggi untuk kebutuhan dapur Anda,True,2025-09-16 11:16:14
acea13ab-4314-485b-8b96-b1f52102d852,Daging Bebek fillet ekonomis,660e8400-e29b-41d4-a716-446655440002,Protein Daging,online,35840,kg,3,82,Daging Bebek fillet ekonomis berkualitas tinggi untuk kebutuhan dapur Anda,True,2025-09-07 11:16:14
ac560c08-a500-41da-84a3-328eddfe4dfa,Daging Bebek utuh Sulawesi,660e8400-e29b-41d4-a716-446655440002,Protein Daging,online,35272,kg,3,114,Daging Bebek utuh Sulawesi berkualitas tinggi untuk kebutuhan dapur Anda,True,2025-09-03 11:16:14
ac389a0e-9dff-4b5f-b767-f1c272841301,Hati Ayam segar,660e8400-e29b-41d4-a716-446655440002,Protein Daging,online,24676,kg,5,47,Hati Ayam segar berkualitas tinggi untuk kebutuhan dapur Anda,True,2025-09-23 11:16:14
466518a8-d322-4b66-ad51-ab1b321e9246,Hati Ayam premium,660e8400-e29b-41d4-a716-446655440002,Protein Daging,online,28271,kg,5,73,Hati Ayam premium berkualitas tinggi untuk kebutuhan dapur Anda,True,2025-10-30 11:16:14
4fd608dc-a170-4219-91eb-4920bdaeb605,Hati Ayam segar frozen,660e8400-e29b-41d4-a716-446655440002,Protein Daging,online,25436,kg,5,62,Hati Ayam segar frozen berkualitas tinggi untuk kebutuhan dapur Anda,True,2025-10-10 11:16:14
74f00676-7db5-4dab-9d1e-a8d4f280acc6,Hati Ayam kecil premium,660e8400-e29b-41d4-a716-446655440002,Protein Daging,online,28270,kg,5,42,Hati Ayam kecil premium berkualitas tinggi untuk kebutuhan dapur Anda,True,2025-09-26 11:16:14
dfb0d1ca-5267-4652-8bf2-08a9aa976060,Hati Ayam segar super Jawa Tengah,660e8400-e29b-41d4-a716-446655440002,Protein Daging,online,29561,kg,5,45,Hati Ayam segar super Jawa Tengah berkualitas tinggi untuk kebutuhan dapur Anda,True,2025-11-28 11:16:14
2bc0684d-15ed-4895-aa32-421c0f0c8a95,Hati Ayam premium pilihan,660e8400-e29b-41d4-a716-446655440002,Protein Daging,online,32034,kg,5,93,Hati Ayam premium pilihan berkualitas tinggi untuk kebutuhan dapur Anda,True,2025-11-20 11:16:14
4a187c5f-e1c6-4da6-b5ce-b19b9abb8d74,Hati Ayam segar Jawa Timur,660e8400-e29b-41d4-a716-446655440002,Protein Daging,online,24654,kg,5,75,Hati Ayam segar Jawa Timur berkualitas tinggi untuk kebutuhan dapur Anda,True,2025-09-09 11:16:14
38a984a4-e1c8-4669-b2fc-b35bf3a8b91a,Hati Ayam premium frozen,660e8400-e29b-41d4-a716-446655440002,Protein Daging,online,27572,kg,5,72,Hati Ayam premium frozen berkualitas tinggi untuk kebutuhan dapur Anda,True,2025-10-21 11:16:14
e701fc31-7d4b-4eb5-9d3f-4419caffb40e,Hati Ayam jumbo segar,660e8400-e29b-41d4-a716-446655440002,Protein Daging,online,25446,kg,5,101,Hati Ayam jumbo segar berkualitas tinggi untuk kebutuhan dapur Anda,True,2025-10-28 11:16:14
81d658a3-5bc1-4cd9-9613-2e9a81257c2a,Hati Ayam premium premium Jawa Barat,660e8400-e29b-41d4-a716-446655440002,Protein Daging,online,38272,kg,5,99,Hati Ayam premium premium Jawa Barat berkualitas tinggi untuk kebutuhan dapur Anda,True,2025-09-11 11:16:14
d06fcf39-c528-44f5-903a-9905ca5148fc,Hati Ayam segar pilihan,660e8400-e29b-41d4-a716-446655440002,Protein Daging,online,28844,kg,5,45,Hati Ayam segar pilihan berkualitas tinggi untuk kebutuhan dapur Anda,True,2025-11-03 11:16:14
5e5daf20-99b6-4241-8850-43b5f5842676,Hati Ayam premium Kalimantan,660e8400-e29b-41d4-a716-446655440002,Protein Daging,online,28489,kg,5,38,Hati Ayam premium Kalimantan berkualitas tinggi untuk kebutuhan dapur Anda,True,2025-09-24 11:16:14
c3bf99da-e203-42fb-8bdc-a14eec226d81,Ampela Ayam segar,660e8400-e29b-41d4-a716-446655440002,Protein Daging,online,20058,kg,5,115,Ampela Ayam segar berkualitas tinggi untuk kebutuhan dapur Anda,True,2025-12-01 11:16:14
e1c5c3e3-2d94-4f1c-9995-9059b558634b,Ampela Ayam segar Lampung,660e8400-e29b-41d4-a716-446655440002,Protein Daging,online,20380,kg,5,84,Ampela Ayam segar Lampung berkualitas tinggi untuk kebutuhan dapur Anda,True,2025-11-14 11:16:14
22bef728-98a9-405a-9896-8cd5000b2c00,Ampela Ayam segar segar pagi,660e8400-e29b-41d4-a716-446655440002,Protein Daging,online,20303,kg,5,79,Ampela Ayam segar segar pagi berkualitas tinggi untuk kebutuhan dapur Anda,True,2025-10-29 11:16:14
2bf5329e-8c13-4531-923a-868cb78dc1e2,Ampela Ayam besar segar,660e8400-e29b-41d4-a716-446655440002,Protein Daging,online,19763,kg,5,49,Ampela Ayam besar segar berkualitas tinggi untuk kebutuhan dapur Anda,True,2025-11-14 11:16:14
0c0c450d-36cf-482b-966a-d457d8fe4e95,Ampela Ayam segar super Jawa Tengah,660e8400-e29b-41d4-a716-446655440002,Protein Daging,online,23848,kg,5,90,Ampela Ayam segar super Jawa Tengah berkualitas tinggi untuk kebutuhan dapur Anda,True,2025-11-25 11:16:14
be93b561-1084-4376-ad94-7ae806f6f1d7,Ampela Ayam segar super,660e8400-e29b-41d4-a716-446655440002,Protein Daging,online,23904,kg,5,100,Ampela Ayam segar super berkualitas tinggi untuk kebutuhan dapur Anda,True,2025-10-08 11:16:14
7f9833c0-c664-43db-a28c-eef61df625bc,Ampela Ayam segar Sumatera,660e8400-e29b-41d4-a716-446655440002,Protein Daging,online,19841,kg,5,88,Ampela Ayam segar Sumatera berkualitas tinggi untuk kebutuhan dapur Anda,True,2025-10-28 11:16:14
20923425-9ebf-4ce9-988c-64c0cbe86a3b,Ampela Ayam segar chilled,660e8400-e29b-41d4-a716-446655440002,Protein Daging,online,20073,kg,5,96,Ampela Ayam segar chilled berkualitas tinggi untuk kebutuhan dapur Anda,True,2025-10-29 11:16:14
ccd2d8ed-a051-47c9-b6a0-c8603aaff68a,Ampela Ayam jumbo segar,660e8400-e29b-41d4-a716-446655440002,Protein Daging,online,20353,kg,5,53,Ampela Ayam jumbo segar berkualitas tinggi untuk kebutuhan dapur Anda,True,2025-10-29 11:16:14
d08ea7b0-d0d3-4a87-845f-00c5da70def5,Ampela Ayam segar pilihan Jawa Timur,660e8400-e29b-41d4-a716-446655440002,Protein Daging,online,21191,kg,5,69,Ampela Ayam segar pilihan Jawa Timur berkualitas tinggi untuk kebutuhan dapur Anda,True,2025-10-29 11:16:14
db8af973-36db-4cb9-92b2-efefef06df7c,Ampela Ayam segar pilihan,660e8400-e29b-41d4-a716-446655440002,Protein Daging,online,22284,kg,5,42,Ampela Ayam segar pilihan berkualitas tinggi untuk kebutuhan dapur Anda,True,2025-11-27 11:16:14
95b5d696-8d1a-4e36-9351-3f6219cadb34,Ampela Ayam segar Jawa Tengah,660e8400-e29b-41d4-a716-446655440002,Protein Daging,online,20179,kg,5,54,Ampela Ayam segar Jawa Tengah berkualitas tinggi untuk kebutuhan dapur Anda,True,2025-11-27 11:16:14
f36d2c93-e35a-469a-9280-b0bccd8f0882,Bakso Daging sapi,660e8400-e29b-41d4-a716-446655440002,Protein Daging,online,59927,kg,3,32,Bakso Daging sapi berkualitas tinggi untuk kebutuhan dapur Anda,True,2025-11-22 11:16:14
8a0d3b41-fe84-42b4-a575-a442e6be8ac2,Bakso Daging ayam,660e8400-e29b-41d4-a716-446655440002,Protein Daging,online,44124,kg,3,67,Bakso Daging ayam berkualitas tinggi untuk kebutuhan dapur Anda,True,2025-11-02 11:16:14
1c6c38e9-59a7-4d03-8888-542f5b9c370b,Bakso Daging ikan,660e8400-e29b-41d4-a716-446655440002,Protein Daging,online,39515,kg,3,94,Bakso Daging ikan berkualitas tinggi untuk kebutuhan dapur Anda,True,2025-11-26 11:16:14
0dfb9bbe-be0f-46d6-83b1-8dc16ad86135,Bakso Daging besar sapi,660e8400-e29b-41d4-a716-446655440002,Protein Daging,online,59022,kg,3,65,Bakso Daging besar sapi berkualitas tinggi untuk kebutuhan dapur Anda,True,2025-10-19 11:16:14
016633ef-8309-4480-bc66-90977719de12,Bakso Daging ayam pilihan Lampung,660e8400-e29b-41d4-a716-446655440002,Protein Daging,online,51169,kg,3,43,Bakso Daging ayam pilihan Lampung berkualitas tinggi untuk kebutuhan dapur Anda,True,2025-10-21 11:16:14
2a821213-6776-468f-8646-c4da4704e70f,Bakso Daging ikan reguler,660e8400-e29b-41d4-a716-446655440002,Protein Daging,online,41080,kg,3,59,Bakso Daging ikan reguler berkualitas tinggi untuk kebutuhan dapur Anda,True,2025-10-18 11:16:14
afb9718e-9348-41a1-b8f9-df7184eecadf,Bakso Daging sapi Sumatera,660e8400-e29b-41d4-a716-446655440002,Protein Daging,online,60002,kg,3,92,Bakso Daging sapi Sumatera berkualitas tinggi untuk kebutuhan dapur Anda,True,2025-11-02 11:16:14
475a36ea-60f9-485d-92bf-495ab98a88d8,Bakso Daging ayam chilled,660e8400-e29b-41d4-a716-446655440002,Protein Daging,online,45120,kg,3,117,Bakso Daging ayam chilled berkualitas tinggi untuk kebutuhan dapur Anda,True,2025-11-13 11:16:14
a4e38426-6bdf-4a66-b087-886cf18266dd,Bakso Daging kecil ikan,660e8400-e29b-41d4-a716-446655440002,Protein Daging,online,40598,kg,3,106,Bakso Daging kecil ikan berkualitas tinggi untuk kebutuhan dapur Anda,True,2025-10-12 11:16:14
1b1dac8f-4807-4cfb-b9b5-a3d344d5c315,Bakso Daging sapi pilihan Jawa Tengah,660e8400-e29b-41d4-a716-446655440002,Protein Daging,online,65888,kg,3,45,Bakso Daging sapi pilihan Jawa Tengah berkualitas tinggi untuk kebutuhan dapur Anda,True,2025-11-26 11:16:14
f154ef66-cf8d-4d39-8086-904035d83e56,Bakso Daging ayam ekonomis,660e8400-e29b-41d4-a716-446655440002,Protein Daging,online,36004,kg,3,67,Bakso Daging ayam ekonomis berkualitas tinggi untuk kebutuhan dapur Anda,True,2025-09-20 11:16:14
225489b2-0896-484b-b4a2-a2873a3d87e9,Bakso Daging ikan Kalimantan,660e8400-e29b-41d4-a716-446655440002,Protein Daging,online,40438,kg,3,31,Bakso Daging ikan Kalimantan berkualitas tinggi untuk kebutuhan dapur Anda,True,2025-11-17 11:16:14
f1bcb703-4353-4654-9ed5-f78bde6f34ee,Telur Ayam Kampung organik,660e8400-e29b-41d4-a716-446655440003,Protein Telur,online,4015,pcs,14,119,Telur Ayam Kampung organik berkualitas tinggi untuk kebutuhan dapur Anda,True,2025-09-06 11:16:14
69fc6da4-0073-4550-8ba2-b312a14f58a3,Telur Ayam Kampung biasa,660e8400-e29b-41d4-a716-446655440003,Protein Telur,online,2985,pcs,14,30,Telur Ayam Kampung biasa berkualitas tinggi untuk kebutuhan dapur Anda,True,2025-10-21 11:16:14
c7770fd5-ef84-4be8-b31f-fcd3501a9f64,Telur Ayam Kampung omega 3,660e8400-e29b-41d4-a716-446655440003,Protein Telur,online,3488,pcs,14,60,Telur Ayam Kampung omega 3 berkualitas tinggi untuk kebutuhan dapur Anda,True,2025-11-04 11:16:14
9d7377a3-3022-4479-a4a5-9a81143b5efd,Telur Ayam Kampung premium,660e8400-e29b-41d4-a716-446655440003,Protein Telur,online,4164,pcs,14,107,Telur Ayam Kampung premium berkualitas tinggi untuk kebutuhan dapur Anda,True,2025-11-13 11:16:14
c05f6946-f91f-4473-96d8-3e2b0215282f,Telur Ayam Kampung super,660e8400-e29b-41d4-a716-446655440003,Protein Telur,online,4554,pcs,14,62,Telur Ayam Kampung super berkualitas tinggi untuk kebutuhan dapur Anda,True,2025-10-18 11:16:14
ba888284-a9a4-477a-85d8-c0d3d4341178,Telur Ayam Kampung organik super,660e8400-e29b-41d4-a716-446655440003,Protein Telur,online,4939,pcs,14,109,Telur Ayam Kampung organik super berkualitas tinggi untuk kebutuhan dapur Anda,True,2025-09-15 11:16:14
a9e6ae3e-5ec5-4cf8-8ef4-176ee037804c,Telur Ayam Kampung biasa Sulawesi,660e8400-e29b-41d4-a716-446655440003,Protein Telur,online,3049,pcs,14,100,Telur Ayam Kampung biasa Sulawesi berkualitas tinggi untuk kebutuhan dapur Anda,True,2025-11-28 11:16:14
033c5c7e-bc55-436a-b853-6583809dc60c,Telur Ayam Kampung omega 3 fresh,660e8400-e29b-41d4-a716-446655440003,Protein Telur,online,3430,pcs,14,53,Telur Ayam Kampung omega 3 fresh berkualitas tinggi untuk kebutuhan dapur Anda,True,2025-10-10 11:16:14
b9bb08f3-dde4-4301-9d3e-083d3652d152,Telur Ayam Kampung sedang premium,660e8400-e29b-41d4-a716-446655440003,Protein Telur,online,4171,pcs,14,118,Telur Ayam Kampung sedang premium berkualitas tinggi untuk kebutuhan dapur Anda,True,2025-10-16 11:16:14
77a52d1f-05f5-4399-a381-fc16a7861fa2,Telur Ayam Kampung super pilihan Jawa Tengah,660e8400-e29b-41d4-a716-446655440003,Protein Telur,online,5025,pcs,14,42,Telur Ayam Kampung super pilihan Jawa Tengah berkualitas tinggi untuk kebutuhan dapur Anda,True,2025-11-09 11:16:14
7f978aa8-e48e-407a-a8de-a2540d719af7,Telur Ayam Kampung organik reguler,660e8400-e29b-41d4-a716-446655440003,Protein Telur,online,4048,pcs,14,56,Telur Ayam Kampung organik reguler berkualitas tinggi untuk kebutuhan dapur Anda,True,2025-11-01 11:16:14
06ba2c7f-fe3b-482e-859d-e256ce8adaaf,Telur Ayam Kampung biasa Jawa Barat,660e8400-e29b-41d4-a716-446655440003,Protein Telur,online,3002,pcs,14,51,Telur Ayam Kampung biasa Jawa Barat berkualitas tinggi untuk kebutuhan dapur Anda,True,2025-09-16 11:16:14
d1dce721-10b2-4d49-9f0a-00d231628f19,Telur Ayam Kampung omega 3 beku,660e8400-e29b-41d4-a716-446655440003,Protein Telur,online,3486,pcs,14,49,Telur Ayam Kampung omega 3 beku berkualitas tinggi untuk kebutuhan dapur Anda,True,2025-09-26 11:16:14
2cbcc518-5037-4802-80b2-9d93f777098d,Telur Ayam Kampung jumbo premium,660e8400-e29b-41d4-a716-446655440003,Protein Telur,online,4148,pcs,14,111,Telur Ayam Kampung jumbo premium berkualitas tinggi untuk kebutuhan dapur Anda,True,2025-11-20 11:16:14
29192606-d4b7-48d4-a2c1-a40bab463579,Telur Ayam Kampung super super Lampung,660e8400-e29b-41d4-a716-446655440003,Protein Telur,online,5271,pcs,14,44,Telur Ayam Kampung super super Lampung berkualitas tinggi untuk kebutuhan dapur Anda,True,2025-11-23 11:16:14
7a938772-d9f2-40da-9ce2-165ceadc20b6,Telur Ayam Kampung organik ekonomis,660e8400-e29b-41d4-a716-446655440003,Protein Telur,online,3350,pcs,14,104,Telur Ayam Kampung organik ekonomis berkualitas tinggi untuk kebutuhan dapur Anda,True,2025-11-04 11:16:14
ec1d3f23-a412-4786-a10b-867ddead2359,Telur Ayam Kampung biasa Lampung,660e8400-e29b-41d4-a716-446655440003,Protein Telur,online,3005,pcs,14,68,Telur Ayam Kampung biasa Lampung berkualitas tinggi untuk kebutuhan dapur Anda,True,2025-10-31 11:16:14
66fba610-c392-4481-b45d-7fad0e3ffbbe,Telur Ayam Kampung omega 3 chilled,660e8400-e29b-41d4-a716-446655440003,Protein Telur,online,3436,pcs,14,82,Telur Ayam Kampung omega 3 chilled berkualitas tinggi untuk kebutuhan dapur Anda,True,2025-10-14 11:16:14
78a6d487-8f73-4a0c-a02d-1ff87ed95f86,Telur Ayam Kampung kecil premium,660e8400-e29b-41d4-a716-446655440003,Protein Telur,online,4271,pcs,14,50,Telur Ayam Kampung kecil premium berkualitas tinggi untuk kebutuhan dapur Anda,True,2025-09-23 11:16:14
bc489298-7660-4fa3-ae77-78fb01372537,Telur Ayam Kampung super premium Jawa Barat,660e8400-e29b-41d4-a716-446655440003,Protein Telur,online,5443,pcs,14,67,Telur Ayam Kampung super premium Jawa Barat berkualitas tinggi untuk kebutuhan dapur Anda,True,2025-10-18 11:16:14
884caab4-b884-4476-a9b1-91eb6db1282a,Telur Ayam Kampung organik ekonomis,660e8400-e29b-41d4-a716-446655440003,Protein Telur,online,3137,pcs,14,67,Telur Ayam Kampung organik ekonomis berkualitas tinggi untuk kebutuhan dapur Anda,True,2025-10-11 11:16:14
f37cf385-65d9-47ac-bafe-0fc811a47cf8,Telur Ayam Kampung biasa Jawa Barat,660e8400-e29b-41d4-a716-446655440003,Protein Telur,online,3058,pcs,14,111,Telur Ayam Kampung biasa Jawa Barat berkualitas tinggi untuk kebutuhan dapur Anda,True,2025-11-26 11:16:14
47c0afc9-f9fe-4a86-85ae-08fea541082d,Telur Ayam Kampung omega 3 fresh,660e8400-e29b-41d4-a716-446655440003,Protein Telur,online,3507,pcs,14,86,Telur Ayam Kampung omega 3 fresh berkualitas tinggi untuk kebutuhan dapur Anda,True,2025-09-15 11:16:14
1dd5488c-d216-4119-bf55-5ea7bf363c3c,Telur Ayam Kampung mini premium,660e8400-e29b-41d4-a716-446655440003,Protein Telur,online,4211,pcs,14,109,Telur Ayam Kampung mini premium berkualitas tinggi untuk kebutuhan dapur Anda,True,2025-11-13 11:16:14
5e597d77-c969-4745-b369-ffa2c673c839,Telur Ayam Kampung super super Jawa Tengah,660e8400-e29b-41d4-a716-446655440003,Protein Telur,online,5199,pcs,14,51,Telur Ayam Kampung super super Jawa Tengah berkualitas tinggi untuk kebutuhan dapur Anda,True,2025-09-22 11:16:14
c1e3649a-1b0b-4164-a8fb-9fd8f1bc016c,Telur Ayam Kampung organik premium,660e8400-e29b-41d4-a716-446655440003,Protein Telur,online,4813,pcs,14,74,Telur Ayam Kampung organik premium berkualitas tinggi untuk kebutuhan dapur Anda,True,2025-10-17 11:16:14
6fd79a3e-2a09-49b2-a923-13f1d4706bb2,Telur Ayam Kampung biasa Jawa Tengah,660e8400-e29b-41d4-a716-446655440003,Protein Telur,online,2963,pcs,14,117,Telur Ayam Kampung biasa Jawa Tengah berkualitas tinggi untuk kebutuhan dapur Anda,True,2025-09-13 11:16:14
8f550fd9-5de3-493b-b426-378448086b5b,Telur Ayam Kampung omega 3 beku,660e8400-e29b-41d4-a716-446655440003,Protein Telur,online,3433,pcs,14,46,Telur Ayam Kampung omega 3 beku berkualitas tinggi untuk kebutuhan dapur Anda,True,2025-10-24 11:16:14
9d41069b-f53f-4148-9ecd-f8e5e3d52e75,Telur Ayam Ras omega 3,660e8400-e29b-41d4-a716-446655440003,Protein Telur,online,31384,kg,14,116,Telur Ayam Ras omega 3 berkualitas tinggi untuk kebutuhan dapur Anda,True,2025-09-11 11:16:14
3041083d-164b-444e-a9ca-a073ecd5ba7d,Telur Ayam Ras biasa,660e8400-e29b-41d4-a716-446655440003,Protein Telur,online,28557,kg,14,66,Telur Ayam Ras biasa berkualitas tinggi untuk kebutuhan dapur Anda,True,2025-09-08 11:16:14
0b59afa3-ae11-469e-8767-0b74333d4d52,Telur Ayam Ras vitamin,660e8400-e29b-41d4-a716-446655440003,Protein Telur,online,30953,kg,14,33,Telur Ayam Ras vitamin berkualitas tinggi untuk kebutuhan dapur Anda,True,2025-10-26 11:16:14
721da240-e03c-4336-b7fe-d09a29ea2b49,Telur Ayam Ras premium,660e8400-e29b-41d4-a716-446655440003,Protein Telur,online,34389,kg,14,57,Telur Ayam Ras premium berkualitas tinggi untuk kebutuhan dapur Anda,True,2025-11-28 11:16:14
4ae357db-5d50-4ba4-887d-2d750a7e6f15,Telur Ayam Ras organik,660e8400-e29b-41d4-a716-446655440003,Protein Telur,online,35538,kg,14,69,Telur Ayam Ras organik berkualitas tinggi untuk kebutuhan dapur Anda,True,2025-10-25 11:16:14
4fc06827-b25d-4400-bc9b-3bd6a4524200,Telur Ayam Ras omega 3 reguler,660e8400-e29b-41d4-a716-446655440003,Protein Telur,online,33587,kg,14,49,Telur Ayam Ras omega 3 reguler berkualitas tinggi untuk kebutuhan dapur Anda,True,2025-10-18 11:16:14
6e6b60a9-956d-4ee2-a1d8-a6cb9c29fce9,Telur Ayam Ras biasa Sulawesi,660e8400-e29b-41d4-a716-446655440003,Protein Telur,online,28514,kg,14,71,Telur Ayam Ras biasa Sulawesi berkualitas tinggi untuk kebutuhan dapur Anda,True,2025-11-13 11:16:14
c960dd4a-4eda-4156-812b-0ca372d12154,Telur Ayam Ras vitamin segar pagi,660e8400-e29b-41d4-a716-446655440003,Protein Telur,online,30869,kg,14,74,Telur Ayam Ras vitamin segar pagi berkualitas tinggi untuk kebutuhan dapur Anda,True,2025-10-06 11:16:14
a8595e82-4e3b-4385-9fc4-d48843bef238,Telur Ayam Ras jumbo premium,660e8400-e29b-41d4-a716-446655440003,Protein Telur,online,34670,kg,14,107,Telur Ayam Ras jumbo premium berkualitas tinggi untuk kebutuhan dapur Anda,True,2025-10-05 11:16:14
75f06f1c-673a-4845-9a39-bf7359e3d746,Telur Ayam Ras organik premium Jawa Tengah,660e8400-e29b-41d4-a716-446655440003,Protein Telur,online,47073,kg,14,90,Telur Ayam Ras organik premium Jawa Tengah berkualitas tinggi untuk kebutuhan dapur Anda,True,2025-09-09 11:16:14
87b2fdb4-94b9-42b9-a875-7c3373cb0ada,Telur Ayam Ras omega 3 super,660e8400-e29b-41d4-a716-446655440003,Protein Telur,online,37580,kg,14,91,Telur Ayam Ras omega 3 super berkualitas tinggi untuk kebutuhan dapur Anda,True,2025-09-06 11:16:14
63f12554-111e-4683-99dc-39874051ac77,Telur Ayam Ras biasa Sumatera,660e8400-e29b-41d4-a716-446655440003,Protein Telur,online,29483,kg,14,46,Telur Ayam Ras biasa Sumatera berkualitas tinggi untuk kebutuhan dapur Anda,True,2025-10-09 11:16:14
fe86187d-9c29-488b-a152-93a8ba07acb7,Telur Ayam Ras vitamin beku,660e8400-e29b-41d4-a716-446655440003,Protein Telur,online,30945,kg,14,100,Telur Ayam Ras vitamin beku berkualitas tinggi untuk kebutuhan dapur Anda,True,2025-09-26 11:16:14
1a330c9c-1deb-40bb-a9c3-364f8b32fba5,Telur Ayam Ras mini premium,660e8400-e29b-41d4-a716-446655440003,Protein Telur,online,33703,kg,14,92,Telur Ayam Ras mini premium berkualitas tinggi untuk kebutuhan dapur Anda,True,2025-11-22 11:16:14
4b91b38f-941c-4827-9ee0-7e8471161f95,Telur Ayam Ras organik super Jawa Timur,660e8400-e29b-41d4-a716-446655440003,Protein Telur,online,43297,kg,14,53,Telur Ayam Ras organik super Jawa Timur berkualitas tinggi untuk kebutuhan dapur Anda,True,2025-10-09 11:16:14
615b2ac0-8bfc-433b-bf8c-2b6b3194fa76,Telur Ayam Ras omega 3 pilihan,660e8400-e29b-41d4-a716-446655440003,Protein Telur,online,34753,kg,14,115,Telur Ayam Ras omega 3 pilihan berkualitas tinggi untuk kebutuhan dapur Anda,True,2025-10-05 11:16:14
8e274226-1017-4999-87ad-cdd8dc5ce405,Telur Ayam Ras biasa Lampung,660e8400-e29b-41d4-a716-446655440003,Protein Telur,online,28935,kg,14,89,Telur Ayam Ras biasa Lampung berkualitas tinggi untuk kebutuhan dapur Anda,True,2025-09-23 11:16:14
609ff643-91bb-4dd0-973c-896dec5ad1ea,Telur Ayam Ras vitamin fresh,660e8400-e29b-41d4-a716-446655440003,Protein Telur,online,30871,kg,14,33,Telur Ayam Ras vitamin fresh berkualitas tinggi untuk kebutuhan dapur Anda,True,2025-09-23 11:16:14
b49c7bad-9c65-480d-b232-5e609415de0c,Telur Ayam Ras kecil premium,660e8400-e29b-41d4-a716-446655440003,Protein Telur,online,33533,kg,14,105,Telur Ayam Ras kecil premium berkualitas tinggi untuk kebutuhan dapur Anda,True,2025-09-05 11:16:14
e52189ce-f805-40a4-984b-c1099f059159,Telur Ayam Ras organik premium Lampung,660e8400-e29b-41d4-a716-446655440003,Protein Telur,online,48277,kg,14,83,Telur Ayam Ras organik premium Lampung berkualitas tinggi untuk kebutuhan dapur Anda,True,2025-11-17 11:16:14
44f49f02-0506-4588-9e34-862937c9e34b,Telur Ayam Ras omega 3 special,660e8400-e29b-41d4-a716-446655440003,Protein Telur,online,36286,kg,14,54,Telur Ayam Ras omega 3 special berkualitas tinggi untuk kebutuhan dapur Anda,True,2025-11-27 11:16:14
377411ad-d3cf-48a4-a33f-8e2c41cd8699,Telur Ayam Ras biasa Sulawesi,660e8400-e29b-41d4-a716-446655440003,Protein Telur,online,28519,kg,14,80,Telur Ayam Ras biasa Sulawesi berkualitas tinggi untuk kebutuhan dapur Anda,True,2025-09-06 11:16:14
1277e379-d5e0-460f-8cf4-fc32893940ab,Telur Ayam Ras vitamin segar pagi,660e8400-e29b-41d4-a716-446655440003,Protein Telur,online,30660,kg,14,65,Telur Ayam Ras vitamin segar pagi berkualitas tinggi untuk kebutuhan dapur Anda,True,2025-09-14 11:16:14
143272e2-64db-4e91-8ed6-75fb25377ed7,Telur Ayam Ras jumbo premium,660e8400-e29b-41d4-a716-446655440003,Protein Telur,online,34037,kg,14,47,Telur Ayam Ras jumbo premium berkualitas tinggi untuk kebutuhan dapur Anda,True,2025-11-01 11:16:14
33d7ea51-b6bf-4d06-90d6-0398a0aaf2c4,Telur Ayam Ras organik pilihan Lampung,660e8400-e29b-41d4-a716-446655440003,Protein Telur,online,39914,kg,14,74,Telur Ayam Ras organik pilihan Lampung berkualitas tinggi untuk kebutuhan dapur Anda,True,2025-11-30 11:16:14
06f908dd-5d16-424b-9bd7-5dd7b7b87c65,Telur Ayam Ras omega 3 premium,660e8400-e29b-41d4-a716-446655440003,Protein Telur,online,41853,kg,14,85,Telur Ayam Ras omega 3 premium berkualitas tinggi untuk kebutuhan dapur Anda,True,2025-09-18 11:16:14
fdeb3d89-9aa6-4846-958b-d0efda2adcd4,Telur Ayam Ras biasa Kalimantan,660e8400-e29b-41d4-a716-446655440003,Protein Telur,online,29543,kg,14,36,Telur Ayam Ras biasa Kalimantan berkualitas tinggi untuk kebutuhan dapur Anda,True,2025-09-30 11:16:14
d73ab0e3-4528-49bb-b801-5e07d32d3c23,Telur Ayam Ras vitamin chilled,660e8400-e29b-41d4-a716-446655440003,Protein Telur,online,31593,kg,14,103,Telur Ayam Ras vitamin chilled berkualitas tinggi untuk kebutuhan dapur Anda,True,2025-11-08 11:16:14
1fc7e703-f03d-4143-a2d7-1bb99a2805a1,Telur Puyuh segar,660e8400-e29b-41d4-a716-446655440003,Protein Telur,online,40034,kg,10,90,Telur Puyuh segar berkualitas tinggi untuk kebutuhan dapur Anda,True,2025-11-25 11:16:14
8a4665ac-b197-444e-b61c-335d02065ea4,Telur Puyuh rebus,660e8400-e29b-41d4-a716-446655440003,Protein Telur,online,41466,kg,10,70,Telur Puyuh rebus berkualitas tinggi untuk kebutuhan dapur Anda,True,2025-09-22 11:16:14
bbb8e5a9-ff2b-4566-972d-eaed34508938,Telur Puyuh asin,660e8400-e29b-41d4-a716-446655440003,Protein Telur,online,45847,kg,10,51,Telur Puyuh asin berkualitas tinggi untuk kebutuhan dapur Anda,True,2025-09-04 11:16:14
5956122c-7085-4ccf-8bc9-a3108790ab46,Telur Puyuh sedang segar,660e8400-e29b-41d4-a716-446655440003,Protein Telur,online,40586,kg,10,62,Telur Puyuh sedang segar berkualitas tinggi untuk kebutuhan dapur Anda,True,2025-10-26 11:16:14
f909a2fb-1c57-471a-b378-396c3d9137ed,Telur Puyuh rebus super Lampung,660e8400-e29b-41d4-a716-446655440003,Protein Telur,online,51700,kg,10,83,Telur Puyuh rebus super Lampung berkualitas tinggi untuk kebutuhan dapur Anda,True,2025-12-01 11:16:14
23b60b8f-f1be-45fd-ab5e-617f0e956405,Telur Puyuh asin super,660e8400-e29b-41d4-a716-446655440003,Protein Telur,online,57050,kg,10,119,Telur Puyuh asin super berkualitas tinggi untuk kebutuhan dapur Anda,True,2025-09-07 11:16:14
518cdefd-5c43-4745-b3d3-8069953d477f,Telur Puyuh segar Bali,660e8400-e29b-41d4-a716-446655440003,Protein Telur,online,39824,kg,10,56,Telur Puyuh segar Bali berkualitas tinggi untuk kebutuhan dapur Anda,True,2025-10-21 11:16:14
c8adab3e-0962-422d-bdf1-7b0a699afb87,Telur Puyuh rebus frozen,660e8400-e29b-41d4-a716-446655440003,Protein Telur,online,42350,kg,10,97,Telur Puyuh rebus frozen berkualitas tinggi untuk kebutuhan dapur Anda,True,2025-09-05 11:16:14
55f01e23-cbc7-4fc0-ac48-ac6f3a7394be,Telur Puyuh kecil asin,660e8400-e29b-41d4-a716-446655440003,Protein Telur,online,44515,kg,10,117,Telur Puyuh kecil asin berkualitas tinggi untuk kebutuhan dapur Anda,True,2025-09-26 11:16:14
1d825ad7-ab89-4eb5-a5d5-5f49e47d936a,Telur Puyuh segar super Jawa Barat,660e8400-e29b-41d4-a716-446655440003,Protein Telur,online,49994,kg,10,35,Telur Puyuh segar super Jawa Barat berkualitas tinggi untuk kebutuhan dapur Anda,True,2025-11-09 11:16:14
15b8b717-5959-43d4-b9d3-bbab55c24132,Telur Puyuh rebus reguler,660e8400-e29b-41d4-a716-446655440003,Protein Telur,online,41008,kg,10,62,Telur Puyuh rebus reguler berkualitas tinggi untuk kebutuhan dapur Anda,True,2025-10-22 11:16:14
09fbff99-a679-487f-9ac0-3f2f5a1e94ba,Telur Puyuh asin Bali,660e8400-e29b-41d4-a716-446655440003,Protein Telur,online,45299,kg,10,94,Telur Puyuh asin Bali berkualitas tinggi untuk kebutuhan dapur Anda,True,2025-10-13 11:16:14
5200ddcb-beb4-4bc5-90bd-d6301a9c9b82,Telur Puyuh segar fresh,660e8400-e29b-41d4-a716-446655440003,Protein Telur,online,39520,kg,10,74,Telur Puyuh segar fresh berkualitas tinggi untuk kebutuhan dapur Anda,True,2025-11-17 11:16:14
5a814610-2953-4d95-8e28-a219dfbd907d,Telur Puyuh mini rebus,660e8400-e29b-41d4-a716-446655440003,Protein Telur,online,42820,kg,10,35,Telur Puyuh mini rebus berkualitas tinggi untuk kebutuhan dapur Anda,True,2025-09-29 11:16:14
aa4c2149-0847-4033-ba8e-9dc821b35434,Telur Puyuh asin pilihan Jawa Barat,660e8400-e29b-41d4-a716-446655440003,Protein Telur,online,50351,kg,10,115,Telur Puyuh asin pilihan Jawa Barat berkualitas tinggi untuk kebutuhan dapur Anda,True,2025-11-17 11:16:14
89150ff1-936f-439f-a5c8-0b7ee9446c32,Telur Puyuh segar super,660e8400-e29b-41d4-a716-446655440003,Protein Telur,online,47224,kg,10,53,Telur Puyuh segar super berkualitas tinggi untuk kebutuhan dapur Anda,True,2025-10-20 11:16:14
95e5fc3d-badc-4873-a11a-5f9173bd6bcf,Telur Puyuh rebus Sulawesi,660e8400-e29b-41d4-a716-446655440003,Protein Telur,online,42271,kg,10,59,Telur Puyuh rebus Sulawesi berkualitas tinggi untuk kebutuhan dapur Anda,True,2025-09-11 11:16:14
cce63e81-e2b8-4f55-ac6e-48c27eab4195,Telur Puyuh asin beku,660e8400-e29b-41d4-a716-446655440003,Protein Telur,online,44897,kg,10,51,Telur Puyuh asin beku berkualitas tinggi untuk kebutuhan dapur Anda,True,2025-11-30 11:16:14
370cdd96-d218-4a46-83ea-9ea3782efe35,Telur Puyuh besar segar,660e8400-e29b-41d4-a716-446655440003,Protein Telur,online,39948,kg,10,34,Telur Puyuh besar segar berkualitas tinggi untuk kebutuhan dapur Anda,True,2025-11-25 11:16:14
386b6d51-2532-4079-a615-3e1b60ea30cb,Telur Puyuh rebus super Lampung,660e8400-e29b-41d4-a716-446655440003,Protein Telur,online,49740,kg,10,57,Telur Puyuh rebus super Lampung berkualitas tinggi untuk kebutuhan dapur Anda,True,2025-11-07 11:16:14
a941db94-4d2d-408a-83b4-5a37ce327193,Telur Puyuh asin reguler,660e8400-e29b-41d4-a716-446655440003,Protein Telur,online,44486,kg,10,50,Telur Puyuh asin reguler berkualitas tinggi untuk kebutuhan dapur Anda,True,2025-12-01 11:16:14
eade3b0e-f331-4131-8c82-cad42db7529c,Telur Puyuh segar Kalimantan,660e8400-e29b-41d4-a716-446655440003,Protein Telur,online,40200,kg,10,58,Telur Puyuh segar Kalimantan berkualitas tinggi untuk kebutuhan dapur Anda,True,2025-09-04 11:16:14
e944197e-1664-4d0f-ab78-248f6ba1aceb,Telur Puyuh rebus segar pagi,660e8400-e29b-41d4-a716-446655440003,Protein Telur,online,42127,kg,10,99,Telur Puyuh rebus segar pagi berkualitas tinggi untuk kebutuhan dapur Anda,True,2025-09-07 11:16:14
7a43b85b-4b8a-450d-a67c-fca15dd59031,Telur Puyuh jumbo asin,660e8400-e29b-41d4-a716-446655440003,Protein Telur,online,44370,kg,10,108,Telur Puyuh jumbo asin berkualitas tinggi untuk kebutuhan dapur Anda,True,2025-11-13 11:16:14
3ba8aa1a-afc8-4438-bec5-e86a423176b6,Telur Puyuh segar super Lampung,660e8400-e29b-41d4-a716-446655440003,Protein Telur,online,46705,kg,10,105,Telur Puyuh segar super Lampung berkualitas tinggi untuk kebutuhan dapur Anda,True,2025-09-17 11:16:14
51cb2e02-2e48-47c5-96c5-fc497266b760,Telur Puyuh rebus pilihan,660e8400-e29b-41d4-a716-446655440003,Protein Telur,online,44407,kg,10,110,Telur Puyuh rebus pilihan berkualitas tinggi untuk kebutuhan dapur Anda,True,2025-11-08 11:16:14
67b5f904-df5c-4496-988c-00db5f53deeb,Telur Puyuh asin Lampung,660e8400-e29b-41d4-a716-446655440003,Protein Telur,online,44147,kg,10,43,Telur Puyuh asin Lampung berkualitas tinggi untuk kebutuhan dapur Anda,True,2025-09-25 11:16:14
7c384ff8-a7cc-4cb0-ac74-083edf9363a7,Telur Puyuh segar fresh,660e8400-e29b-41d4-a716-446655440003,Protein Telur,online,39587,kg,10,98,Telur Puyuh segar fresh berkualitas tinggi untuk kebutuhan dapur Anda,True,2025-10-22 11:16:14
3f6a7f94-c5cb-4ea1-bb00-4cbbe7060b2f,Telur Bebek asin,660e8400-e29b-41d4-a716-446655440003,Protein Telur,online,35362,kg,14,44,Telur Bebek asin berkualitas tinggi untuk kebutuhan dapur Anda,True,2025-10-20 11:16:14
808c7fa0-2d5c-4e83-8650-00a8ca4f3c76,Telur Bebek segar,660e8400-e29b-41d4-a716-446655440003,Protein Telur,online,30524,kg,14,48,Telur Bebek segar berkualitas tinggi untuk kebutuhan dapur Anda,True,2025-09-09 11:16:14
1eecec9e-d6cf-4af1-80a5-b7aaa2048eb1,Telur Bebek omega,660e8400-e29b-41d4-a716-446655440003,Protein Telur,online,32358,kg,14,117,Telur Bebek omega berkualitas tinggi untuk kebutuhan dapur Anda,True,2025-09-16 11:16:14
5bc977d2-d8b6-43fe-bb28-f2788977c048,Telur Bebek premium,660e8400-e29b-41d4-a716-446655440003,Protein Telur,online,38031,kg,14,84,Telur Bebek premium berkualitas tinggi untuk kebutuhan dapur Anda,True,2025-10-20 11:16:14
94cac64b-7ffc-410d-a56e-f481cc8f5296,Telur Bebek asin super Jawa Barat,660e8400-e29b-41d4-a716-446655440003,Protein Telur,online,41271,kg,14,61,Telur Bebek asin super Jawa Barat berkualitas tinggi untuk kebutuhan dapur Anda,True,2025-11-19 11:16:14
5f1c7ba4-20fe-432b-8e83-3f21b5d12d67,Telur Bebek segar ekonomis,660e8400-e29b-41d4-a716-446655440003,Protein Telur,online,27051,kg,14,47,Telur Bebek segar ekonomis berkualitas tinggi untuk kebutuhan dapur Anda,True,2025-11-12 11:16:14
063c37c2-0137-43df-a289-104ff3be1f7b,Telur Bebek omega Sulawesi,660e8400-e29b-41d4-a716-446655440003,Protein Telur,online,33408,kg,14,103,Telur Bebek omega Sulawesi berkualitas tinggi untuk kebutuhan dapur Anda,True,2025-12-01 11:16:14
e0a5c867-73da-42c3-b91f-f1f5da0c4b7f,Telur Bebek premium beku,660e8400-e29b-41d4-a716-446655440003,Protein Telur,online,37597,kg,14,56,Telur Bebek premium beku berkualitas tinggi untuk kebutuhan dapur Anda,True,2025-11-01 11:16:14
9cdab9bc-b6a8-459d-8828-1ffde2328a9c,Telur Bebek sedang asin,660e8400-e29b-41d4-a716-446655440003,Protein Telur,online,35512,kg,14,65,Telur Bebek sedang asin berkualitas tinggi untuk kebutuhan dapur Anda,True,2025-10-24 11:16:14
26d86b5d-5e6a-4105-b74e-cd1ba96ece86,Telur Bebek segar premium Jawa Timur,660e8400-e29b-41d4-a716-446655440003,Protein Telur,online,37398,kg,14,43,Telur Bebek segar premium Jawa Timur berkualitas tinggi untuk kebutuhan dapur Anda,True,2025-11-23 11:16:14
f62a6836-17a6-43b1-95c0-6920f874bd94,Telur Bebek omega super,660e8400-e29b-41d4-a716-446655440003,Protein Telur,online,38535,kg,14,35,Telur Bebek omega super berkualitas tinggi untuk kebutuhan dapur Anda,True,2025-09-30 11:16:14
861831a6-de15-47df-ac4d-c187010e636b,Telur Bebek premium Lampung,660e8400-e29b-41d4-a716-446655440003,Protein Telur,online,38083,kg,14,84,Telur Bebek premium Lampung berkualitas tinggi untuk kebutuhan dapur Anda,True,2025-11-05 11:16:14
4a80e243-d9b1-421b-97ba-4f495f444548,Telur Bebek asin beku,660e8400-e29b-41d4-a716-446655440003,Protein Telur,online,35554,kg,14,66,Telur Bebek asin beku berkualitas tinggi untuk kebutuhan dapur Anda,True,2025-11-16 11:16:14
c3ffd886-9ca9-4692-bca2-919f5418ef54,Telur Bebek kecil segar,660e8400-e29b-41d4-a716-446655440003,Protein Telur,online,29652,kg,14,96,Telur Bebek kecil segar berkualitas tinggi untuk kebutuhan dapur Anda,True,2025-10-12 11:16:14
572089be-ab67-49d4-ad5f-d899a19cbb66,Telur Bebek omega pilihan Jawa Barat,660e8400-e29b-41d4-a716-446655440003,Protein Telur,online,37181,kg,14,101,Telur Bebek omega pilihan Jawa Barat berkualitas tinggi untuk kebutuhan dapur Anda,True,2025-09-30 11:16:14
3990462d-66b1-453e-bf3c-16ec361429ff,Telur Bebek premium special,660e8400-e29b-41d4-a716-446655440003,Protein Telur,online,42145,kg,14,86,Telur Bebek premium special berkualitas tinggi untuk kebutuhan dapur Anda,True,2025-11-01 11:16:14
def4fd19-5b85-4ab6-975f-c3241c97de43,Telur Bebek asin Jawa Tengah,660e8400-e29b-41d4-a716-446655440003,Protein Telur,online,35041,kg,14,80,Telur Bebek asin Jawa Tengah berkualitas tinggi untuk kebutuhan dapur Anda,True,2025-10-23 11:16:14
9520d81f-ed07-4ec9-8f96-c232b3136da2,Telur Bebek segar beku,660e8400-e29b-41d4-a716-446655440003,Protein Telur,online,29955,kg,14,64,Telur Bebek segar beku berkualitas tinggi untuk kebutuhan dapur Anda,True,2025-09-13 11:16:14
d4c38b23-fa54-405f-ae43-edf982b1179b,Telur Bebek sedang omega,660e8400-e29b-41d4-a716-446655440003,Protein Telur,online,33132,kg,14,46,Telur Bebek sedang omega berkualitas tinggi untuk kebutuhan dapur Anda,True,2025-09-11 11:16:14
3776d650-cc54-4c73-888a-87cd1ed68947,Telur Bebek premium pilihan Jawa Tengah,660e8400-e29b-41d4-a716-446655440003,Protein Telur,online,43195,kg,14,79,Telur Bebek premium pilihan Jawa Tengah berkualitas tinggi untuk kebutuhan dapur Anda,True,2025-09-20 11:16:14
db36e8b8-6104-406e-a0f8-665ad8a8d1dd,Telur Bebek asin premium,660e8400-e29b-41d4-a716-446655440003,Protein Telur,online,45072,kg,14,64,Telur Bebek asin premium berkualitas tinggi untuk kebutuhan dapur Anda,True,2025-09-20 11:16:14
0c2df709-7ec6-4a04-a6fe-bf5dac74998d,Telur Bebek segar Jawa Tengah,660e8400-e29b-41d4-a716-446655440003,Protein Telur,online,29669,kg,14,85,Telur Bebek segar Jawa Tengah berkualitas tinggi untuk kebutuhan dapur Anda,True,2025-11-26 11:16:14
f7c37866-b2c0-4f31-ad8c-fcd751d2d5ed,Telur Bebek omega chilled,660e8400-e29b-41d4-a716-446655440003,Protein Telur,online,33402,kg,14,43,Telur Bebek omega chilled berkualitas tinggi untuk kebutuhan dapur Anda,True,2025-09-21 11:16:14
e10e8854-e9bc-4acb-ab14-223b2dd28350,Telur Bebek jumbo premium,660e8400-e29b-41d4-a716-446655440003,Protein Telur,online,38336,kg,14,103,Telur Bebek jumbo premium berkualitas tinggi untuk kebutuhan dapur Anda,True,2025-09-26 11:16:14
5dc96830-9884-4dfb-a67a-25d402723df4,Telur Bebek asin premium Jawa Tengah,660e8400-e29b-41d4-a716-446655440003,Protein Telur,online,45082,kg,14,65,Telur Bebek asin premium Jawa Tengah berkualitas tinggi untuk kebutuhan dapur Anda,True,2025-11-12 11:16:14
1e2e5ab4-11d5-40ae-aba8-c085c7256422,Telur Bebek segar ekonomis,660e8400-e29b-41d4-a716-446655440003,Protein Telur,online,27727,kg,14,38,Telur Bebek segar ekonomis berkualitas tinggi untuk kebutuhan dapur Anda,True,2025-10-31 11:16:14
3dc7e789-cce4-4e2d-96c0-6ad892f544bb,Telur Bebek omega Kalimantan,660e8400-e29b-41d4-a716-446655440003,Protein Telur,online,32555,kg,14,50,Telur Bebek omega Kalimantan berkualitas tinggi untuk kebutuhan dapur Anda,True,2025-10-02 11:16:14
9c3bf9f5-85a8-4ba0-bd37-96a36d9ab246,Telur Bebek premium fresh,660e8400-e29b-41d4-a716-446655440003,Protein Telur,online,38320,kg,14,109,Telur Bebek premium fresh berkualitas tinggi untuk kebutuhan dapur Anda,True,2025-11-08 11:16:14
7e697900-1132-4526-bd8e-40a7e3ae3eb7,Telur Angsa segar,660e8400-e29b-41d4-a716-446655440003,Protein Telur,online,5961,pcs,30,78,Telur Angsa segar berkualitas tinggi untuk kebutuhan dapur Anda,True,2025-09-13 11:16:14
c1203070-2087-4dae-b8d4-6f64f7469bf7,Telur Angsa segar Jawa Tengah,660e8400-e29b-41d4-a716-446655440003,Protein Telur,online,6074,pcs,30,64,Telur Angsa segar Jawa Tengah berkualitas tinggi untuk kebutuhan dapur Anda,True,2025-10-29 11:16:14
71b93140-d5a1-4004-bbc0-57d1a0768a15,Telur Angsa segar chilled,660e8400-e29b-41d4-a716-446655440003,Protein Telur,online,6060,pcs,30,112,Telur Angsa segar chilled berkualitas tinggi untuk kebutuhan dapur Anda,True,2025-10-19 11:16:14
3b22705d-c3f2-4758-bccc-1a8dfd1f783f,Telur Angsa besar segar,660e8400-e29b-41d4-a716-446655440003,Protein Telur,online,5962,pcs,30,30,Telur Angsa besar segar berkualitas tinggi untuk kebutuhan dapur Anda,True,2025-10-03 11:16:14
6541e8af-76f8-407e-a662-6d4b6cfd227b,Telur Angsa segar pilihan Lampung,660e8400-e29b-41d4-a716-446655440003,Protein Telur,online,6775,pcs,30,107,Telur Angsa segar pilihan Lampung berkualitas tinggi untuk kebutuhan dapur Anda,True,2025-10-07 11:16:14
e8fc9298-f63b-4283-8f80-3ea341989354,Telur Angsa segar ekonomis,660e8400-e29b-41d4-a716-446655440003,Protein Telur,online,4955,pcs,30,102,Telur Angsa segar ekonomis berkualitas tinggi untuk kebutuhan dapur Anda,True,2025-10-24 11:16:14
c3c17707-f966-4533-b071-fcace1d6fd0f,Telur Angsa segar Jawa Barat,660e8400-e29b-41d4-a716-446655440003,Protein Telur,online,6088,pcs,30,77,Telur Angsa segar Jawa Barat berkualitas tinggi untuk kebutuhan dapur Anda,True,2025-10-16 11:16:14
6f2ee671-7b8d-416d-aead-11cbb531372f,Telur Angsa segar fresh,660e8400-e29b-41d4-a716-446655440003,Protein Telur,online,5995,pcs,30,48,Telur Angsa segar fresh berkualitas tinggi untuk kebutuhan dapur Anda,True,2025-09-30 11:16:14
c6025352-3e35-436a-b0fb-4185d6568b0c,Telur Angsa sedang segar,660e8400-e29b-41d4-a716-446655440003,Protein Telur,online,5997,pcs,30,70,Telur Angsa sedang segar berkualitas tinggi untuk kebutuhan dapur Anda,True,2025-09-17 11:16:14
0c8b5da5-dd03-49cd-9e1d-f1c30a008022,Telur Angsa segar premium Jawa Timur,660e8400-e29b-41d4-a716-446655440003,Protein Telur,online,7765,pcs,30,101,Telur Angsa segar premium Jawa Timur berkualitas tinggi untuk kebutuhan dapur Anda,True,2025-11-26 11:16:14
61e11e63-28ac-4d09-b154-3d8508f52c40,Telur Angsa segar pilihan,660e8400-e29b-41d4-a716-446655440003,Protein Telur,online,6597,pcs,30,50,Telur Angsa segar pilihan berkualitas tinggi untuk kebutuhan dapur Anda,True,2025-10-27 11:16:14
97c88ad0-d169-44d2-88e8-03295fd1c57d,Telur Angsa segar Lampung,660e8400-e29b-41d4-a716-446655440003,Protein Telur,online,5895,pcs,30,58,Telur Angsa segar Lampung berkualitas tinggi untuk kebutuhan dapur Anda,True,2025-09-21 11:16:14
85c4ce48-a3ed-4609-8e62-a68df8e1ff23,Telur Angsa segar frozen,660e8400-e29b-41d4-a716-446655440003,Protein Telur,online,6072,pcs,30,103,Telur Angsa segar frozen berkualitas tinggi untuk kebutuhan dapur Anda,True,2025-10-25 11:16:14
1832f147-b6b0-4da5-87e7-7da7e6d76d19,Telur Angsa kecil segar,660e8400-e29b-41d4-a716-446655440003,Protein Telur,online,5926,pcs,30,113,Telur Angsa kecil segar berkualitas tinggi untuk kebutuhan dapur Anda,True,2025-10-07 11:16:14
9d96a6ad-3c4b-4d66-96ec-f7486c4fa56b,Telur Angsa segar premium Jawa Barat,660e8400-e29b-41d4-a716-446655440003,Protein Telur,online,8002,pcs,30,44,Telur Angsa segar premium Jawa Barat berkualitas tinggi untuk kebutuhan dapur Anda,True,2025-10-17 11:16:14
27015ccc-cf06-4e23-8a8c-7e75d3a247fc,Telur Angsa segar pilihan,660e8400-e29b-41d4-a716-446655440003,Protein Telur,online,6645,pcs,30,78,Telur Angsa segar pilihan berkualitas tinggi untuk kebutuhan dapur Anda,True,2025-09-05 11:16:14
9c9c1123-ca3a-41ea-9402-92bf8b02eb4d,Telur Angsa segar Jawa Barat,660e8400-e29b-41d4-a716-446655440003,Protein Telur,online,6088,pcs,30,52,Telur Angsa segar Jawa Barat berkualitas tinggi untuk kebutuhan dapur Anda,True,2025-09-04 11:16:14
ec1a6bce-08f3-4454-8380-c6a0390511f9,Telur Angsa segar fresh,660e8400-e29b-41d4-a716-446655440003,Protein Telur,online,5933,pcs,30,65,Telur Angsa segar fresh berkualitas tinggi untuk kebutuhan dapur Anda,True,2025-11-05 11:16:14
d8ed1225-8918-421f-800c-36865cd00597,Telur Angsa besar segar,660e8400-e29b-41d4-a716-446655440003,Protein Telur,online,6090,pcs,30,72,Telur Angsa besar segar berkualitas tinggi untuk kebutuhan dapur Anda,True,2025-10-18 11:16:14
e88a7463-7ab2-4602-a91b-88e8d13ea92e,Telur Angsa segar super Jawa Tengah,660e8400-e29b-41d4-a716-446655440003,Protein Telur,online,7197,pcs,30,108,Telur Angsa segar super Jawa Tengah berkualitas tinggi untuk kebutuhan dapur Anda,True,2025-10-01 11:16:14
2b1fcfb0-1e61-4f37-bea7-423e8d345425,Telur Angsa segar pilihan,660e8400-e29b-41d4-a716-446655440003,Protein Telur,online,6755,pcs,30,52,Telur Angsa segar pilihan berkualitas tinggi untuk kebutuhan dapur Anda,True,2025-10-05 11:16:14
819b70fd-4aac-4173-b213-ed052740c8ce,Telur Angsa segar Jawa Barat,660e8400-e29b-41d4-a716-446655440003,Protein Telur,online,6116,pcs,30,48,Telur Angsa segar Jawa Barat berkualitas tinggi untuk kebutuhan dapur Anda,True,2025-10-11 11:16:14
d7bab8e2-1abb-4e4f-82d9-fec41eddffbc,Telur Angsa segar fresh,660e8400-e29b-41d4-a716-446655440003,Protein Telur,online,5905,pcs,30,118,Telur Angsa segar fresh berkualitas tinggi untuk kebutuhan dapur Anda,True,2025-09-08 11:16:14
9df8aef2-ad3e-4e26-94f3-741ce76e6037,Telur Angsa sedang segar,660e8400-e29b-41d4-a716-446655440003,Protein Telur,online,5906,pcs,30,113,Telur Angsa sedang segar berkualitas tinggi untuk kebutuhan dapur Anda,True,2025-10-22 11:16:14
c7fdfdcb-a3f4-4420-ac1e-dee528a4f607,Telur Angsa segar premium Lampung,660e8400-e29b-41d4-a716-446655440003,Protein Telur,online,7961,pcs,30,116,Telur Angsa segar premium Lampung berkualitas tinggi untuk kebutuhan dapur Anda,True,2025-11-11 11:16:14
a797a6ab-81dd-43a1-a37a-e6d3469ed5ce,Telur Angsa segar pilihan,660e8400-e29b-41d4-a716-446655440003,Protein Telur,online,6438,pcs,30,37,Telur Angsa segar pilihan berkualitas tinggi untuk kebutuhan dapur Anda,True,2025-10-15 11:16:14
c7c37a15-18c8-44cd-b743-354877e00e0d,Telur Angsa segar Sumatera,660e8400-e29b-41d4-a716-446655440003,Protein Telur,online,5967,pcs,30,33,Telur Angsa segar Sumatera berkualitas tinggi untuk kebutuhan dapur Anda,True,2025-10-28 11:16:14
91798898-215c-4d3f-b33a-db1abb2eca59,Telur Angsa segar segar pagi,660e8400-e29b-41d4-a716-446655440003,Protein Telur,online,5913,pcs,30,100,Telur Angsa segar segar pagi berkualitas tinggi untuk kebutuhan dapur Anda,True,2025-10-30 11:16:14
969da846-36a4-4abf-8e4e-f7a53c8f5001,Sereh segar,660e8400-e29b-41d4-a716-446655440004,Bumbu & Rempah,online,11915,kg,7,115,Sereh segar berkualitas tinggi untuk kebutuhan dapur Anda,True,2025-10-02 11:16:14
11beb677-c447-49ce-8c67-dc0ecfd9abe4,Sereh kering,660e8400-e29b-41d4-a716-446655440004,Bumbu & Rempah,online,14816,kg,7,82,Sereh kering berkualitas tinggi untuk kebutuhan dapur Anda,True,2025-10-27 11:16:14
5b01c9fb-c4a6-4989-b1e7-259cc582fe67,Sereh bubuk,660e8400-e29b-41d4-a716-446655440004,Bumbu & Rempah,online,19820,kg,7,57,Sereh bubuk berkualitas tinggi untuk kebutuhan dapur Anda,True,2025-10-28 11:16:14
b32c1a8a-83f9-4aed-80ff-2a717de1ba05,Sereh kecil segar,660e8400-e29b-41d4-a716-446655440004,Bumbu & Rempah,online,12093,kg,7,79,Sereh kecil segar berkualitas tinggi untuk kebutuhan dapur Anda,True,2025-11-25 11:16:14
207b6b1b-b47f-4ff3-a82b-35f537bd49a4,Sereh kering super Lampung,660e8400-e29b-41d4-a716-446655440004,Bumbu & Rempah,online,18014,kg,7,58,Sereh kering super Lampung berkualitas tinggi untuk kebutuhan dapur Anda,True,2025-11-18 11:16:14
9cf27116-5e51-4985-91a4-b1da17042216,Sereh bubuk super,660e8400-e29b-41d4-a716-446655440004,Bumbu & Rempah,online,24087,kg,7,42,Sereh bubuk super berkualitas tinggi untuk kebutuhan dapur Anda,True,2025-10-12 11:16:14
fcaec149-6297-4238-8c6b-cb6381fb7e56,Sereh segar Sumatera,660e8400-e29b-41d4-a716-446655440004,Bumbu & Rempah,online,12150,kg,7,116,Sereh segar Sumatera berkualitas tinggi untuk kebutuhan dapur Anda,True,2025-11-20 11:16:14
592c3815-7923-4520-9992-d30a7c63c447,Jahe merah,660e8400-e29b-41d4-a716-446655440004,Bumbu & Rempah,online,35350,kg,14,101,Jahe merah berkualitas tinggi untuk kebutuhan dapur Anda,True,2025-11-16 11:16:14
b943508c-8b79-42d7-be53-1e362101b02e,Jahe putih,660e8400-e29b-41d4-a716-446655440004,Bumbu & Rempah,online,31991,kg,14,44,Jahe putih berkualitas tinggi untuk kebutuhan dapur Anda,True,2025-10-28 11:16:14
b4e95436-95d5-4df2-9d74-a7fbc1a5ba9c,Jahe emprit,660e8400-e29b-41d4-a716-446655440004,Bumbu & Rempah,online,27559,kg,14,115,Jahe emprit berkualitas tinggi untuk kebutuhan dapur Anda,True,2025-11-23 11:16:14
a9ffe1aa-d98d-4970-baa6-ebf550d11118,Jahe bubuk merah,660e8400-e29b-41d4-a716-446655440004,Bumbu & Rempah,online,39436,kg,14,113,Jahe bubuk merah berkualitas tinggi untuk kebutuhan dapur Anda,True,2025-11-16 11:16:14
42ca8cc6-9006-45dd-a493-62c04a135040,Jahe bubuk putih,660e8400-e29b-41d4-a716-446655440004,Bumbu & Rempah,online,38133,kg,14,67,Jahe bubuk putih berkualitas tinggi untuk kebutuhan dapur Anda,True,2025-09-28 11:16:14
1fb4170e-f95e-45bb-a10f-49bd950eed62,Jahe merah super,660e8400-e29b-41d4-a716-446655440004,Bumbu & Rempah,online,42621,kg,14,92,Jahe merah super berkualitas tinggi untuk kebutuhan dapur Anda,True,2025-11-18 11:16:14
f6241f47-8df3-4602-b369-fb34a8769036,Jahe putih Jawa Tengah,660e8400-e29b-41d4-a716-446655440004,Bumbu & Rempah,online,32298,kg,14,102,Jahe putih Jawa Tengah berkualitas tinggi untuk kebutuhan dapur Anda,True,2025-10-23 11:16:14
d914ef58-25cf-4fd2-beca-62bc72bff62e,Cikur/Kencur segar,660e8400-e29b-41d4-a716-446655440004,Bumbu & Rempah,online,49444,kg,14,57,Cikur/Kencur segar berkualitas tinggi untuk kebutuhan dapur Anda,True,2025-10-20 11:16:14
7001567f-8f9a-47b3-a95c-d24d3f3e61e0,Cikur/Kencur bubuk,660e8400-e29b-41d4-a716-446655440004,Bumbu & Rempah,online,54596,kg,14,115,Cikur/Kencur bubuk berkualitas tinggi untuk kebutuhan dapur Anda,True,2025-09-17 11:16:14
13e5b71d-a71b-4f4a-a7c7-55d8e3364164,Cikur/Kencur segar beku,660e8400-e29b-41d4-a716-446655440004,Bumbu & Rempah,online,50328,kg,14,75,Cikur/Kencur segar beku berkualitas tinggi untuk kebutuhan dapur Anda,True,2025-09-04 11:16:14
6cf9c2ba-59af-4454-8597-a4f261cd176b,Cikur/Kencur mini bubuk,660e8400-e29b-41d4-a716-446655440004,Bumbu & Rempah,online,54955,kg,14,57,Cikur/Kencur mini bubuk berkualitas tinggi untuk kebutuhan dapur Anda,True,2025-09-26 11:16:14
9a8fd060-e0fc-4571-974f-f5e982b57add,Cikur/Kencur segar pilihan Lampung,660e8400-e29b-41d4-a716-446655440004,Bumbu & Rempah,online,53695,kg,14,96,Cikur/Kencur segar pilihan Lampung berkualitas tinggi untuk kebutuhan dapur Anda,True,2025-09-15 11:16:14
e9d98ddb-fe1c-4302-850c-921e61d40ab7,Cikur/Kencur bubuk premium,660e8400-e29b-41d4-a716-446655440004,Bumbu & Rempah,online,68007,kg,14,78,Cikur/Kencur bubuk premium berkualitas tinggi untuk kebutuhan dapur Anda,True,2025-10-27 11:16:14
c6620875-ee5d-423e-8fe0-aa0946c47ea6,Cikur/Kencur segar Sulawesi,660e8400-e29b-41d4-a716-446655440004,Bumbu & Rempah,online,50921,kg,14,90,Cikur/Kencur segar Sulawesi berkualitas tinggi untuk kebutuhan dapur Anda,True,2025-09-24 11:16:14
9f8cfe83-1ec3-4f8c-87ea-aa48a5c7fe35,Lengkuas segar,660e8400-e29b-41d4-a716-446655440004,Bumbu & Rempah,online,20236,kg,14,119,Lengkuas segar berkualitas tinggi untuk kebutuhan dapur Anda,True,2025-11-19 11:16:14
88837852-dd31-4b10-95b1-e5c6f0cd430b,Lengkuas bubuk,660e8400-e29b-41d4-a716-446655440004,Bumbu & Rempah,online,25408,kg,14,43,Lengkuas bubuk berkualitas tinggi untuk kebutuhan dapur Anda,True,2025-10-19 11:16:14
9448f705-036b-47a4-a450-d61368bf94c5,Lengkuas segar fresh,660e8400-e29b-41d4-a716-446655440004,Bumbu & Rempah,online,19894,kg,14,79,Lengkuas segar fresh berkualitas tinggi untuk kebutuhan dapur Anda,True,2025-09-10 11:16:14
a3138b21-d945-442e-9b14-f0a5e939a84a,Lengkuas mini bubuk,660e8400-e29b-41d4-a716-446655440004,Bumbu & Rempah,online,25104,kg,14,83,Lengkuas mini bubuk berkualitas tinggi untuk kebutuhan dapur Anda,True,2025-11-30 11:16:14
7e7063bd-9b95-4bb9-bc81-dc07f12f3fae,Lengkuas segar premium Jawa Barat,660e8400-e29b-41d4-a716-446655440004,Bumbu & Rempah,online,24609,kg,14,66,Lengkuas segar premium Jawa Barat berkualitas tinggi untuk kebutuhan dapur Anda,True,2025-09-20 11:16:14
6f430a0d-f097-4130-b559-48106dc79ddd,Lengkuas bubuk pilihan,660e8400-e29b-41d4-a716-446655440004,Bumbu & Rempah,online,28627,kg,14,38,Lengkuas bubuk pilihan berkualitas tinggi untuk kebutuhan dapur Anda,True,2025-10-06 11:16:14
2d7812fd-a1fa-44c8-b23d-80a83dfb747f,Lengkuas segar Jawa Tengah,660e8400-e29b-41d4-a716-446655440004,Bumbu & Rempah,online,19673,kg,14,96,Lengkuas segar Jawa Tengah berkualitas tinggi untuk kebutuhan dapur Anda,True,2025-11-23 11:16:14
aac2a93b-a14b-4d01-ae80-be100547a8c0,Kunyit segar,660e8400-e29b-41d4-a716-446655440004,Bumbu & Rempah,online,17646,kg,14,98,Kunyit segar berkualitas tinggi untuk kebutuhan dapur Anda,True,2025-09-29 11:16:14
160af1d9-b55c-45c8-bb92-64c071dcc678,Kunyit bubuk,660e8400-e29b-41d4-a716-446655440004,Bumbu & Rempah,online,22210,kg,14,61,Kunyit bubuk berkualitas tinggi untuk kebutuhan dapur Anda,True,2025-10-17 11:16:14
0953eae9-637d-4b88-bab1-c60ec23f360d,Kunyit putih,660e8400-e29b-41d4-a716-446655440004,Bumbu & Rempah,online,20110,kg,14,93,Kunyit putih berkualitas tinggi untuk kebutuhan dapur Anda,True,2025-11-21 11:16:14
5e0dcf9d-bbcc-4347-81c1-b9f1575d61e5,Kunyit kecil segar,660e8400-e29b-41d4-a716-446655440004,Bumbu & Rempah,online,18064,kg,14,43,Kunyit kecil segar berkualitas tinggi untuk kebutuhan dapur Anda,True,2025-09-10 11:16:14
3c21a59b-95b3-4ee2-a293-86543dd18f61,Kunyit bubuk premium Jawa Barat,660e8400-e29b-41d4-a716-446655440004,Bumbu & Rempah,online,28252,kg,14,54,Kunyit bubuk premium Jawa Barat berkualitas tinggi untuk kebutuhan dapur Anda,True,2025-10-23 11:16:14
ce05087a-552d-4c59-995a-2924c8d99f62,Kunyit putih special,660e8400-e29b-41d4-a716-446655440004,Bumbu & Rempah,online,22581,kg,14,95,Kunyit putih special berkualitas tinggi untuk kebutuhan dapur Anda,True,2025-10-26 11:16:14
5e0af155-8d1a-4aff-bf01-0bb32f7fee1c,Kunyit segar Lampung,660e8400-e29b-41d4-a716-446655440004,Bumbu & Rempah,online,18268,kg,14,70,Kunyit segar Lampung berkualitas tinggi untuk kebutuhan dapur Anda,True,2025-11-18 11:16:14
69051d99-0d12-45a0-8bb3-ad0cabffefe5,Tomat merah,660e8400-e29b-41d4-a716-446655440004,Bumbu & Rempah,online,9967,kg,5,111,Tomat merah berkualitas tinggi untuk kebutuhan dapur Anda,True,2025-11-30 11:16:14
54e2c091-08bd-41f1-8f00-b019a0f166d8,Tomat hijau,660e8400-e29b-41d4-a716-446655440004,Bumbu & Rempah,online,9026,kg,5,98,Tomat hijau berkualitas tinggi untuk kebutuhan dapur Anda,True,2025-11-01 11:16:14
6616b2ed-2e09-4bfe-a58c-accaf3287736,Tomat cherry,660e8400-e29b-41d4-a716-446655440004,Bumbu & Rempah,online,14981,kg,5,114,Tomat cherry berkualitas tinggi untuk kebutuhan dapur Anda,True,2025-10-10 11:16:14
0ce0dcac-a285-4fbc-bcdc-ff0e1f7ef65d,Tomat italia,660e8400-e29b-41d4-a716-446655440004,Bumbu & Rempah,online,13253,kg,5,72,Tomat italia berkualitas tinggi untuk kebutuhan dapur Anda,True,2025-11-15 11:16:14
e9db5a4f-a43d-4b97-96af-36c48808586c,Tomat merah premium Jawa Tengah,660e8400-e29b-41d4-a716-446655440004,Bumbu & Rempah,online,12481,kg,5,40,Tomat merah premium Jawa Tengah berkualitas tinggi untuk kebutuhan dapur Anda,True,2025-11-19 11:16:14
a06ae677-b3bc-47af-88ce-1a1d573d2af0,Tomat hijau pilihan,660e8400-e29b-41d4-a716-446655440004,Bumbu & Rempah,online,9658,kg,5,77,Tomat hijau pilihan berkualitas tinggi untuk kebutuhan dapur Anda,True,2025-09-16 11:16:14
6d07f1d3-9df4-4deb-8747-00328ffd8a46,Tomat cherry Lampung,660e8400-e29b-41d4-a716-446655440004,Bumbu & Rempah,online,15133,kg,5,51,Tomat cherry Lampung berkualitas tinggi untuk kebutuhan dapur Anda,True,2025-09-03 11:16:14
5fc96b7e-5243-4c6c-a684-c28448806d17,Daun Salam segar,660e8400-e29b-41d4-a716-446655440004,Bumbu & Rempah,online,490,ikat,7,54,Daun Salam segar berkualitas tinggi untuk kebutuhan dapur Anda,True,2025-09-15 11:16:14
cc48ecac-5e5e-4d5f-9094-c498b6201234,Daun Salam kering,660e8400-e29b-41d4-a716-446655440004,Bumbu & Rempah,online,985,ikat,7,104,Daun Salam kering berkualitas tinggi untuk kebutuhan dapur Anda,True,2025-09-27 11:16:14
f1d4b319-6097-4006-a5e1-b6acd2d2a0e6,Daun Salam segar chilled,660e8400-e29b-41d4-a716-446655440004,Bumbu & Rempah,online,509,ikat,7,42,Daun Salam segar chilled berkualitas tinggi untuk kebutuhan dapur Anda,True,2025-11-01 11:16:14
a92e8dd2-b242-47d8-96e6-d7bc2473a9d2,Daun Salam kecil kering,660e8400-e29b-41d4-a716-446655440004,Bumbu & Rempah,online,985,ikat,7,104,Daun Salam kecil kering berkualitas tinggi untuk kebutuhan dapur Anda,True,2025-09-12 11:16:14
602a8d7a-2995-4158-a2e3-d7883139ed1d,Daun Salam segar pilihan Jawa Timur,660e8400-e29b-41d4-a716-446655440004,Bumbu & Rempah,online,542,ikat,7,78,Daun Salam segar pilihan Jawa Timur berkualitas tinggi untuk kebutuhan dapur Anda,True,2025-11-26 11:16:14
e41c4f12-e37d-4a5c-81f9-d5e265b90f2f,Daun Salam kering ekonomis,660e8400-e29b-41d4-a716-446655440004,Bumbu & Rempah,online,933,ikat,7,36,Daun Salam kering ekonomis berkualitas tinggi untuk kebutuhan dapur Anda,True,2025-11-11 11:16:14
0e724172-928d-4e81-9ae1-08dd67f38639,Daun Salam segar Jawa Tengah,660e8400-e29b-41d4-a716-446655440004,Bumbu & Rempah,online,492,ikat,7,35,Daun Salam segar Jawa Tengah berkualitas tinggi untuk kebutuhan dapur Anda,True,2025-11-06 11:16:14
24227fb2-3b94-495b-9895-ce364b0f2ba1,Daun Jeruk segar,660e8400-e29b-41d4-a716-446655440004,Bumbu & Rempah,online,1975,pak,7,75,Daun Jeruk segar berkualitas tinggi untuk kebutuhan dapur Anda,True,2025-11-05 11:16:14
07f06993-6555-4ad8-b545-23b549deaac7,Daun Jeruk kering,660e8400-e29b-41d4-a716-446655440004,Bumbu & Rempah,online,3040,pak,7,61,Daun Jeruk kering berkualitas tinggi untuk kebutuhan dapur Anda,True,2025-10-08 11:16:14
a3138b63-8b91-4935-b168-8b8c560f35b3,Daun Jeruk segar frozen,660e8400-e29b-41d4-a716-446655440004,Bumbu & Rempah,online,2020,pak,7,82,Daun Jeruk segar frozen berkualitas tinggi untuk kebutuhan dapur Anda,True,2025-10-08 11:16:14
63070467-6d7f-431c-80ec-938573c09997,Daun Jeruk sedang kering,660e8400-e29b-41d4-a716-446655440004,Bumbu & Rempah,online,2961,pak,7,37,Daun Jeruk sedang kering berkualitas tinggi untuk kebutuhan dapur Anda,True,2025-09-09 11:16:14
d973d34b-ede8-4295-9643-bb341517ce74,Daun Jeruk segar pilihan Jawa Barat,660e8400-e29b-41d4-a716-446655440004,Bumbu & Rempah,online,2282,pak,7,40,Daun Jeruk segar pilihan Jawa Barat berkualitas tinggi untuk kebutuhan dapur Anda,True,2025-11-24 11:16:14
0190b0d7-0391-4d51-9d7f-38dab9d6632e,Daun Jeruk kering reguler,660e8400-e29b-41d4-a716-446655440004,Bumbu & Rempah,online,3008,pak,7,100,Daun Jeruk kering reguler berkualitas tinggi untuk kebutuhan dapur Anda,True,2025-09-09 11:16:14
6f8245be-53c0-44fe-83f1-5f7eaba521cd,Daun Jeruk segar Lampung,660e8400-e29b-41d4-a716-446655440004,Bumbu & Rempah,online,1972,pak,7,109,Daun Jeruk segar Lampung berkualitas tinggi untuk kebutuhan dapur Anda,True,2025-10-22 11:16:14
3f418c86-9bf4-48e4-94df-ce0548040c8c,Bawang Putih lokal,660e8400-e29b-41d4-a716-446655440004,Bumbu & Rempah,online,39803,kg,30,74,Bawang Putih lokal berkualitas tinggi untuk kebutuhan dapur Anda,True,2025-11-18 11:16:14
9f5ca3b1-855d-4098-9200-88bb55eefefe,Bawang Putih import,660e8400-e29b-41d4-a716-446655440004,Bumbu & Rempah,online,34920,kg,30,68,Bawang Putih import berkualitas tinggi untuk kebutuhan dapur Anda,True,2025-11-13 11:16:14
251a33c6-4432-4d7d-81c1-5b6749c5384e,Bawang Putih kating,660e8400-e29b-41d4-a716-446655440004,Bumbu & Rempah,online,41482,kg,30,35,Bawang Putih kating berkualitas tinggi untuk kebutuhan dapur Anda,True,2025-11-09 11:16:14
7a2fdf27-16a6-4a88-941b-2a3a2c560813,Bawang Putih kupas,660e8400-e29b-41d4-a716-446655440004,Bumbu & Rempah,online,45193,kg,30,58,Bawang Putih kupas berkualitas tinggi untuk kebutuhan dapur Anda,True,2025-10-27 11:16:14
7390f099-ec66-43a9-b599-b3a3347a04b0,Bawang Putih bubuk,660e8400-e29b-41d4-a716-446655440004,Bumbu & Rempah,online,50294,kg,30,60,Bawang Putih bubuk berkualitas tinggi untuk kebutuhan dapur Anda,True,2025-11-23 11:16:14
4ce5d01a-6131-42a8-bd22-a0427e12427e,Bawang Putih lokal ekonomis,660e8400-e29b-41d4-a716-446655440004,Bumbu & Rempah,online,35641,kg,30,104,Bawang Putih lokal ekonomis berkualitas tinggi untuk kebutuhan dapur Anda,True,2025-12-01 11:16:14
b6869d70-ddf9-48a3-b667-a7e38e88aac6,Bawang Putih import Bali,660e8400-e29b-41d4-a716-446655440004,Bumbu & Rempah,online,34705,kg,30,90,Bawang Putih import Bali berkualitas tinggi untuk kebutuhan dapur Anda,True,2025-11-23 11:16:14
b617bb10-5ea1-47df-b1b4-7f6060633f34,Cabe Kriting merah,660e8400-e29b-41d4-a716-446655440004,Bumbu & Rempah,online,71769,kg,7,111,Cabe Kriting merah berkualitas tinggi untuk kebutuhan dapur Anda,True,2025-09-30 11:16:14
3131a35d-c9a3-49a6-b34d-4bec9759773a,Cabe Kriting hijau,660e8400-e29b-41d4-a716-446655440004,Bumbu & Rempah,online,65905,kg,7,64,Cabe Kriting hijau berkualitas tinggi untuk kebutuhan dapur Anda,True,2025-11-04 11:16:14
010fcde2-43a8-4794-ad4c-c08e7c7b58a9,Cabe Kriting merah keriting,660e8400-e29b-41d4-a716-446655440004,Bumbu & Rempah,online,71248,kg,7,103,Cabe Kriting merah keriting berkualitas tinggi untuk kebutuhan dapur Anda,True,2025-09-13 11:16:14
7ab7a88a-992c-4dac-a476-d150a4f1be5e,Cabe Kriting rawit merah,660e8400-e29b-41d4-a716-446655440004,Bumbu & Rempah,online,80408,kg,7,74,Cabe Kriting rawit merah berkualitas tinggi untuk kebutuhan dapur Anda,True,2025-10-31 11:16:14
54e315b4-fd25-4862-b8da-a1102f606e90,Cabe Kriting rawit hijau,660e8400-e29b-41d4-a716-446655440004,Bumbu & Rempah,online,74673,kg,7,78,Cabe Kriting rawit hijau berkualitas tinggi untuk kebutuhan dapur Anda,True,2025-11-27 11:16:14
b6a6a611-40cc-4e68-8d4f-4aaf3d4c20f6,Cabe Kriting merah special,660e8400-e29b-41d4-a716-446655440004,Bumbu & Rempah,online,84113,kg,7,104,Cabe Kriting merah special berkualitas tinggi untuk kebutuhan dapur Anda,True,2025-09-03 11:16:14
5ba77126-771e-432d-ad55-86b80887036b,Cabe Kriting hijau Lampung,660e8400-e29b-41d4-a716-446655440004,Bumbu & Rempah,online,64075,kg,7,105,Cabe Kriting hijau Lampung berkualitas tinggi untuk kebutuhan dapur Anda,True,2025-09-08 11:16:14
08cf3d44-c257-49a5-9aeb-ff980193aaa0,Cabe Rawit merah,660e8400-e29b-41d4-a716-446655440004,Bumbu & Rempah,online,79405,kg,7,90,Cabe Rawit merah berkualitas tinggi untuk kebutuhan dapur Anda,True,2025-09-14 11:16:14
0f2b1a7f-4b5a-4a40-a400-3fda246ec209,Cabe Rawit hijau,660e8400-e29b-41d4-a716-446655440004,Bumbu & Rempah,online,74273,kg,7,90,Cabe Rawit hijau berkualitas tinggi untuk kebutuhan dapur Anda,True,2025-10-17 11:16:14
86851124-42e9-4d7a-9ec3-cec92a24c1c5,Cabe Rawit super pedas,660e8400-e29b-41d4-a716-446655440004,Bumbu & Rempah,online,85856,kg,7,82,Cabe Rawit super pedas berkualitas tinggi untuk kebutuhan dapur Anda,True,2025-10-30 11:16:14
a8f6732a-842b-405e-a97b-46df342bf17d,Cabe Rawit sedang,660e8400-e29b-41d4-a716-446655440004,Bumbu & Rempah,online,78464,kg,7,89,Cabe Rawit sedang berkualitas tinggi untuk kebutuhan dapur Anda,True,2025-11-05 11:16:14
1d3b19b5-72e8-42ab-b7ab-8543b91c95c2,Cabe Rawit merah super Jawa Tengah,660e8400-e29b-41d4-a716-446655440004,Bumbu & Rempah,online,100451,kg,7,37,Cabe Rawit merah super Jawa Tengah berkualitas tinggi untuk kebutuhan dapur Anda,True,2025-10-23 11:16:14
01de6e1e-ea45-41e2-8422-038ef40eb49b,Cabe Rawit hijau super,660e8400-e29b-41d4-a716-446655440004,Bumbu & Rempah,online,91912,kg,7,43,Cabe Rawit hijau super berkualitas tinggi untuk kebutuhan dapur Anda,True,2025-09-26 11:16:14
b11c000f-086b-42d9-a2d6-5d486ebecb7b,Cabe Rawit super pedas Kalimantan,660e8400-e29b-41d4-a716-446655440004,Bumbu & Rempah,online,83975,kg,7,118,Cabe Rawit super pedas Kalimantan berkualitas tinggi untuk kebutuhan dapur Anda,True,2025-09-12 11:16:14
ad4efd80-710c-4a2a-b49d-703f92f9ca43,Suraung/Bawang Daun segar,660e8400-e29b-41d4-a716-446655440004,Bumbu & Rempah,online,14818,ikat,5,94,Suraung/Bawang Daun segar berkualitas tinggi untuk kebutuhan dapur Anda,True,2025-09-29 11:16:14
1949a6f9-5540-4bed-988d-009900152aac,Suraung/Bawang Daun hidroponik,660e8400-e29b-41d4-a716-446655440004,Bumbu & Rempah,online,17811,ikat,5,91,Suraung/Bawang Daun hidroponik berkualitas tinggi untuk kebutuhan dapur Anda,True,2025-09-29 11:16:14
28501dcc-c9ac-43ed-aeeb-de5bd445d438,Suraung/Bawang Daun segar frozen,660e8400-e29b-41d4-a716-446655440004,Bumbu & Rempah,online,14750,ikat,5,101,Suraung/Bawang Daun segar frozen berkualitas tinggi untuk kebutuhan dapur Anda,True,2025-11-03 11:16:14
6450b950-fd67-4539-bb70-2fe177b6a7be,Suraung/Bawang Daun kecil hidroponik,660e8400-e29b-41d4-a716-446655440004,Bumbu & Rempah,online,17772,ikat,5,109,Suraung/Bawang Daun kecil hidroponik berkualitas tinggi untuk kebutuhan dapur Anda,True,2025-10-18 11:16:14
711e6929-a181-4e0f-af43-bedc942d8268,Suraung/Bawang Daun segar super Lampung,660e8400-e29b-41d4-a716-446655440004,Bumbu & Rempah,online,18692,ikat,5,35,Suraung/Bawang Daun segar super Lampung berkualitas tinggi untuk kebutuhan dapur Anda,True,2025-09-30 11:16:14
86393ed2-d464-45aa-a392-76b654d75fdc,Suraung/Bawang Daun hidroponik premium,660e8400-e29b-41d4-a716-446655440004,Bumbu & Rempah,online,24529,ikat,5,47,Suraung/Bawang Daun hidroponik premium berkualitas tinggi untuk kebutuhan dapur Anda,True,2025-12-01 11:16:14
4e43959b-97cc-4465-8030-0b4cda1ab33f,Suraung/Bawang Daun segar Kalimantan,660e8400-e29b-41d4-a716-446655440004,Bumbu & Rempah,online,15256,ikat,5,30,Suraung/Bawang Daun segar Kalimantan berkualitas tinggi untuk kebutuhan dapur Anda,True,2025-10-10 11:16:14
375106c6-2d1f-4591-81f3-1d3114707cef,Sledri/Seledri segar,660e8400-e29b-41d4-a716-446655440004,Bumbu & Rempah,online,19817,kg,5,62,Sledri/Seledri segar berkualitas tinggi untuk kebutuhan dapur Anda,True,2025-10-26 11:16:14
3b57046a-846c-4551-97e2-6c97889c826a,Sledri/Seledri hidroponik,660e8400-e29b-41d4-a716-446655440004,Bumbu & Rempah,online,22600,kg,5,66,Sledri/Seledri hidroponik berkualitas tinggi untuk kebutuhan dapur Anda,True,2025-09-05 11:16:14
c09d29d5-657c-4ca6-bcb8-c740216d2d3c,Sledri/Seledri segar fresh,660e8400-e29b-41d4-a716-446655440004,Bumbu & Rempah,online,19876,kg,5,63,Sledri/Seledri segar fresh berkualitas tinggi untuk kebutuhan dapur Anda,True,2025-10-07 11:16:14
625cd131-8f37-4783-9f19-4ccfc442c2e7,Sledri/Seledri mini hidroponik,660e8400-e29b-41d4-a716-446655440004,Bumbu & Rempah,online,23333,kg,5,50,Sledri/Seledri mini hidroponik berkualitas tinggi untuk kebutuhan dapur Anda,True,2025-09-18 11:16:14
820b599d-8bfd-4cbd-9078-7defd9344ad7,Sledri/Seledri segar pilihan Jawa Barat,660e8400-e29b-41d4-a716-446655440004,Bumbu & Rempah,online,22126,kg,5,76,Sledri/Seledri segar pilihan Jawa Barat berkualitas tinggi untuk kebutuhan dapur Anda,True,2025-10-21 11:16:14
b9693ff7-065a-4b1e-afc1-f928edb869bb,Sledri/Seledri hidroponik premium,660e8400-e29b-41d4-a716-446655440004,Bumbu & Rempah,online,31302,kg,5,66,Sledri/Seledri hidroponik premium berkualitas tinggi untuk kebutuhan dapur Anda,True,2025-10-08 11:16:14
733c2677-3a23-4309-b487-ed5d6d4e975c,Sledri/Seledri segar Bali,660e8400-e29b-41d4-a716-446655440004,Bumbu & Rempah,online,20352,kg,5,71,Sledri/Seledri segar Bali berkualitas tinggi untuk kebutuhan dapur Anda,True,2025-09-16 11:16:14
a39d46a0-e0e4-40e0-b57c-bac5fe81748f,Daun Bawang segar,660e8400-e29b-41d4-a716-446655440004,Bumbu & Rempah,online,12169,kg,5,31,Daun Bawang segar berkualitas tinggi untuk kebutuhan dapur Anda,True,2025-09-12 11:16:14
4027cc7c-241b-4cac-93c0-b414cb3a6503,Daun Bawang hidroponik,660e8400-e29b-41d4-a716-446655440004,Bumbu & Rempah,online,15220,kg,5,41,Daun Bawang hidroponik berkualitas tinggi untuk kebutuhan dapur Anda,True,2025-10-21 11:16:14
0a4c5830-ee16-42bd-9c7a-283dc22b0c23,Daun Bawang organik,660e8400-e29b-41d4-a716-446655440004,Bumbu & Rempah,online,17145,kg,5,50,Daun Bawang organik berkualitas tinggi untuk kebutuhan dapur Anda,True,2025-11-28 11:16:14
1f3a9f5c-fc60-4bfe-94da-95d846ac821c,Daun Bawang sedang segar,660e8400-e29b-41d4-a716-446655440004,Bumbu & Rempah,online,11914,kg,5,72,Daun Bawang sedang segar berkualitas tinggi untuk kebutuhan dapur Anda,True,2025-10-20 11:16:14
ecdbc294-0af1-487d-95e7-35006e5a4a5d,Daun Bawang hidroponik premium Lampung,660e8400-e29b-41d4-a716-446655440004,Bumbu & Rempah,online,20560,kg,5,43,Daun Bawang hidroponik premium Lampung berkualitas tinggi untuk kebutuhan dapur Anda,True,2025-09-24 11:16:14
a62bcffe-b7cf-4467-8b9c-f6bf4ba02687,Daun Bawang organik reguler,660e8400-e29b-41d4-a716-446655440004,Bumbu & Rempah,online,17288,kg,5,58,Daun Bawang organik reguler berkualitas tinggi untuk kebutuhan dapur Anda,True,2025-09-14 11:16:14
463666e1-e64f-4669-aaf4-91a6479f2e6d,Daun Bawang segar Jawa Barat,660e8400-e29b-41d4-a716-446655440004,Bumbu & Rempah,online,11860,kg,5,68,Daun Bawang segar Jawa Barat berkualitas tinggi untuk kebutuhan dapur Anda,True,2025-10-08 11:16:14
41399e16-e777-404a-b0ef-e9d6c865d27e,Bawang Merah lokal,660e8400-e29b-41d4-a716-446655440004,Bumbu & Rempah,online,44174,kg,30,118,Bawang Merah lokal berkualitas tinggi untuk kebutuhan dapur Anda,True,2025-10-19 11:16:14
01a6179b-7799-45cf-ac69-497fe64b7e7f,Bawang Merah import,660e8400-e29b-41d4-a716-446655440004,Bumbu & Rempah,online,38477,kg,30,37,Bawang Merah import berkualitas tinggi untuk kebutuhan dapur Anda,True,2025-11-04 11:16:14
91124852-9680-4056-aabb-fc614d197ceb,Bawang Merah bima,660e8400-e29b-41d4-a716-446655440004,Bumbu & Rempah,online,42468,kg,30,102,Bawang Merah bima berkualitas tinggi untuk kebutuhan dapur Anda,True,2025-10-26 11:16:14
94498f23-c12d-47ff-946b-a924f6587005,Bawang Merah nganjuk,660e8400-e29b-41d4-a716-446655440004,Bumbu & Rempah,online,44340,kg,30,81,Bawang Merah nganjuk berkualitas tinggi untuk kebutuhan dapur Anda,True,2025-09-21 11:16:14
38f7a3d0-9499-483e-b174-2928bbb1ce67,Bawang Merah brebes,660e8400-e29b-41d4-a716-446655440004,Bumbu & Rempah,online,46612,kg,30,109,Bawang Merah brebes berkualitas tinggi untuk kebutuhan dapur Anda,True,2025-10-29 11:16:14
fc1a197f-0f44-4865-b151-d8d8e9855149,Bawang Merah lokal pilihan,660e8400-e29b-41d4-a716-446655440004,Bumbu & Rempah,online,46988,kg,30,69,Bawang Merah lokal pilihan berkualitas tinggi untuk kebutuhan dapur Anda,True,2025-09-06 11:16:14
f1df6ba0-ad88-4e00-8666-e19294b35961,Bawang Merah import Sumatera,660e8400-e29b-41d4-a716-446655440004,Bumbu & Rempah,online,37353,kg,30,112,Bawang Merah import Sumatera berkualitas tinggi untuk kebutuhan dapur Anda,True,2025-11-29 11:16:14
0e6985ad-a42d-411c-9b9b-1c32d9bd82b9,Kemiri kupas,660e8400-e29b-41d4-a716-446655440004,Bumbu & Rempah,online,59168,kg,180,89,Kemiri kupas berkualitas tinggi untuk kebutuhan dapur Anda,True,2025-11-03 11:16:14
1f207013-940e-42e2-8fe4-f5d1eeccddb3,Kemiri utuh,660e8400-e29b-41d4-a716-446655440004,Bumbu & Rempah,online,55631,kg,180,68,Kemiri utuh berkualitas tinggi untuk kebutuhan dapur Anda,True,2025-09-11 11:16:14
5919cfc6-6e24-4fe4-94a8-67601a47965b,Kemiri kupas beku,660e8400-e29b-41d4-a716-446655440004,Bumbu & Rempah,online,60815,kg,180,35,Kemiri kupas beku berkualitas tinggi untuk kebutuhan dapur Anda,True,2025-11-16 11:16:14
9f0214af-3615-4613-be01-aef5783ac889,Kemiri mini utuh,660e8400-e29b-41d4-a716-446655440004,Bumbu & Rempah,online,54768,kg,180,30,Kemiri mini utuh berkualitas tinggi untuk kebutuhan dapur Anda,True,2025-12-01 11:16:14
c19c887c-3aba-4702-bd5b-0a59c52c8563,Kemiri kupas super Jawa Barat,660e8400-e29b-41d4-a716-446655440004,Bumbu & Rempah,online,71914,kg,180,47,Kemiri kupas super Jawa Barat berkualitas tinggi untuk kebutuhan dapur Anda,True,2025-11-24 11:16:14
f7822776-d3c8-4bbe-b142-2d8fc893642c,Kemiri utuh special,660e8400-e29b-41d4-a716-446655440004,Bumbu & Rempah,online,64828,kg,180,92,Kemiri utuh special berkualitas tinggi untuk kebutuhan dapur Anda,True,2025-09-17 11:16:14
c97b2943-62a1-4b0d-92e3-caf691d70192,Kemiri kupas Jawa Tengah,660e8400-e29b-41d4-a716-446655440004,Bumbu & Rempah,online,58931,kg,180,74,Kemiri kupas Jawa Tengah berkualitas tinggi untuk kebutuhan dapur Anda,True,2025-09-27 11:16:14
45c24c48-23b2-45e4-92bd-541b965f65ed,Lada hitam,660e8400-e29b-41d4-a716-446655440004,Bumbu & Rempah,online,122142,kg,360,36,Lada hitam berkualitas tinggi untuk kebutuhan dapur Anda,True,2025-11-28 11:16:14
c8b20f2a-583b-43d8-b740-e204d7ff618c,Lada putih,660e8400-e29b-41d4-a716-446655440004,Bumbu & Rempah,online,109019,kg,360,78,Lada putih berkualitas tinggi untuk kebutuhan dapur Anda,True,2025-11-13 11:16:14
e275c85f-b6be-47ad-9cfa-07c989f885e4,Lada hijau,660e8400-e29b-41d4-a716-446655440004,Bumbu & Rempah,online,129515,kg,360,89,Lada hijau berkualitas tinggi untuk kebutuhan dapur Anda,True,2025-11-16 11:16:14
76207da4-b634-46d9-b59d-c6d88a215364,Lada bubuk hitam,660e8400-e29b-41d4-a716-446655440004,Bumbu & Rempah,online,122837,kg,360,115,Lada bubuk hitam berkualitas tinggi untuk kebutuhan dapur Anda,True,2025-09-06 11:16:14
66bac548-7718-4317-8815-11a2733a5ba5,Lada bubuk putih,660e8400-e29b-41d4-a716-446655440004,Bumbu & Rempah,online,115891,kg,360,97,Lada bubuk putih berkualitas tinggi untuk kebutuhan dapur Anda,True,2025-10-24 11:16:14
9e1b36ea-1c37-4e14-aa44-1a38c01b1cbe,Lada hitam special,660e8400-e29b-41d4-a716-446655440004,Bumbu & Rempah,online,136075,kg,360,95,Lada hitam special berkualitas tinggi untuk kebutuhan dapur Anda,True,2025-10-12 11:16:14
bd8dccd5-6045-4488-8e0d-e61d172b47f6,Lada putih Lampung,660e8400-e29b-41d4-a716-446655440004,Bumbu & Rempah,online,108368,kg,360,72,Lada putih Lampung berkualitas tinggi untuk kebutuhan dapur Anda,True,2025-10-25 11:16:14
e9793618-0670-44b8-8574-cfaf7bc30702,Ketumbar bubuk,660e8400-e29b-41d4-a716-446655440004,Bumbu & Rempah,online,25207,kg,180,32,Ketumbar bubuk berkualitas tinggi untuk kebutuhan dapur Anda,True,2025-09-08 11:16:14
f45da04e-2c4e-481a-a7f9-031cefc3dd95,Ketumbar biji,660e8400-e29b-41d4-a716-446655440004,Bumbu & Rempah,online,21800,kg,180,82,Ketumbar biji berkualitas tinggi untuk kebutuhan dapur Anda,True,2025-11-29 11:16:14
97440c60-b28b-4477-b193-a4368d699710,Ketumbar sangrai,660e8400-e29b-41d4-a716-446655440004,Bumbu & Rempah,online,24241,kg,180,45,Ketumbar sangrai berkualitas tinggi untuk kebutuhan dapur Anda,True,2025-11-20 11:16:14
8be1a225-6209-4be7-af7e-7ec96c645246,Ketumbar jumbo bubuk,660e8400-e29b-41d4-a716-446655440004,Bumbu & Rempah,online,24609,kg,180,111,Ketumbar jumbo bubuk berkualitas tinggi untuk kebutuhan dapur Anda,True,2025-10-22 11:16:14
e458c871-efa5-4533-af54-dbd3c8880871,Ketumbar biji premium Jawa Timur,660e8400-e29b-41d4-a716-446655440004,Bumbu & Rempah,online,27439,kg,180,44,Ketumbar biji premium Jawa Timur berkualitas tinggi untuk kebutuhan dapur Anda,True,2025-09-13 11:16:14
be22faff-64fd-4891-8d50-400fb5b193c9,Ketumbar sangrai reguler,660e8400-e29b-41d4-a716-446655440004,Bumbu & Rempah,online,25171,kg,180,95,Ketumbar sangrai reguler berkualitas tinggi untuk kebutuhan dapur Anda,True,2025-10-13 11:16:14
aeef524a-d3d9-40fc-9630-cada6809477a,Ketumbar bubuk Jawa Tengah,660e8400-e29b-41d4-a716-446655440004,Bumbu & Rempah,online,24570,kg,180,48,Ketumbar bubuk Jawa Tengah berkualitas tinggi untuk kebutuhan dapur Anda,True,2025-11-06 11:16:14
a2e20154-6da9-457d-bbbf-44e82e8c8f72,Jintan biji,660e8400-e29b-41d4-a716-446655440004,Bumbu & Rempah,online,35020,kg,180,76,Jintan biji berkualitas tinggi untuk kebutuhan dapur Anda,True,2025-11-04 11:16:14
fd99f4ef-d816-4a6c-ba88-5ad23809f4b5,Jintan bubuk,660e8400-e29b-41d4-a716-446655440004,Bumbu & Rempah,online,37882,kg,180,50,Jintan bubuk berkualitas tinggi untuk kebutuhan dapur Anda,True,2025-10-07 11:16:14
ee65457f-7edb-4ee3-923c-4435986d1937,Jintan biji frozen,660e8400-e29b-41d4-a716-446655440004,Bumbu & Rempah,online,35660,kg,180,50,Jintan biji frozen berkualitas tinggi untuk kebutuhan dapur Anda,True,2025-09-03 11:16:14
0164235b-f43c-4af8-92a0-58ca313e8778,Jintan kecil bubuk,660e8400-e29b-41d4-a716-446655440004,Bumbu & Rempah,online,38130,kg,180,100,Jintan kecil bubuk berkualitas tinggi untuk kebutuhan dapur Anda,True,2025-09-03 11:16:14
d45fd125-acb6-4c24-9a85-e69ac111e7a9,Jintan biji premium Lampung,660e8400-e29b-41d4-a716-446655440004,Bumbu & Rempah,online,47145,kg,180,40,Jintan biji premium Lampung berkualitas tinggi untuk kebutuhan dapur Anda,True,2025-10-25 11:16:14
2b84c389-7269-43c0-b5b4-8eb6a74e924a,Jintan bubuk pilihan,660e8400-e29b-41d4-a716-446655440004,Bumbu & Rempah,online,39950,kg,180,82,Jintan bubuk pilihan berkualitas tinggi untuk kebutuhan dapur Anda,True,2025-09-21 11:16:14
848feb49-0ee9-4e25-acf6-4f565983f042,Jintan biji Kalimantan,660e8400-e29b-41d4-a716-446655440004,Bumbu & Rempah,online,35207,kg,180,107,Jintan biji Kalimantan berkualitas tinggi untuk kebutuhan dapur Anda,True,2025-11-08 11:16:14
43d05350-1535-4729-a8c0-73d51311fa9c,Pala utuh,660e8400-e29b-41d4-a716-446655440004,Bumbu & Rempah,online,79724,kg,360,64,Pala utuh berkualitas tinggi untuk kebutuhan dapur Anda,True,2025-09-20 11:16:14
14c1a4e1-d558-4099-ad1b-4ede1b20ff50,Pala bubuk,660e8400-e29b-41d4-a716-446655440004,Bumbu & Rempah,online,84946,kg,360,70,Pala bubuk berkualitas tinggi untuk kebutuhan dapur Anda,True,2025-11-21 11:16:14
4262bcf7-8811-4f56-be84-d953f4273f19,Pala utuh chilled,660e8400-e29b-41d4-a716-446655440004,Bumbu & Rempah,online,79959,kg,360,73,Pala utuh chilled berkualitas tinggi untuk kebutuhan dapur Anda,True,2025-11-11 11:16:14
e0843fc7-ceff-4e2a-9776-7b3c7c2dbe48,Pala kecil bubuk,660e8400-e29b-41d4-a716-446655440004,Bumbu & Rempah,online,84183,kg,360,69,Pala kecil bubuk berkualitas tinggi untuk kebutuhan dapur Anda,True,2025-09-30 11:16:14
6b7b602c-e4f7-4c4f-b36b-4a90a1249867,Pala utuh pilihan Lampung,660e8400-e29b-41d4-a716-446655440004,Bumbu & Rempah,online,85305,kg,360,93,Pala utuh pilihan Lampung berkualitas tinggi untuk kebutuhan dapur Anda,True,2025-09-17 11:16:14
ceedbe24-7a78-4704-a232-bc08a42fd374,Pala bubuk pilihan,660e8400-e29b-41d4-a716-446655440004,Bumbu & Rempah,online,92851,kg,360,49,Pala bubuk pilihan berkualitas tinggi untuk kebutuhan dapur Anda,True,2025-11-03 11:16:14
05e41978-c3ce-447a-a553-9617c893ed9a,Cengkeh kering,660e8400-e29b-41d4-a716-446655440004,Bumbu & Rempah,online,148630,kg,360,117,Cengkeh kering berkualitas tinggi untuk kebutuhan dapur Anda,True,2025-11-24 11:16:14
45307457-1380-4dcd-83e8-eb24fba03a91,Cengkeh bubuk,660e8400-e29b-41d4-a716-446655440004,Bumbu & Rempah,online,159915,kg,360,97,Cengkeh bubuk berkualitas tinggi untuk kebutuhan dapur Anda,True,2025-10-24 11:16:14
8c882f5f-5bb1-4ab1-9ec3-3440a8f897dd,Cengkeh kering chilled,660e8400-e29b-41d4-a716-446655440004,Bumbu & Rempah,online,147442,kg,360,34,Cengkeh kering chilled berkualitas tinggi untuk kebutuhan dapur Anda,True,2025-09-14 11:16:14
9fedff09-6247-4d85-a13f-059d9a01c215,Cengkeh sedang bubuk,660e8400-e29b-41d4-a716-446655440004,Bumbu & Rempah,online,159983,kg,360,32,Cengkeh sedang bubuk berkualitas tinggi untuk kebutuhan dapur Anda,True,2025-11-11 11:16:14
8ffcb01b-4fe8-464b-824e-49a1ccf8fa93,Cengkeh kering super Jawa Tengah,660e8400-e29b-41d4-a716-446655440004,Bumbu & Rempah,online,179548,kg,360,101,Cengkeh kering super Jawa Tengah berkualitas tinggi untuk kebutuhan dapur Anda,True,2025-09-20 11:16:14
1f468438-88fa-4cad-9a16-16e070c42495,Cengkeh bubuk ekonomis,660e8400-e29b-41d4-a716-446655440004,Bumbu & Rempah,online,138589,kg,360,80,Cengkeh bubuk ekonomis berkualitas tinggi untuk kebutuhan dapur Anda,True,2025-09-04 11:16:14
657fa5e6-9453-4775-8528-234cd3a7774d,Kentang granola,660e8400-e29b-41d4-a716-446655440005,Sayuran,online,20042,kg,14,62,Kentang granola berkualitas tinggi untuk kebutuhan dapur Anda,True,2025-09-13 11:16:14
c93e5526-f306-44d9-83fc-bfd978510001,Kentang lokal dieng,660e8400-e29b-41d4-a716-446655440005,Sayuran,online,17033,kg,14,119,Kentang lokal dieng berkualitas tinggi untuk kebutuhan dapur Anda,True,2025-11-23 11:16:14
f9385d8a-4a2a-4f5a-a67f-3e1da8099b1f,Kentang biasa,660e8400-e29b-41d4-a716-446655440005,Sayuran,online,18023,kg,14,101,Kentang biasa berkualitas tinggi untuk kebutuhan dapur Anda,True,2025-11-10 11:16:14
1d75abb9-80e8-4eef-a03b-624fab94921f,Kentang atlantik,660e8400-e29b-41d4-a716-446655440005,Sayuran,online,18809,kg,14,49,Kentang atlantik berkualitas tinggi untuk kebutuhan dapur Anda,True,2025-11-17 11:16:14
fd461e21-7815-4e20-9dd1-48c7f3ab32c3,Kentang merah,660e8400-e29b-41d4-a716-446655440005,Sayuran,online,21007,kg,14,83,Kentang merah berkualitas tinggi untuk kebutuhan dapur Anda,True,2025-09-05 11:16:14
ec9dceab-97c3-4929-a305-0fbaa366440f,Kentang granola pilihan,660e8400-e29b-41d4-a716-446655440005,Sayuran,online,23336,kg,14,117,Kentang granola pilihan berkualitas tinggi untuk kebutuhan dapur Anda,True,2025-09-13 11:16:14
9e30aad7-e39b-4fca-9547-576d31fe7410,Kentang lokal dieng Jawa Tengah,660e8400-e29b-41d4-a716-446655440005,Sayuran,online,16778,kg,14,96,Kentang lokal dieng Jawa Tengah berkualitas tinggi untuk kebutuhan dapur Anda,True,2025-10-04 11:16:14
99797081-dea0-49c8-a06c-daf81e1fb4a5,Kentang biasa frozen,660e8400-e29b-41d4-a716-446655440005,Sayuran,online,18216,kg,14,47,Kentang biasa frozen berkualitas tinggi untuk kebutuhan dapur Anda,True,2025-10-01 11:16:14
6b5306f8-2f2c-45d8-a426-c0d9b9b8ed12,Kentang jumbo atlantik,660e8400-e29b-41d4-a716-446655440005,Sayuran,online,18781,kg,14,63,Kentang jumbo atlantik berkualitas tinggi untuk kebutuhan dapur Anda,True,2025-11-05 11:16:14
7fac57cb-adaa-4646-abe4-0eaa8f999878,Pete segar,660e8400-e29b-41d4-a716-446655440005,Sayuran,online,30086,ikat,3,50,Pete segar berkualitas tinggi untuk kebutuhan dapur Anda,True,2025-11-05 11:16:14
801a4e14-340d-4423-b55e-fba4d8c0c88a,Pete kupas,660e8400-e29b-41d4-a716-446655440005,Sayuran,online,34445,ikat,3,45,Pete kupas berkualitas tinggi untuk kebutuhan dapur Anda,True,2025-10-18 11:16:14
ad715502-461f-4a97-9dae-8effc1c4a453,Pete premium,660e8400-e29b-41d4-a716-446655440005,Sayuran,online,37587,ikat,3,96,Pete premium berkualitas tinggi untuk kebutuhan dapur Anda,True,2025-10-24 11:16:14
b15cc52d-5492-4962-ab51-e2e29dc57f17,Pete jumbo segar,660e8400-e29b-41d4-a716-446655440005,Sayuran,online,30096,ikat,3,116,Pete jumbo segar berkualitas tinggi untuk kebutuhan dapur Anda,True,2025-10-04 11:16:14
f0dbff88-e91b-4434-b93d-ead865ed4d02,Pete kupas pilihan Jawa Timur,660e8400-e29b-41d4-a716-446655440005,Sayuran,online,40257,ikat,3,101,Pete kupas pilihan Jawa Timur berkualitas tinggi untuk kebutuhan dapur Anda,True,2025-10-31 11:16:14
1a93ba93-907b-4b61-8ce6-d034048dbfed,Pete premium reguler,660e8400-e29b-41d4-a716-446655440005,Sayuran,online,38771,ikat,3,52,Pete premium reguler berkualitas tinggi untuk kebutuhan dapur Anda,True,2025-11-28 11:16:14
41e5ddd1-36ab-4fa7-abfe-39adee587a8d,Pete segar Sumatera,660e8400-e29b-41d4-a716-446655440005,Sayuran,online,29558,ikat,3,36,Pete segar Sumatera berkualitas tinggi untuk kebutuhan dapur Anda,True,2025-11-30 11:16:14
b37c3d2d-ec81-4d48-b701-e97f467e24be,Pete kupas fresh,660e8400-e29b-41d4-a716-446655440005,Sayuran,online,35683,ikat,3,113,Pete kupas fresh berkualitas tinggi untuk kebutuhan dapur Anda,True,2025-10-08 11:16:14
a2cfa3f5-2c4d-4aff-9c4b-b4a14b9d35df,Wortel segar,660e8400-e29b-41d4-a716-446655440005,Sayuran,online,14170,kg,14,48,Wortel segar berkualitas tinggi untuk kebutuhan dapur Anda,True,2025-10-15 11:16:14
bad0cfe9-c84e-4cdd-913e-bd78f8ff9b6e,Wortel organik,660e8400-e29b-41d4-a716-446655440005,Sayuran,online,16070,kg,14,118,Wortel organik berkualitas tinggi untuk kebutuhan dapur Anda,True,2025-10-25 11:16:14
09b6c67a-615b-490f-ba7e-4c361d185f66,Wortel hidroponik,660e8400-e29b-41d4-a716-446655440005,Sayuran,online,17885,kg,14,98,Wortel hidroponik berkualitas tinggi untuk kebutuhan dapur Anda,True,2025-09-10 11:16:14
898de237-63c7-4130-9d51-04efa1077aac,Wortel impor,660e8400-e29b-41d4-a716-446655440005,Sayuran,online,20233,kg,14,37,Wortel impor berkualitas tinggi untuk kebutuhan dapur Anda,True,2025-10-06 11:16:14
8f754b99-94c8-4820-935e-503c4ab239cd,Wortel segar pilihan Lampung,660e8400-e29b-41d4-a716-446655440005,Sayuran,online,16048,kg,14,62,Wortel segar pilihan Lampung berkualitas tinggi untuk kebutuhan dapur Anda,True,2025-10-21 11:16:14
22e1aaed-731d-4ab2-819c-cf64e083376d,Wortel organik pilihan,660e8400-e29b-41d4-a716-446655440005,Sayuran,online,17706,kg,14,103,Wortel organik pilihan berkualitas tinggi untuk kebutuhan dapur Anda,True,2025-09-24 11:16:14
61f97acf-0265-4c93-9587-00e6125193d0,Wortel hidroponik Jawa Timur,660e8400-e29b-41d4-a716-446655440005,Sayuran,online,18036,kg,14,51,Wortel hidroponik Jawa Timur berkualitas tinggi untuk kebutuhan dapur Anda,True,2025-10-30 11:16:14
199a8c72-4f6f-41e5-bd1b-c26bc4b02c66,Wortel impor fresh,660e8400-e29b-41d4-a716-446655440005,Sayuran,online,20172,kg,14,91,Wortel impor fresh berkualitas tinggi untuk kebutuhan dapur Anda,True,2025-11-15 11:16:14
f4a1b72a-12db-4746-91ac-5d0a8d562966,Jagung Manis pipilan,660e8400-e29b-41d4-a716-446655440005,Sayuran,online,9818,kg,3,93,Jagung Manis pipilan berkualitas tinggi untuk kebutuhan dapur Anda,True,2025-09-19 11:16:14
8c93fcb0-e794-47ca-8c86-f8c6afb4d6d8,Jagung Manis tongkol,660e8400-e29b-41d4-a716-446655440005,Sayuran,online,8001,kg,3,49,Jagung Manis tongkol berkualitas tinggi untuk kebutuhan dapur Anda,True,2025-11-30 11:16:14
a92844cc-9f90-4c30-b8a1-feb40968925b,Jagung Manis super sweet,660e8400-e29b-41d4-a716-446655440005,Sayuran,online,11870,kg,3,97,Jagung Manis super sweet berkualitas tinggi untuk kebutuhan dapur Anda,True,2025-11-14 11:16:14
a7a25311-392a-40b8-ad41-ff83ffa2ca40,Jagung Manis besar pipilan,660e8400-e29b-41d4-a716-446655440005,Sayuran,online,9954,kg,3,72,Jagung Manis besar pipilan berkualitas tinggi untuk kebutuhan dapur Anda,True,2025-10-16 11:16:14
e3991dc8-d0ba-4400-b19f-6f20269b336a,Jagung Manis tongkol pilihan Lampung,660e8400-e29b-41d4-a716-446655440005,Sayuran,online,8755,kg,3,52,Jagung Manis tongkol pilihan Lampung berkualitas tinggi untuk kebutuhan dapur Anda,True,2025-11-29 11:16:14
4a565107-31e9-41b6-9780-68173f776c36,Jagung Manis super sweet reguler,660e8400-e29b-41d4-a716-446655440005,Sayuran,online,12238,kg,3,109,Jagung Manis super sweet reguler berkualitas tinggi untuk kebutuhan dapur Anda,True,2025-09-08 11:16:14
3874bcda-19fc-4693-98f7-dbc32477995d,Jagung Manis pipilan Jawa Barat,660e8400-e29b-41d4-a716-446655440005,Sayuran,online,9935,kg,3,93,Jagung Manis pipilan Jawa Barat berkualitas tinggi untuk kebutuhan dapur Anda,True,2025-11-20 11:16:14
985f4c7d-2a73-4e9c-9715-53a6f85b6065,Jagung Manis tongkol fresh,660e8400-e29b-41d4-a716-446655440005,Sayuran,online,7933,kg,3,105,Jagung Manis tongkol fresh berkualitas tinggi untuk kebutuhan dapur Anda,True,2025-11-30 11:16:14
fa7ce873-3b65-4952-b607-db2698578fbc,Jagung Pipilan kering,660e8400-e29b-41d4-a716-446655440005,Sayuran,online,12042,kg,30,69,Jagung Pipilan kering berkualitas tinggi untuk kebutuhan dapur Anda,True,2025-11-22 11:16:14
383323c4-41af-417a-8f2d-d4cb54c7bf9d,Jagung Pipilan basah,660e8400-e29b-41d4-a716-446655440005,Sayuran,online,10196,kg,30,98,Jagung Pipilan basah berkualitas tinggi untuk kebutuhan dapur Anda,True,2025-09-21 11:16:14
e034dd96-b942-4fc7-b699-72526469191e,Jagung Pipilan kering chilled,660e8400-e29b-41d4-a716-446655440005,Sayuran,online,12164,kg,30,41,Jagung Pipilan kering chilled berkualitas tinggi untuk kebutuhan dapur Anda,True,2025-09-11 11:16:14
f9272de3-3fc4-40fd-ae02-2243034dfb2e,Jagung Pipilan besar basah,660e8400-e29b-41d4-a716-446655440005,Sayuran,online,10061,kg,30,91,Jagung Pipilan besar basah berkualitas tinggi untuk kebutuhan dapur Anda,True,2025-09-11 11:16:14
dc107cfb-85ef-4799-ab6e-58a7d0791a90,Jagung Pipilan kering premium Jawa Timur,660e8400-e29b-41d4-a716-446655440005,Sayuran,online,14824,kg,30,86,Jagung Pipilan kering premium Jawa Timur berkualitas tinggi untuk kebutuhan dapur Anda,True,2025-11-09 11:16:14
42188e27-b40f-4e9e-b97e-1b6f39bfd40e,Jagung Pipilan basah special,660e8400-e29b-41d4-a716-446655440005,Sayuran,online,11771,kg,30,34,Jagung Pipilan basah special berkualitas tinggi untuk kebutuhan dapur Anda,True,2025-10-06 11:16:14
08a99e6d-aace-41d4-af24-ab61f08deeb7,Jagung Pipilan kering Sumatera,660e8400-e29b-41d4-a716-446655440005,Sayuran,online,12158,kg,30,105,Jagung Pipilan kering Sumatera berkualitas tinggi untuk kebutuhan dapur Anda,True,2025-09-14 11:16:14
3301bbcd-25a8-497c-9a7f-252a2be6efc6,Jagung Pipilan basah beku,660e8400-e29b-41d4-a716-446655440005,Sayuran,online,10136,kg,30,61,Jagung Pipilan basah beku berkualitas tinggi untuk kebutuhan dapur Anda,True,2025-11-23 11:16:14
7f65678b-7d72-416e-a44a-c51eed2e8447,Ketela Pohon segar,660e8400-e29b-41d4-a716-446655440005,Sayuran,online,4904,kg,7,118,Ketela Pohon segar berkualitas tinggi untuk kebutuhan dapur Anda,True,2025-11-12 11:16:14
3f05facc-5681-46dc-9e30-d3515f7a8240,Ketela Pohon premium,660e8400-e29b-41d4-a716-446655440005,Sayuran,online,6065,kg,7,47,Ketela Pohon premium berkualitas tinggi untuk kebutuhan dapur Anda,True,2025-11-27 11:16:14
19b2802a-d972-4698-be42-0dff3ec0366e,Ketela Pohon segar chilled,660e8400-e29b-41d4-a716-446655440005,Sayuran,online,4907,kg,7,76,Ketela Pohon segar chilled berkualitas tinggi untuk kebutuhan dapur Anda,True,2025-11-21 11:16:14
c406bce9-9f0a-4b6a-9bb8-8c278783e1e8,Ketela Pohon besar premium,660e8400-e29b-41d4-a716-446655440005,Sayuran,online,6044,kg,7,42,Ketela Pohon besar premium berkualitas tinggi untuk kebutuhan dapur Anda,True,2025-09-23 11:16:14
04d6afc1-cfe9-429f-944a-a7914e260e29,Ketela Pohon segar super Jawa Barat,660e8400-e29b-41d4-a716-446655440005,Sayuran,online,5681,kg,7,79,Ketela Pohon segar super Jawa Barat berkualitas tinggi untuk kebutuhan dapur Anda,True,2025-09-10 11:16:14
e354b469-a25e-4fb9-abff-f2e54190e229,Ketela Pohon premium ekonomis,660e8400-e29b-41d4-a716-446655440005,Sayuran,online,4961,kg,7,64,Ketela Pohon premium ekonomis berkualitas tinggi untuk kebutuhan dapur Anda,True,2025-09-04 11:16:14
4632c95b-43c6-4a12-bd34-c35c095e8aef,Ketela Pohon segar Bali,660e8400-e29b-41d4-a716-446655440005,Sayuran,online,5083,kg,7,71,Ketela Pohon segar Bali berkualitas tinggi untuk kebutuhan dapur Anda,True,2025-10-24 11:16:14
2a37597b-3cb6-4562-990e-a88501e9f261,Ketela Pohon premium chilled,660e8400-e29b-41d4-a716-446655440005,Sayuran,online,6038,kg,7,92,Ketela Pohon premium chilled berkualitas tinggi untuk kebutuhan dapur Anda,True,2025-10-29 11:16:14
df7b4737-8860-4730-8302-4f9a7e4db3ae,Kol/Kubis putih,660e8400-e29b-41d4-a716-446655440005,Sayuran,online,6894,kg,7,49,Kol/Kubis putih berkualitas tinggi untuk kebutuhan dapur Anda,True,2025-11-19 11:16:14
3700e5d0-d8b1-4dbf-bd41-440333128f7d,Kol/Kubis ungu,660e8400-e29b-41d4-a716-446655440005,Sayuran,online,8852,kg,7,95,Kol/Kubis ungu berkualitas tinggi untuk kebutuhan dapur Anda,True,2025-10-25 11:16:14
fb8476d5-920e-4929-aff9-e90ce5da7154,Kol/Kubis mini,660e8400-e29b-41d4-a716-446655440005,Sayuran,online,11126,kg,7,40,Kol/Kubis mini berkualitas tinggi untuk kebutuhan dapur Anda,True,2025-09-22 11:16:14
2487449d-023c-4661-9098-b975a75ab530,Kol/Kubis hidroponik,660e8400-e29b-41d4-a716-446655440005,Sayuran,online,13009,kg,7,38,Kol/Kubis hidroponik berkualitas tinggi untuk kebutuhan dapur Anda,True,2025-09-24 11:16:14
1cff7356-8983-433b-9074-b2ab8b0c919f,Kol/Kubis putih super Jawa Barat,660e8400-e29b-41d4-a716-446655440005,Sayuran,online,8188,kg,7,80,Kol/Kubis putih super Jawa Barat berkualitas tinggi untuk kebutuhan dapur Anda,True,2025-10-30 11:16:14
870ef7ec-e9f9-4750-b92d-88b7e3d44100,Kol/Kubis ungu ekonomis,660e8400-e29b-41d4-a716-446655440005,Sayuran,online,7658,kg,7,81,Kol/Kubis ungu ekonomis berkualitas tinggi untuk kebutuhan dapur Anda,True,2025-12-01 11:16:14
5a1d39fa-54c8-4b8a-a3d8-bb632a947697,Kol/Kubis mini Jawa Barat,660e8400-e29b-41d4-a716-446655440005,Sayuran,online,11162,kg,7,67,Kol/Kubis mini Jawa Barat berkualitas tinggi untuk kebutuhan dapur Anda,True,2025-11-16 11:16:14
9e7213b7-c70b-4b35-8b9a-bf8144b14519,Kol/Kubis hidroponik segar pagi,660e8400-e29b-41d4-a716-446655440005,Sayuran,online,12930,kg,7,44,Kol/Kubis hidroponik segar pagi berkualitas tinggi untuk kebutuhan dapur Anda,True,2025-09-17 11:16:14
79a3da52-7e8b-42fd-a454-be4ac60cacc6,Bayam merah,660e8400-e29b-41d4-a716-446655440005,Sayuran,online,7879,kg,2,96,Bayam merah berkualitas tinggi untuk kebutuhan dapur Anda,True,2025-09-08 11:16:14
63eb57a5-9924-4ff6-9c64-efd2cd416cdf,Bayam hijau,660e8400-e29b-41d4-a716-446655440005,Sayuran,online,7092,kg,2,41,Bayam hijau berkualitas tinggi untuk kebutuhan dapur Anda,True,2025-11-08 11:16:14
185c1d63-b1a4-410a-8139-bb27431c4a94,Bayam hidroponik merah,660e8400-e29b-41d4-a716-446655440005,Sayuran,online,9941,kg,2,101,Bayam hidroponik merah berkualitas tinggi untuk kebutuhan dapur Anda,True,2025-10-29 11:16:14
25955921-46f0-4460-8816-371416bbfac1,Bayam hidroponik hijau,660e8400-e29b-41d4-a716-446655440005,Sayuran,online,9004,kg,2,89,Bayam hidroponik hijau berkualitas tinggi untuk kebutuhan dapur Anda,True,2025-10-15 11:16:14
1d1af34b-9500-445d-b537-3a36abb20085,Bayam merah premium Jawa Timur,660e8400-e29b-41d4-a716-446655440005,Sayuran,online,10100,kg,2,82,Bayam merah premium Jawa Timur berkualitas tinggi untuk kebutuhan dapur Anda,True,2025-09-09 11:16:14
5900455b-ade7-4167-bded-85ca7964e0ee,Bayam hijau ekonomis,660e8400-e29b-41d4-a716-446655440005,Sayuran,online,6310,kg,2,112,Bayam hijau ekonomis berkualitas tinggi untuk kebutuhan dapur Anda,True,2025-09-03 11:16:14
7275384a-1998-4e26-ac35-7455073c0668,Bayam hidroponik merah Bali,660e8400-e29b-41d4-a716-446655440005,Sayuran,online,10172,kg,2,52,Bayam hidroponik merah Bali berkualitas tinggi untuk kebutuhan dapur Anda,True,2025-10-14 11:16:14
1748824f-c015-4e60-8091-c8f13d6cc9e9,Bayam hidroponik hijau fresh,660e8400-e29b-41d4-a716-446655440005,Sayuran,online,9170,kg,2,108,Bayam hidroponik hijau fresh berkualitas tinggi untuk kebutuhan dapur Anda,True,2025-10-12 11:16:14
bbc38ef1-6222-4c30-ad5d-a91d4d79d869,Kangkung air,660e8400-e29b-41d4-a716-446655440005,Sayuran,online,5918,kg,2,38,Kangkung air berkualitas tinggi untuk kebutuhan dapur Anda,True,2025-09-13 11:16:14
4033261b-4c24-408f-9f3e-37b344f38dc8,Kangkung darat,660e8400-e29b-41d4-a716-446655440005,Sayuran,online,5028,kg,2,86,Kangkung darat berkualitas tinggi untuk kebutuhan dapur Anda,True,2025-11-05 11:16:14
d7dd6c0f-d3d0-44f5-9e24-2c7280937325,Kangkung hidroponik,660e8400-e29b-41d4-a716-446655440005,Sayuran,online,8117,kg,2,99,Kangkung hidroponik berkualitas tinggi untuk kebutuhan dapur Anda,True,2025-10-12 11:16:14
431efd4b-eb2e-4c70-9026-54efeadb592d,Kangkung organik,660e8400-e29b-41d4-a716-446655440005,Sayuran,online,9019,kg,2,67,Kangkung organik berkualitas tinggi untuk kebutuhan dapur Anda,True,2025-11-27 11:16:14
f4e4f71a-63f9-401b-83dd-35aed3da2661,Kangkung air pilihan Jawa Tengah,660e8400-e29b-41d4-a716-446655440005,Sayuran,online,6804,kg,2,69,Kangkung air pilihan Jawa Tengah berkualitas tinggi untuk kebutuhan dapur Anda,True,2025-10-14 11:16:14
8b663b00-258e-41dc-b7ef-81db09a8be9d,Kangkung darat ekonomis,660e8400-e29b-41d4-a716-446655440005,Sayuran,online,4679,kg,2,98,Kangkung darat ekonomis berkualitas tinggi untuk kebutuhan dapur Anda,True,2025-11-22 11:16:14
8abd4032-23e6-4f7a-a984-abd5222fd3b7,Kangkung hidroponik Sumatera,660e8400-e29b-41d4-a716-446655440005,Sayuran,online,7934,kg,2,57,Kangkung hidroponik Sumatera berkualitas tinggi untuk kebutuhan dapur Anda,True,2025-10-16 11:16:14
e4c28e6e-2c1c-44ca-909c-e7adc9cd43f7,Kangkung organik fresh,660e8400-e29b-41d4-a716-446655440005,Sayuran,online,8924,kg,2,111,Kangkung organik fresh berkualitas tinggi untuk kebutuhan dapur Anda,True,2025-11-20 11:16:14
e5d5ea69-7ddb-46a3-8e6e-f9be267e9943,Terong ungu,660e8400-e29b-41d4-a716-446655440005,Sayuran,online,7134,kg,5,42,Terong ungu berkualitas tinggi untuk kebutuhan dapur Anda,True,2025-10-10 11:16:14
c6786912-92f6-4566-9ff5-79d35dda586f,Terong hijau,660e8400-e29b-41d4-a716-446655440005,Sayuran,online,6045,kg,5,110,Terong hijau berkualitas tinggi untuk kebutuhan dapur Anda,True,2025-10-28 11:16:14
4ae67d77-1836-43ac-adfa-a703ffef5cb1,Terong bulat,660e8400-e29b-41d4-a716-446655440005,Sayuran,online,7913,kg,5,94,Terong bulat berkualitas tinggi untuk kebutuhan dapur Anda,True,2025-09-24 11:16:14
e6f1c672-75af-4928-a4d6-5620a8f915da,Terong lalap,660e8400-e29b-41d4-a716-446655440005,Sayuran,online,7398,kg,5,65,Terong lalap berkualitas tinggi untuk kebutuhan dapur Anda,True,2025-11-30 11:16:14
f3a65c22-2412-4928-9215-c3c877c199fd,Terong ungu pilihan Jawa Tengah,660e8400-e29b-41d4-a716-446655440005,Sayuran,online,7696,kg,5,40,Terong ungu pilihan Jawa Tengah berkualitas tinggi untuk kebutuhan dapur Anda,True,2025-11-25 11:16:14
0c012ed2-da9a-4875-befe-7f0f58c90e15,Terong hijau premium,660e8400-e29b-41d4-a716-446655440005,Sayuran,online,7952,kg,5,52,Terong hijau premium berkualitas tinggi untuk kebutuhan dapur Anda,True,2025-11-21 11:16:14
3d034ecc-4f54-4f5e-9c9e-c3299e1e71f0,Terong bulat Lampung,660e8400-e29b-41d4-a716-446655440005,Sayuran,online,8051,kg,5,50,Terong bulat Lampung berkualitas tinggi untuk kebutuhan dapur Anda,True,2025-11-05 11:16:14
86d3b12c-cad1-4126-a2e2-d1bc40fd9233,Terong lalap fresh,660e8400-e29b-41d4-a716-446655440005,Sayuran,online,7452,kg,5,41,Terong lalap fresh berkualitas tinggi untuk kebutuhan dapur Anda,True,2025-11-25 11:16:14
e9948213-f487-4a49-aa95-fef1db040c32,Labu Siam segar,660e8400-e29b-41d4-a716-446655440005,Sayuran,online,7938,kg,14,108,Labu Siam segar berkualitas tinggi untuk kebutuhan dapur Anda,True,2025-11-15 11:16:14
2a0059d3-11b5-4357-99d8-fcff7a831446,Labu Siam premium,660e8400-e29b-41d4-a716-446655440005,Sayuran,online,8973,kg,14,92,Labu Siam premium berkualitas tinggi untuk kebutuhan dapur Anda,True,2025-09-12 11:16:14
d3c20b46-18aa-44c7-95ce-85fb918310c1,Labu Siam segar frozen,660e8400-e29b-41d4-a716-446655440005,Sayuran,online,7912,kg,14,83,Labu Siam segar frozen berkualitas tinggi untuk kebutuhan dapur Anda,True,2025-12-01 11:16:14
8f858664-2e6e-4cd5-b937-366f20f6e292,Labu Siam besar premium,660e8400-e29b-41d4-a716-446655440005,Sayuran,online,9036,kg,14,82,Labu Siam besar premium berkualitas tinggi untuk kebutuhan dapur Anda,True,2025-09-12 11:16:14
c03efbda-0a99-482a-9438-40c764bfc9e1,Labu Siam segar pilihan Jawa Timur,660e8400-e29b-41d4-a716-446655440005,Sayuran,online,8391,kg,14,115,Labu Siam segar pilihan Jawa Timur berkualitas tinggi untuk kebutuhan dapur Anda,True,2025-10-28 11:16:14
fe9a1517-9a86-4485-b674-1001c0a94aee,Labu Siam premium reguler,660e8400-e29b-41d4-a716-446655440005,Sayuran,online,8958,kg,14,111,Labu Siam premium reguler berkualitas tinggi untuk kebutuhan dapur Anda,True,2025-09-09 11:16:14
83da6217-4b65-4bcb-9f29-cbb9f26bb35d,Labu Siam segar Bali,660e8400-e29b-41d4-a716-446655440005,Sayuran,online,7845,kg,14,61,Labu Siam segar Bali berkualitas tinggi untuk kebutuhan dapur Anda,True,2025-11-05 11:16:14
28171d71-b535-48e7-a879-b34f23e268b1,Labu Siam premium segar pagi,660e8400-e29b-41d4-a716-446655440005,Sayuran,online,8837,kg,14,78,Labu Siam premium segar pagi berkualitas tinggi untuk kebutuhan dapur Anda,True,2025-11-13 11:16:14
046c6226-60d7-42d6-80af-98b94612c664,Buncis segar,660e8400-e29b-41d4-a716-446655440005,Sayuran,online,12218,kg,5,31,Buncis segar berkualitas tinggi untuk kebutuhan dapur Anda,True,2025-10-27 11:16:14
7ae29f66-d646-4362-ad84-9cb15f5482ce,Buncis premium,660e8400-e29b-41d4-a716-446655440005,Sayuran,online,13797,kg,5,37,Buncis premium berkualitas tinggi untuk kebutuhan dapur Anda,True,2025-10-04 11:16:14
0e7a29af-4d47-4133-b1e9-4ee491f2dd2f,Buncis hidroponik,660e8400-e29b-41d4-a716-446655440005,Sayuran,online,15999,kg,5,102,Buncis hidroponik berkualitas tinggi untuk kebutuhan dapur Anda,True,2025-10-30 11:16:14
3897c98e-c89b-4f25-8618-3808266d0c63,Buncis besar segar,660e8400-e29b-41d4-a716-446655440005,Sayuran,online,12030,kg,5,100,Buncis besar segar berkualitas tinggi untuk kebutuhan dapur Anda,True,2025-11-06 11:16:14
87836d30-4977-4f61-b7d8-7613b1d3a382,Buncis premium super Jawa Barat,660e8400-e29b-41d4-a716-446655440005,Sayuran,online,17224,kg,5,113,Buncis premium super Jawa Barat berkualitas tinggi untuk kebutuhan dapur Anda,True,2025-09-15 11:16:14
38139481-9a8b-4bfb-b5cf-996caebfc77d,Buncis hidroponik pilihan,660e8400-e29b-41d4-a716-446655440005,Sayuran,online,18715,kg,5,34,Buncis hidroponik pilihan berkualitas tinggi untuk kebutuhan dapur Anda,True,2025-09-15 11:16:14
334cac4f-4e03-4f16-96d5-713a0e67db67,Buncis segar Bali,660e8400-e29b-41d4-a716-446655440005,Sayuran,online,11770,kg,5,86,Buncis segar Bali berkualitas tinggi untuk kebutuhan dapur Anda,True,2025-11-09 11:16:14
6713a582-5e6d-4d36-acef-a6c14ffdb1e3,Buncis premium segar pagi,660e8400-e29b-41d4-a716-446655440005,Sayuran,online,14035,kg,5,52,Buncis premium segar pagi berkualitas tinggi untuk kebutuhan dapur Anda,True,2025-10-04 11:16:14
a0a8fde1-4402-494f-b4b1-ddfbcaf6cecb,Kacang Panjang segar,660e8400-e29b-41d4-a716-446655440005,Sayuran,online,10031,kg,5,74,Kacang Panjang segar berkualitas tinggi untuk kebutuhan dapur Anda,True,2025-10-29 11:16:14
4ad69cb8-3d90-46ad-998f-b5b8f1381e03,Kacang Panjang organik,660e8400-e29b-41d4-a716-446655440005,Sayuran,online,12101,kg,5,56,Kacang Panjang organik berkualitas tinggi untuk kebutuhan dapur Anda,True,2025-09-26 11:16:14
51492f66-d798-4d0d-8365-8a2e90686b20,Kacang Panjang segar frozen,660e8400-e29b-41d4-a716-446655440005,Sayuran,online,10043,kg,5,115,Kacang Panjang segar frozen berkualitas tinggi untuk kebutuhan dapur Anda,True,2025-10-13 11:16:14
eca95abd-d9a7-4163-934e-054e0e061a51,Kacang Panjang besar organik,660e8400-e29b-41d4-a716-446655440005,Sayuran,online,12234,kg,5,103,Kacang Panjang besar organik berkualitas tinggi untuk kebutuhan dapur Anda,True,2025-10-09 11:16:14
fecfa9cb-9c68-4168-9c03-450e6954767e,Kacang Panjang segar premium Jawa Barat,660e8400-e29b-41d4-a716-446655440005,Sayuran,online,12881,kg,5,113,Kacang Panjang segar premium Jawa Barat berkualitas tinggi untuk kebutuhan dapur Anda,True,2025-11-19 11:16:14
c1f9556d-f8ca-424d-b09d-51ef211d3078,Kacang Panjang organik reguler,660e8400-e29b-41d4-a716-446655440005,Sayuran,online,12491,kg,5,73,Kacang Panjang organik reguler berkualitas tinggi untuk kebutuhan dapur Anda,True,2025-10-31 11:16:14
57e7ae00-9767-41ae-b86a-c304beaabf51,Kacang Panjang segar Sumatera,660e8400-e29b-41d4-a716-446655440005,Sayuran,online,9980,kg,5,76,Kacang Panjang segar Sumatera berkualitas tinggi untuk kebutuhan dapur Anda,True,2025-11-28 11:16:14
6975e6e3-baa1-4053-9dc9-a4a14aae2af3,Kacang Panjang organik chilled,660e8400-e29b-41d4-a716-446655440005,Sayuran,online,12034,kg,5,92,Kacang Panjang organik chilled berkualitas tinggi untuk kebutuhan dapur Anda,True,2025-10-24 11:16:14
81aac6d8-800f-44c8-af01-dd153241122e,Brokoli segar,660e8400-e29b-41d4-a716-446655440005,Sayuran,online,19780,kg,5,34,Brokoli segar berkualitas tinggi untuk kebutuhan dapur Anda,True,2025-11-10 11:16:14
0d4eb2d0-125b-4dd2-851c-4a3195daf1f9,Brokoli premium,660e8400-e29b-41d4-a716-446655440005,Sayuran,online,22968,kg,5,68,Brokoli premium berkualitas tinggi untuk kebutuhan dapur Anda,True,2025-09-10 11:16:14
9a667a7d-3557-43ba-9c8f-ec61856430d2,Brokoli organik,660e8400-e29b-41d4-a716-446655440005,Sayuran,online,25276,kg,5,68,Brokoli organik berkualitas tinggi untuk kebutuhan dapur Anda,True,2025-10-19 11:16:14
8dd7c108-2a42-47f6-a398-11892436c87b,Brokoli kecil segar,660e8400-e29b-41d4-a716-446655440005,Sayuran,online,19974,kg,5,71,Brokoli kecil segar berkualitas tinggi untuk kebutuhan dapur Anda,True,2025-11-13 11:16:14
d9bfd3a4-8c15-44d4-973d-eb993ce502ac,Brokoli premium pilihan Jawa Tengah,660e8400-e29b-41d4-a716-446655440005,Sayuran,online,25295,kg,5,54,Brokoli premium pilihan Jawa Tengah berkualitas tinggi untuk kebutuhan dapur Anda,True,2025-11-29 11:16:14
7e5ba8f5-d4fa-4e38-a42a-dea3ae666aa0,Brokoli organik premium,660e8400-e29b-41d4-a716-446655440005,Sayuran,online,31216,kg,5,111,Brokoli organik premium berkualitas tinggi untuk kebutuhan dapur Anda,True,2025-11-22 11:16:14
589fcec0-c2c4-475d-8f45-ff13576ebf27,Brokoli segar Jawa Tengah,660e8400-e29b-41d4-a716-446655440005,Sayuran,online,20255,kg,5,98,Brokoli segar Jawa Tengah berkualitas tinggi untuk kebutuhan dapur Anda,True,2025-09-23 11:16:14
dffdc354-c4c7-49ba-8e7d-4665fff2b443,Brokoli premium segar pagi,660e8400-e29b-41d4-a716-446655440005,Sayuran,online,23066,kg,5,47,Brokoli premium segar pagi berkualitas tinggi untuk kebutuhan dapur Anda,True,2025-09-15 11:16:14
9e153f10-0eb9-493e-91e4-843881077cfc,Sawi hijau,660e8400-e29b-41d4-a716-446655440005,Sayuran,online,8086,kg,3,31,Sawi hijau berkualitas tinggi untuk kebutuhan dapur Anda,True,2025-10-17 11:16:14
8bed9003-4f05-4605-ac8d-4b0c902701f7,Sawi putih,660e8400-e29b-41d4-a716-446655440005,Sayuran,online,7117,kg,3,64,Sawi putih berkualitas tinggi untuk kebutuhan dapur Anda,True,2025-10-01 11:16:14
fdd9bff2-cbef-4652-ac3f-9337a700f2b9,Sawi pakcoy,660e8400-e29b-41d4-a716-446655440005,Sayuran,online,8836,kg,3,64,Sawi pakcoy berkualitas tinggi untuk kebutuhan dapur Anda,True,2025-10-22 11:16:14
7313d98b-3da6-4970-a84c-3741eae4ae42,Sawi caisim,660e8400-e29b-41d4-a716-446655440005,Sayuran,online,8643,kg,3,40,Sawi caisim berkualitas tinggi untuk kebutuhan dapur Anda,True,2025-09-22 11:16:14
b182ea3a-fcf4-49db-a72a-4291941ac94a,Sawi hijau super Jawa Timur,660e8400-e29b-41d4-a716-446655440005,Sayuran,online,9918,kg,3,116,Sawi hijau super Jawa Timur berkualitas tinggi untuk kebutuhan dapur Anda,True,2025-11-07 11:16:14
890a4fba-5e8b-4ee1-bea6-8a6b5a6d7a6b,Sawi putih pilihan,660e8400-e29b-41d4-a716-446655440005,Sayuran,online,7838,kg,3,62,Sawi putih pilihan berkualitas tinggi untuk kebutuhan dapur Anda,True,2025-09-28 11:16:14
fab5846a-a3ee-4f85-b765-bdd5d92a816d,Sawi pakcoy Lampung,660e8400-e29b-41d4-a716-446655440005,Sayuran,online,8845,kg,3,50,Sawi pakcoy Lampung berkualitas tinggi untuk kebutuhan dapur Anda,True,2025-09-22 11:16:14
7b9749d7-a082-4c46-9fdb-c4895d961595,Sawi caisim segar pagi,660e8400-e29b-41d4-a716-446655440005,Sayuran,online,8409,kg,3,106,Sawi caisim segar pagi berkualitas tinggi untuk kebutuhan dapur Anda,True,2025-11-21 11:16:14
5e1e0ca9-c59c-495f-92b2-a0990160a639,Kembang Kol segar,660e8400-e29b-41d4-a716-446655440005,Sayuran,online,17661,kg,7,82,Kembang Kol segar berkualitas tinggi untuk kebutuhan dapur Anda,True,2025-10-24 11:16:14
318b1ad7-b2a2-4efe-b93b-c125fabc5918,Kembang Kol premium,660e8400-e29b-41d4-a716-446655440005,Sayuran,online,19771,kg,7,94,Kembang Kol premium berkualitas tinggi untuk kebutuhan dapur Anda,True,2025-12-01 11:16:14
673c7a67-c682-4cd0-826a-ebc10cc7589a,Kembang Kol segar frozen,660e8400-e29b-41d4-a716-446655440005,Sayuran,online,18238,kg,7,57,Kembang Kol segar frozen berkualitas tinggi untuk kebutuhan dapur Anda,True,2025-11-08 11:16:14
e28f7241-0966-4271-8a71-d7f20fe4df8d,Kembang Kol sedang premium,660e8400-e29b-41d4-a716-446655440005,Sayuran,online,19927,kg,7,104,Kembang Kol sedang premium berkualitas tinggi untuk kebutuhan dapur Anda,True,2025-09-10 11:16:14
9628ae44-ca71-4649-920a-d74af282d8c5,Kembang Kol segar premium Jawa Barat,660e8400-e29b-41d4-a716-446655440005,Sayuran,online,23607,kg,7,115,Kembang Kol segar premium Jawa Barat berkualitas tinggi untuk kebutuhan dapur Anda,True,2025-11-04 11:16:14
39ae2e62-0f52-4440-9d2a-44a3921b80a2,Kembang Kol premium pilihan,660e8400-e29b-41d4-a716-446655440005,Sayuran,online,22229,kg,7,82,Kembang Kol premium pilihan berkualitas tinggi untuk kebutuhan dapur Anda,True,2025-10-29 11:16:14
b1ea1ffc-1090-429d-a1a2-958fafda6748,Kembang Kol segar Bali,660e8400-e29b-41d4-a716-446655440005,Sayuran,online,17794,kg,7,60,Kembang Kol segar Bali berkualitas tinggi untuk kebutuhan dapur Anda,True,2025-10-21 11:16:14
126d56e5-35c0-413d-a091-a0cbe62c35bf,Kembang Kol premium frozen,660e8400-e29b-41d4-a716-446655440005,Sayuran,online,19662,kg,7,64,Kembang Kol premium frozen berkualitas tinggi untuk kebutuhan dapur Anda,True,2025-10-20 11:16:14
5869d5d5-1f60-461b-9c6e-3baf283c0713,Timun segar,660e8400-e29b-41d4-a716-446655440005,Sayuran,online,6070,kg,7,96,Timun segar berkualitas tinggi untuk kebutuhan dapur Anda,True,2025-09-16 11:16:14
48ad65a4-5a06-4335-b231-8f0c7ae9de80,Timun jepang,660e8400-e29b-41d4-a716-446655440005,Sayuran,online,7858,kg,7,95,Timun jepang berkualitas tinggi untuk kebutuhan dapur Anda,True,2025-10-20 11:16:14
be7a9647-9c7a-4890-b2d4-295339eef92e,Timun segar chilled,660e8400-e29b-41d4-a716-446655440005,Sayuran,online,6107,kg,7,78,Timun segar chilled berkualitas tinggi untuk kebutuhan dapur Anda,True,2025-09-03 11:16:14
f13468fc-f5bb-4bf6-a0f0-dfb7b117f934,Timun sedang jepang,660e8400-e29b-41d4-a716-446655440005,Sayuran,online,8005,kg,7,110,Timun sedang jepang berkualitas tinggi untuk kebutuhan dapur Anda,True,2025-09-05 11:16:14
537a22c2-2468-4d38-a12a-b69c656e9f8d,Timun segar premium Jawa Barat,660e8400-e29b-41d4-a716-446655440005,Sayuran,online,7951,kg,7,32,Timun segar premium Jawa Barat berkualitas tinggi untuk kebutuhan dapur Anda,True,2025-11-16 11:16:14
df2b57b3-255a-4ab7-93cb-9e171550b813,Timun jepang special,660e8400-e29b-41d4-a716-446655440005,Sayuran,online,9510,kg,7,92,Timun jepang special berkualitas tinggi untuk kebutuhan dapur Anda,True,2025-09-13 11:16:14
01aa0098-a681-4e56-a31c-593877df6fdd,Timun segar Jawa Barat,660e8400-e29b-41d4-a716-446655440005,Sayuran,online,6068,kg,7,59,Timun segar Jawa Barat berkualitas tinggi untuk kebutuhan dapur Anda,True,2025-11-16 11:16:14
f6fcafa5-db8d-4a6c-9343-3871fbe8c842,Timun jepang frozen,660e8400-e29b-41d4-a716-446655440005,Sayuran,online,7929,kg,7,30,Timun jepang frozen berkualitas tinggi untuk kebutuhan dapur Anda,True,2025-10-22 11:16:14
a7ab59fe-4cf0-437a-b88e-33aa64751f2f,Paprika merah,660e8400-e29b-41d4-a716-446655440005,Sayuran,online,35039,kg,7,37,Paprika merah berkualitas tinggi untuk kebutuhan dapur Anda,True,2025-10-22 11:16:14
64611607-881f-4cc9-bb86-54416fae1b1c,Paprika kuning,660e8400-e29b-41d4-a716-446655440005,Sayuran,online,33006,kg,7,68,Paprika kuning berkualitas tinggi untuk kebutuhan dapur Anda,True,2025-09-04 11:16:14
2bdf75b6-eec3-4ebd-830f-6540186a89e8,Paprika hijau,660e8400-e29b-41d4-a716-446655440005,Sayuran,online,29698,kg,7,54,Paprika hijau berkualitas tinggi untuk kebutuhan dapur Anda,True,2025-09-17 11:16:14
5311b6ae-a201-48c7-90dc-81b43d22277a,Paprika jumbo merah,660e8400-e29b-41d4-a716-446655440005,Sayuran,online,35213,kg,7,71,Paprika jumbo merah berkualitas tinggi untuk kebutuhan dapur Anda,True,2025-09-25 11:16:14
d7f2770d-be6b-467a-a31e-610ab0da2492,Paprika kuning premium Jawa Tengah,660e8400-e29b-41d4-a716-446655440005,Sayuran,online,41003,kg,7,85,Paprika kuning premium Jawa Tengah berkualitas tinggi untuk kebutuhan dapur Anda,True,2025-09-13 11:16:14
0d947db2-0b24-4dc1-96cc-ecee7713eba6,Paprika hijau ekonomis,660e8400-e29b-41d4-a716-446655440005,Sayuran,online,28223,kg,7,33,Paprika hijau ekonomis berkualitas tinggi untuk kebutuhan dapur Anda,True,2025-11-04 11:16:14
4a2707eb-34e4-4738-a863-cc3853d180d5,Paprika merah Jawa Barat,660e8400-e29b-41d4-a716-446655440005,Sayuran,online,34851,kg,7,50,Paprika merah Jawa Barat berkualitas tinggi untuk kebutuhan dapur Anda,True,2025-10-23 11:16:14
5ab6e282-a483-4fb5-a7ec-f30ce7498c4b,Paprika kuning beku,660e8400-e29b-41d4-a716-446655440005,Sayuran,online,33309,kg,7,86,Paprika kuning beku berkualitas tinggi untuk kebutuhan dapur Anda,True,2025-10-05 11:16:14
dcebf14a-8b6b-447e-898e-79130c1e3955,Apel fuji,660e8400-e29b-41d4-a716-446655440006,Buah,online,34747,kg,14,49,Apel fuji berkualitas tinggi untuk kebutuhan dapur Anda,True,2025-11-28 11:16:14
60bfb0d8-85b9-4fda-bc82-1ceba1ffc401,Apel malang,660e8400-e29b-41d4-a716-446655440006,Buah,online,29720,kg,14,48,Apel malang berkualitas tinggi untuk kebutuhan dapur Anda,True,2025-10-05 11:16:14
1f40907d-dbf9-4732-91cc-2926a8f67edf,Apel washington,660e8400-e29b-41d4-a716-446655440006,Buah,online,39801,kg,14,52,Apel washington berkualitas tinggi untuk kebutuhan dapur Anda,True,2025-09-25 11:16:14
f685b9f4-a190-4c52-8aa0-bdeff9cf7798,Apel royal gala,660e8400-e29b-41d4-a716-446655440006,Buah,online,38682,kg,14,117,Apel royal gala berkualitas tinggi untuk kebutuhan dapur Anda,True,2025-11-16 11:16:14
8cdee576-7eee-45bb-a816-cb3a9b9f51b8,Apel green smith,660e8400-e29b-41d4-a716-446655440006,Buah,online,36571,kg,14,119,Apel green smith berkualitas tinggi untuk kebutuhan dapur Anda,True,2025-10-25 11:16:14
a7be0381-0bdb-450e-ba71-b3b754fb14b7,Apel fuji ekonomis,660e8400-e29b-41d4-a716-446655440006,Buah,online,28990,kg,14,112,Apel fuji ekonomis berkualitas tinggi untuk kebutuhan dapur Anda,True,2025-10-20 11:16:14
ab2f8584-e3c1-485d-8fde-e260962adfcb,Apel malang Jawa Barat,660e8400-e29b-41d4-a716-446655440006,Buah,online,30555,kg,14,112,Apel malang Jawa Barat berkualitas tinggi untuk kebutuhan dapur Anda,True,2025-09-23 11:16:14
d6049a04-90be-4529-ba35-eae3c1076163,Apel washington beku,660e8400-e29b-41d4-a716-446655440006,Buah,online,40018,kg,14,34,Apel washington beku berkualitas tinggi untuk kebutuhan dapur Anda,True,2025-10-11 11:16:14
0e236bdf-335b-4d0f-b885-4cd0b7ebf2d4,Apel besar royal gala,660e8400-e29b-41d4-a716-446655440006,Buah,online,38329,kg,14,88,Apel besar royal gala berkualitas tinggi untuk kebutuhan dapur Anda,True,2025-09-22 11:16:14
ec241086-7098-47a0-ac43-83590b784bf2,Apel green smith pilihan Lampung,660e8400-e29b-41d4-a716-446655440006,Buah,online,40526,kg,14,33,Apel green smith pilihan Lampung berkualitas tinggi untuk kebutuhan dapur Anda,True,2025-11-19 11:16:14
36d0a3fb-9f3c-4c6e-a131-fda7288a8901,Lemon premium import,660e8400-e29b-41d4-a716-446655440006,Buah,online,34729,kg,14,70,Lemon premium import berkualitas tinggi untuk kebutuhan dapur Anda,True,2025-10-14 11:16:14
cd2b8cb9-7e7b-4ccc-95f2-bc8c64bce29b,Lemon lokal,660e8400-e29b-41d4-a716-446655440006,Buah,online,19828,kg,14,51,Lemon lokal berkualitas tinggi untuk kebutuhan dapur Anda,True,2025-09-07 11:16:14
aa78fb4b-e155-436f-9101-74934385f6f6,Lemon cui,660e8400-e29b-41d4-a716-446655440006,Buah,online,15101,kg,14,38,Lemon cui berkualitas tinggi untuk kebutuhan dapur Anda,True,2025-09-22 11:16:14
91c887aa-4f06-4e4c-b3af-18d81a7ba0e4,Lemon australia,660e8400-e29b-41d4-a716-446655440006,Buah,online,39748,kg,14,91,Lemon australia berkualitas tinggi untuk kebutuhan dapur Anda,True,2025-09-18 11:16:14
a39c0b35-6d28-40c6-87e1-90bcb9aa101b,Lemon premium import pilihan Jawa Tengah,660e8400-e29b-41d4-a716-446655440006,Buah,online,39719,kg,14,94,Lemon premium import pilihan Jawa Tengah berkualitas tinggi untuk kebutuhan dapur Anda,True,2025-11-04 11:16:14
45b7baa3-7876-475a-91d5-853d22b97651,Lemon lokal super,660e8400-e29b-41d4-a716-446655440006,Buah,online,24197,kg,14,89,Lemon lokal super berkualitas tinggi untuk kebutuhan dapur Anda,True,2025-10-23 11:16:14
ae08287c-db21-4bd9-9ed7-b9368f7bcdce,Lemon cui Sulawesi,660e8400-e29b-41d4-a716-446655440006,Buah,online,14855,kg,14,86,Lemon cui Sulawesi berkualitas tinggi untuk kebutuhan dapur Anda,True,2025-11-23 11:16:14
996746c0-61d1-4417-ad17-e60bb42edb84,Lemon australia beku,660e8400-e29b-41d4-a716-446655440006,Buah,online,40142,kg,14,44,Lemon australia beku berkualitas tinggi untuk kebutuhan dapur Anda,True,2025-11-07 11:16:14
b4d7a5a5-3053-433e-a14a-4eda5f80011e,Lemon jumbo premium import,660e8400-e29b-41d4-a716-446655440006,Buah,online,35013,kg,14,72,Lemon jumbo premium import berkualitas tinggi untuk kebutuhan dapur Anda,True,2025-09-11 11:16:14
fda0a7e0-1b88-481e-865a-79b8f8da354f,Lemon lokal pilihan Jawa Timur,660e8400-e29b-41d4-a716-446655440006,Buah,online,21730,kg,14,35,Lemon lokal pilihan Jawa Timur berkualitas tinggi untuk kebutuhan dapur Anda,True,2025-10-24 11:16:14
1ca870b9-2f91-4593-8b02-0ec1b6aecf91,Salak pondoh,660e8400-e29b-41d4-a716-446655440006,Buah,online,12067,kg,7,95,Salak pondoh berkualitas tinggi untuk kebutuhan dapur Anda,True,2025-09-07 11:16:14
21b6f13e-c3e2-49bc-81af-79d5c1f06522,Salak bali,660e8400-e29b-41d4-a716-446655440006,Buah,online,9948,kg,7,107,Salak bali berkualitas tinggi untuk kebutuhan dapur Anda,True,2025-09-04 11:16:14
8a73c599-153e-4775-b329-e3e82f19c630,Salak gading,660e8400-e29b-41d4-a716-446655440006,Buah,online,13099,kg,7,82,Salak gading berkualitas tinggi untuk kebutuhan dapur Anda,True,2025-10-16 11:16:14
8292159a-3cc0-4fbb-ba54-75882b4cb404,Salak jumbo pondoh,660e8400-e29b-41d4-a716-446655440006,Buah,online,12103,kg,7,102,Salak jumbo pondoh berkualitas tinggi untuk kebutuhan dapur Anda,True,2025-11-20 11:16:14
1417f512-ecc9-4a31-b2f4-854727a02c7f,Salak bali super Jawa Barat,660e8400-e29b-41d4-a716-446655440006,Buah,online,12445,kg,7,61,Salak bali super Jawa Barat berkualitas tinggi untuk kebutuhan dapur Anda,True,2025-10-19 11:16:14
3eba9d25-613f-4acb-adcc-c12caf085193,Salak gading pilihan,660e8400-e29b-41d4-a716-446655440006,Buah,online,14706,kg,7,30,Salak gading pilihan berkualitas tinggi untuk kebutuhan dapur Anda,True,2025-10-23 11:16:14
0ad8e071-12f9-4ef7-a884-4306cd5120e6,Salak pondoh Lampung,660e8400-e29b-41d4-a716-446655440006,Buah,online,11931,kg,7,99,Salak pondoh Lampung berkualitas tinggi untuk kebutuhan dapur Anda,True,2025-11-12 11:16:14
534f0873-95f3-4561-b7e3-7186e9d6b760,Salak bali beku,660e8400-e29b-41d4-a716-446655440006,Buah,online,9913,kg,7,99,Salak bali beku berkualitas tinggi untuk kebutuhan dapur Anda,True,2025-09-29 11:16:14
91ec6282-d1e4-4cd7-bd64-58b36e591341,Salak jumbo gading,660e8400-e29b-41d4-a716-446655440006,Buah,online,13250,kg,7,43,Salak jumbo gading berkualitas tinggi untuk kebutuhan dapur Anda,True,2025-11-07 11:16:14
8cf5dccd-9cd7-4d9d-b89b-ca1d02d41e3e,Salak pondoh super Lampung,660e8400-e29b-41d4-a716-446655440006,Buah,online,14312,kg,7,99,Salak pondoh super Lampung berkualitas tinggi untuk kebutuhan dapur Anda,True,2025-09-29 11:16:14
d92102e5-870f-4ef0-8ba4-4c2188d89d5c,Manggis segar,660e8400-e29b-41d4-a716-446655440006,Buah,online,17135,kg,7,86,Manggis segar berkualitas tinggi untuk kebutuhan dapur Anda,True,2025-11-10 11:16:14
d739044b-7cbd-424a-b56f-bd4cee043c3c,Manggis premium,660e8400-e29b-41d4-a716-446655440006,Buah,online,18926,kg,7,49,Manggis premium berkualitas tinggi untuk kebutuhan dapur Anda,True,2025-11-02 11:16:14
052e6e2d-4667-4f01-8dad-fd79070ac335,Manggis segar frozen,660e8400-e29b-41d4-a716-446655440006,Buah,online,16883,kg,7,52,Manggis segar frozen berkualitas tinggi untuk kebutuhan dapur Anda,True,2025-10-25 11:16:14
5e7050ae-0d60-4b4a-891d-8bc2938b70b4,Manggis sedang premium,660e8400-e29b-41d4-a716-446655440006,Buah,online,19014,kg,7,67,Manggis sedang premium berkualitas tinggi untuk kebutuhan dapur Anda,True,2025-09-07 11:16:14
be803672-647f-4eb7-b91d-8057c5b4a348,Manggis segar pilihan Jawa Tengah,660e8400-e29b-41d4-a716-446655440006,Buah,online,19051,kg,7,36,Manggis segar pilihan Jawa Tengah berkualitas tinggi untuk kebutuhan dapur Anda,True,2025-09-21 11:16:14
8eda3735-d7f0-408a-8a07-b67f5c270251,Manggis premium pilihan,660e8400-e29b-41d4-a716-446655440006,Buah,online,21210,kg,7,50,Manggis premium pilihan berkualitas tinggi untuk kebutuhan dapur Anda,True,2025-09-09 11:16:14
a625140f-b439-4272-ae01-ff5777c84ea9,Manggis segar Sulawesi,660e8400-e29b-41d4-a716-446655440006,Buah,online,16744,kg,7,48,Manggis segar Sulawesi berkualitas tinggi untuk kebutuhan dapur Anda,True,2025-10-07 11:16:14
b6461d73-79e4-4e91-97c4-accb1f481ceb,Manggis premium segar pagi,660e8400-e29b-41d4-a716-446655440006,Buah,online,19272,kg,7,46,Manggis premium segar pagi berkualitas tinggi untuk kebutuhan dapur Anda,True,2025-09-24 11:16:14
c6a2f6de-1489-401f-90c4-ff8919ac68fe,Manggis sedang segar,660e8400-e29b-41d4-a716-446655440006,Buah,online,17015,kg,7,77,Manggis sedang segar berkualitas tinggi untuk kebutuhan dapur Anda,True,2025-11-15 11:16:14
fd2c3599-3296-4477-810e-0d2caa8261b4,Manggis premium pilihan Jawa Timur,660e8400-e29b-41d4-a716-446655440006,Buah,online,20211,kg,7,34,Manggis premium pilihan Jawa Timur berkualitas tinggi untuk kebutuhan dapur Anda,True,2025-10-10 11:16:14
54040ec1-005b-455b-b733-f5a16ad64925,Nanas madu,660e8400-e29b-41d4-a716-446655440006,Buah,online,14806,pcs,7,36,Nanas madu berkualitas tinggi untuk kebutuhan dapur Anda,True,2025-09-17 11:16:14
bc157f47-c72c-4f22-b357-54ccb33b1c2f,Nanas biasa,660e8400-e29b-41d4-a716-446655440006,Buah,online,11811,pcs,7,117,Nanas biasa berkualitas tinggi untuk kebutuhan dapur Anda,True,2025-09-04 11:16:14
3a6dccf1-ae48-4b94-8333-d87a52dfe561,Nanas bogor,660e8400-e29b-41d4-a716-446655440006,Buah,online,13152,pcs,7,48,Nanas bogor berkualitas tinggi untuk kebutuhan dapur Anda,True,2025-09-04 11:16:14
3a17e1e8-cb47-44dc-aa48-c88678250f89,Nanas subang,660e8400-e29b-41d4-a716-446655440006,Buah,online,13977,pcs,7,66,Nanas subang berkualitas tinggi untuk kebutuhan dapur Anda,True,2025-11-07 11:16:14
962a89fe-68dc-41bf-8937-019cfdea8765,Nanas madu super Lampung,660e8400-e29b-41d4-a716-446655440006,Buah,online,17490,pcs,7,63,Nanas madu super Lampung berkualitas tinggi untuk kebutuhan dapur Anda,True,2025-09-26 11:16:14
7483689b-7598-4211-9392-68b35fe38ac8,Nanas biasa special,660e8400-e29b-41d4-a716-446655440006,Buah,online,14228,pcs,7,50,Nanas biasa special berkualitas tinggi untuk kebutuhan dapur Anda,True,2025-10-20 11:16:14
29bbd374-6da6-46be-9fda-614bb6e1cb13,Nanas bogor Lampung,660e8400-e29b-41d4-a716-446655440006,Buah,online,12874,pcs,7,67,Nanas bogor Lampung berkualitas tinggi untuk kebutuhan dapur Anda,True,2025-09-06 11:16:14
2649e639-4cae-473e-8544-a4c8d39bdbe9,Nanas subang beku,660e8400-e29b-41d4-a716-446655440006,Buah,online,14209,pcs,7,77,Nanas subang beku berkualitas tinggi untuk kebutuhan dapur Anda,True,2025-10-22 11:16:14
a59c9d9c-c714-40cd-9a9b-eded11e78d0c,Nanas kecil madu,660e8400-e29b-41d4-a716-446655440006,Buah,online,15084,pcs,7,73,Nanas kecil madu berkualitas tinggi untuk kebutuhan dapur Anda,True,2025-11-07 11:16:14
2ca3cb3d-34b9-42a0-9d1d-db897a7ffd3a,Nanas biasa pilihan Jawa Barat,660e8400-e29b-41d4-a716-446655440006,Buah,online,13164,pcs,7,69,Nanas biasa pilihan Jawa Barat berkualitas tinggi untuk kebutuhan dapur Anda,True,2025-09-08 11:16:14
4516067b-bd95-4775-9980-0364a3689804,Jeruk sunkist,660e8400-e29b-41d4-a716-446655440006,Buah,online,29660,kg,14,79,Jeruk sunkist berkualitas tinggi untuk kebutuhan dapur Anda,True,2025-11-14 11:16:14
5375de98-a852-4b4e-b774-ddf67acad601,Jeruk santang,660e8400-e29b-41d4-a716-446655440006,Buah,online,23720,kg,14,33,Jeruk santang berkualitas tinggi untuk kebutuhan dapur Anda,True,2025-11-06 11:16:14
ef5d4f41-3ddd-4569-8cca-83b245138ad8,Jeruk baby,660e8400-e29b-41d4-a716-446655440006,Buah,online,20264,kg,14,66,Jeruk baby berkualitas tinggi untuk kebutuhan dapur Anda,True,2025-10-13 11:16:14
8cfaee02-8078-482c-8b3d-28da4ac17916,Jeruk pontianak,660e8400-e29b-41d4-a716-446655440006,Buah,online,25946,kg,14,30,Jeruk pontianak berkualitas tinggi untuk kebutuhan dapur Anda,True,2025-11-22 11:16:14
e055bbcb-37ad-48d7-9c8a-0e290df57583,Jeruk medan,660e8400-e29b-41d4-a716-446655440006,Buah,online,28236,kg,14,82,Jeruk medan berkualitas tinggi untuk kebutuhan dapur Anda,True,2025-11-16 11:16:14
b086e2f7-91a8-43b4-9a24-f583a3ab676d,Jeruk sunkist reguler,660e8400-e29b-41d4-a716-446655440006,Buah,online,31318,kg,14,36,Jeruk sunkist reguler berkualitas tinggi untuk kebutuhan dapur Anda,True,2025-11-13 11:16:14
1849e3cf-b927-44f5-8956-07d14e4b7085,Jeruk santang Lampung,660e8400-e29b-41d4-a716-446655440006,Buah,online,24102,kg,14,111,Jeruk santang Lampung berkualitas tinggi untuk kebutuhan dapur Anda,True,2025-10-19 11:16:14
df52544f-7540-4617-a422-45868237cc99,Jeruk baby segar pagi,660e8400-e29b-41d4-a716-446655440006,Buah,online,19710,kg,14,71,Jeruk baby segar pagi berkualitas tinggi untuk kebutuhan dapur Anda,True,2025-10-04 11:16:14
d3f90b2b-c32a-44da-ba3d-090d7f833b76,Jeruk kecil pontianak,660e8400-e29b-41d4-a716-446655440006,Buah,online,26282,kg,14,58,Jeruk kecil pontianak berkualitas tinggi untuk kebutuhan dapur Anda,True,2025-11-12 11:16:14
569d5181-d2e1-4c04-bcd9-6c91550a556f,Jeruk medan premium Jawa Tengah,660e8400-e29b-41d4-a716-446655440006,Buah,online,34800,kg,14,115,Jeruk medan premium Jawa Tengah berkualitas tinggi untuk kebutuhan dapur Anda,True,2025-09-17 11:16:14
5d43daaf-ab63-4ee3-b775-2cdf732cbfdb,Pisang cavendish,660e8400-e29b-41d4-a716-446655440006,Buah,online,27572,kg,7,38,Pisang cavendish berkualitas tinggi untuk kebutuhan dapur Anda,True,2025-10-22 11:16:14
5fa06773-1aef-4e2e-a966-8716b5de8d12,Pisang raja,660e8400-e29b-41d4-a716-446655440006,Buah,online,24196,kg,7,35,Pisang raja berkualitas tinggi untuk kebutuhan dapur Anda,True,2025-10-23 11:16:14
6adbb33e-0313-4c4f-a399-ae270d0990c2,Pisang kepok,660e8400-e29b-41d4-a716-446655440006,Buah,online,18211,kg,7,56,Pisang kepok berkualitas tinggi untuk kebutuhan dapur Anda,True,2025-10-03 11:16:14
f8cfa441-6211-4891-925d-9eadde1bef3c,Pisang ambon,660e8400-e29b-41d4-a716-446655440006,Buah,online,22250,kg,7,52,Pisang ambon berkualitas tinggi untuk kebutuhan dapur Anda,True,2025-10-10 11:16:14
273b8fc9-662e-4dcc-a41a-16cc4813b4e8,Pisang susu,660e8400-e29b-41d4-a716-446655440006,Buah,online,25828,kg,7,103,Pisang susu berkualitas tinggi untuk kebutuhan dapur Anda,True,2025-10-12 11:16:14
07114597-2b99-47d0-9835-fec72c1b5a3e,Pisang cavendish pilihan,660e8400-e29b-41d4-a716-446655440006,Buah,online,31756,kg,7,73,Pisang cavendish pilihan berkualitas tinggi untuk kebutuhan dapur Anda,True,2025-10-30 11:16:14
e62c6e1e-d7be-487f-9c3b-ea04daf083d7,Pisang raja Jawa Tengah,660e8400-e29b-41d4-a716-446655440006,Buah,online,23667,kg,7,117,Pisang raja Jawa Tengah berkualitas tinggi untuk kebutuhan dapur Anda,True,2025-09-04 11:16:14
8ab4d98d-a4c8-476f-bfd1-951241d0524e,Pisang kepok segar pagi,660e8400-e29b-41d4-a716-446655440006,Buah,online,17916,kg,7,34,Pisang kepok segar pagi berkualitas tinggi untuk kebutuhan dapur Anda,True,2025-11-05 11:16:14
fd817da0-6acd-49d6-8c63-5fd26ca72ebe,Pisang jumbo ambon,660e8400-e29b-41d4-a716-446655440006,Buah,online,22357,kg,7,78,Pisang jumbo ambon berkualitas tinggi untuk kebutuhan dapur Anda,True,2025-10-13 11:16:14
49041565-2f64-41b8-b95c-d3f5854ecaa6,Pisang susu super Jawa Timur,660e8400-e29b-41d4-a716-446655440006,Buah,online,30982,kg,7,41,Pisang susu super Jawa Timur berkualitas tinggi untuk kebutuhan dapur Anda,True,2025-10-01 11:16:14
d2d8b9e7-07b9-4ee5-b932-d91d103a4110,Mangga harum manis,660e8400-e29b-41d4-a716-446655440006,Buah,online,24618,kg,7,113,Mangga harum manis berkualitas tinggi untuk kebutuhan dapur Anda,True,2025-10-21 11:16:14
b538fbba-36a5-427e-9db6-0f70a220289e,Mangga gedong,660e8400-e29b-41d4-a716-446655440006,Buah,online,19658,kg,7,98,Mangga gedong berkualitas tinggi untuk kebutuhan dapur Anda,True,2025-12-01 11:16:14
358b86c7-28a6-4598-a611-29e6082fc82e,Mangga manalagi,660e8400-e29b-41d4-a716-446655440006,Buah,online,21617,kg,7,45,Mangga manalagi berkualitas tinggi untuk kebutuhan dapur Anda,True,2025-12-01 11:16:14
a8766b93-1242-4c86-8281-0ad082a101db,Mangga arumanis,660e8400-e29b-41d4-a716-446655440006,Buah,online,23864,kg,7,81,Mangga arumanis berkualitas tinggi untuk kebutuhan dapur Anda,True,2025-10-10 11:16:14
d68e2e6f-8132-4732-85bd-e34170b5ae03,Mangga golek,660e8400-e29b-41d4-a716-446655440006,Buah,online,21131,kg,7,84,Mangga golek berkualitas tinggi untuk kebutuhan dapur Anda,True,2025-09-03 11:16:14
40f93c63-b8f6-4d2b-bedb-c9409870a267,Mangga harum manis super,660e8400-e29b-41d4-a716-446655440006,Buah,online,31029,kg,7,41,Mangga harum manis super berkualitas tinggi untuk kebutuhan dapur Anda,True,2025-10-07 11:16:14
194291c4-345c-4045-bccc-7725af8671e1,Mangga gedong Sumatera,660e8400-e29b-41d4-a716-446655440006,Buah,online,19601,kg,7,94,Mangga gedong Sumatera berkualitas tinggi untuk kebutuhan dapur Anda,True,2025-09-10 11:16:14
b2fea1bd-e497-4cb9-8857-58259aea29dc,Mangga manalagi chilled,660e8400-e29b-41d4-a716-446655440006,Buah,online,21859,kg,7,33,Mangga manalagi chilled berkualitas tinggi untuk kebutuhan dapur Anda,True,2025-10-14 11:16:14
c6ddf94e-2340-42ca-8ef3-90d9fcd33244,Mangga mini arumanis,660e8400-e29b-41d4-a716-446655440006,Buah,online,23710,kg,7,88,Mangga mini arumanis berkualitas tinggi untuk kebutuhan dapur Anda,True,2025-11-09 11:16:14
5bd99a83-4b85-4d1e-8827-a64d156b6259,Mangga golek pilihan Lampung,660e8400-e29b-41d4-a716-446655440006,Buah,online,24124,kg,7,54,Mangga golek pilihan Lampung berkualitas tinggi untuk kebutuhan dapur Anda,True,2025-11-16 11:16:14
69280a94-2f60-44c2-93db-174ce8752930,Pepaya california,660e8400-e29b-41d4-a716-446655440006,Buah,online,12007,kg,5,85,Pepaya california berkualitas tinggi untuk kebutuhan dapur Anda,True,2025-10-23 11:16:14
a5f1d31c-1618-48ad-a9ea-3ec8ca23f3e5,Pepaya bangkok,660e8400-e29b-41d4-a716-446655440006,Buah,online,10073,kg,5,105,Pepaya bangkok berkualitas tinggi untuk kebutuhan dapur Anda,True,2025-10-04 11:16:14
24dd1b0b-1b19-49c3-9ab9-24e7dd3a2462,Pepaya lokal,660e8400-e29b-41d4-a716-446655440006,Buah,online,7868,kg,5,74,Pepaya lokal berkualitas tinggi untuk kebutuhan dapur Anda,True,2025-10-09 11:16:14
1c0d426d-2b5f-447c-8856-5d7e2ce797d5,Pepaya jumbo california,660e8400-e29b-41d4-a716-446655440006,Buah,online,12126,kg,5,79,Pepaya jumbo california berkualitas tinggi untuk kebutuhan dapur Anda,True,2025-09-07 11:16:14
08768edd-4026-47b8-b570-533d66662522,Pepaya bangkok pilihan Jawa Barat,660e8400-e29b-41d4-a716-446655440006,Buah,online,11094,kg,5,112,Pepaya bangkok pilihan Jawa Barat berkualitas tinggi untuk kebutuhan dapur Anda,True,2025-11-18 11:16:14
0018bdf0-75b4-460a-91fd-34acfe488326,Pepaya lokal super,660e8400-e29b-41d4-a716-446655440006,Buah,online,10037,kg,5,114,Pepaya lokal super berkualitas tinggi untuk kebutuhan dapur Anda,True,2025-10-19 11:16:14
21955bdd-044e-4f0c-85af-bfd5c7727f8e,Pepaya california Kalimantan,660e8400-e29b-41d4-a716-446655440006,Buah,online,12097,kg,5,105,Pepaya california Kalimantan berkualitas tinggi untuk kebutuhan dapur Anda,True,2025-09-20 11:16:14
aa46043c-f535-487d-8aa9-4b3793355f06,Pepaya bangkok segar pagi,660e8400-e29b-41d4-a716-446655440006,Buah,online,10062,kg,5,33,Pepaya bangkok segar pagi berkualitas tinggi untuk kebutuhan dapur Anda,True,2025-09-13 11:16:14
3622e8dc-b586-492f-a4ee-210b5c33d53b,Pepaya sedang lokal,660e8400-e29b-41d4-a716-446655440006,Buah,online,8106,kg,5,97,Pepaya sedang lokal berkualitas tinggi untuk kebutuhan dapur Anda,True,2025-11-26 11:16:14
803e8751-d8a5-4a56-9e52-9e457e79b52a,Pepaya california premium Lampung,660e8400-e29b-41d4-a716-446655440006,Buah,online,14420,kg,5,113,Pepaya california premium Lampung berkualitas tinggi untuk kebutuhan dapur Anda,True,2025-09-03 11:16:14
6cdc886d-950f-44cf-b779-14c3b49e313a,Semangka merah,660e8400-e29b-41d4-a716-446655440006,Buah,online,8001,kg,7,33,Semangka merah berkualitas tinggi untuk kebutuhan dapur Anda,True,2025-11-11 11:16:14
6b71a90a-a178-4b33-923f-336d00481e3f,Semangka kuning,660e8400-e29b-41d4-a716-446655440006,Buah,online,10007,kg,7,65,Semangka kuning berkualitas tinggi untuk kebutuhan dapur Anda,True,2025-10-21 11:16:14
747b981e-092f-4451-87df-d147679e4cd2,Semangka tanpa biji,660e8400-e29b-41d4-a716-446655440006,Buah,online,11932,kg,7,70,Semangka tanpa biji berkualitas tinggi untuk kebutuhan dapur Anda,True,2025-11-17 11:16:14
ba88d0d0-c61e-4a48-a827-b8425731914e,Semangka mini merah,660e8400-e29b-41d4-a716-446655440006,Buah,online,8073,kg,7,99,Semangka mini merah berkualitas tinggi untuk kebutuhan dapur Anda,True,2025-11-12 11:16:14
7de15b16-aff2-4987-949c-a0429a7aa9d3,Semangka kuning pilihan Lampung,660e8400-e29b-41d4-a716-446655440006,Buah,online,11245,kg,7,67,Semangka kuning pilihan Lampung berkualitas tinggi untuk kebutuhan dapur Anda,True,2025-09-09 11:16:14
77e776af-0d89-4030-8b49-b326edd56da0,Semangka tanpa biji pilihan,660e8400-e29b-41d4-a716-446655440006,Buah,online,13755,kg,7,45,Semangka tanpa biji pilihan berkualitas tinggi untuk kebutuhan dapur Anda,True,2025-11-10 11:16:14
36839fd7-36cd-43b0-b8f4-1ba0679f6720,Semangka merah Jawa Barat,660e8400-e29b-41d4-a716-446655440006,Buah,online,7862,kg,7,54,Semangka merah Jawa Barat berkualitas tinggi untuk kebutuhan dapur Anda,True,2025-10-22 11:16:14
dcdabc64-5d1c-4111-b2c3-05eeb43b9978,Semangka kuning frozen,660e8400-e29b-41d4-a716-446655440006,Buah,online,10173,kg,7,111,Semangka kuning frozen berkualitas tinggi untuk kebutuhan dapur Anda,True,2025-10-12 11:16:14
ec5138f7-8d30-4cd0-bad5-92aa98e04085,Semangka sedang tanpa biji,660e8400-e29b-41d4-a716-446655440006,Buah,online,11769,kg,7,107,Semangka sedang tanpa biji berkualitas tinggi untuk kebutuhan dapur Anda,True,2025-11-16 11:16:14
867e53d8-09c3-4cb2-b687-01f5567dc37a,Semangka merah pilihan Jawa Barat,660e8400-e29b-41d4-a716-446655440006,Buah,online,8456,kg,7,61,Semangka merah pilihan Jawa Barat berkualitas tinggi untuk kebutuhan dapur Anda,True,2025-11-01 11:16:14
f8a89450-8c81-4998-82df-8e8d2560a8f1,Melon golden,660e8400-e29b-41d4-a716-446655440006,Buah,online,14981,kg,7,76,Melon golden berkualitas tinggi untuk kebutuhan dapur Anda,True,2025-11-10 11:16:14
1c348148-e1fc-40be-91ac-c1a769251c48,Melon honeydew,660e8400-e29b-41d4-a716-446655440006,Buah,online,14225,kg,7,32,Melon honeydew berkualitas tinggi untuk kebutuhan dapur Anda,True,2025-11-08 11:16:14
7840bf75-cc04-4b35-8518-94f1c40b0a64,Melon rockmelon,660e8400-e29b-41d4-a716-446655440006,Buah,online,17875,kg,7,65,Melon rockmelon berkualitas tinggi untuk kebutuhan dapur Anda,True,2025-11-09 11:16:14
6b2ee743-4b34-42fb-b965-34c5487da566,Melon jumbo golden,660e8400-e29b-41d4-a716-446655440006,Buah,online,14718,kg,7,103,Melon jumbo golden berkualitas tinggi untuk kebutuhan dapur Anda,True,2025-11-14 11:16:14
03e5a599-b7c0-4ff6-a544-acb98fa3de93,Melon honeydew super Jawa Tengah,660e8400-e29b-41d4-a716-446655440006,Buah,online,15991,kg,7,100,Melon honeydew super Jawa Tengah berkualitas tinggi untuk kebutuhan dapur Anda,True,2025-11-19 11:16:14
078217c5-8d4e-491a-8107-4ae3cd88d564,Melon rockmelon premium,660e8400-e29b-41d4-a716-446655440006,Buah,online,23051,kg,7,115,Melon rockmelon premium berkualitas tinggi untuk kebutuhan dapur Anda,True,2025-09-25 11:16:14
709a725c-1d84-4040-9242-282e0c4e939a,Melon golden Jawa Tengah,660e8400-e29b-41d4-a716-446655440006,Buah,online,14770,kg,7,106,Melon golden Jawa Tengah berkualitas tinggi untuk kebutuhan dapur Anda,True,2025-10-01 11:16:14
e531b333-2451-4ef4-af8f-360022d99c01,Melon honeydew fresh,660e8400-e29b-41d4-a716-446655440006,Buah,online,13969,kg,7,104,Melon honeydew fresh berkualitas tinggi untuk kebutuhan dapur Anda,True,2025-11-01 11:16:14
1d34e666-86ec-422e-aff2-ef62f2362e23,Melon mini rockmelon,660e8400-e29b-41d4-a716-446655440006,Buah,online,17779,kg,7,31,Melon mini rockmelon berkualitas tinggi untuk kebutuhan dapur Anda,True,2025-09-11 11:16:14
1d2185f9-a88b-4509-a42d-8c5324e690bc,Melon golden premium Lampung,660e8400-e29b-41d4-a716-446655440006,Buah,online,19663,kg,7,41,Melon golden premium Lampung berkualitas tinggi untuk kebutuhan dapur Anda,True,2025-09-04 11:16:14
5bdfd479-02b2-4055-9396-1442b627af02,Anggur hijau,660e8400-e29b-41d4-a716-446655440006,Buah,online,49719,kg,7,53,Anggur hijau berkualitas tinggi untuk kebutuhan dapur Anda,True,2025-11-18 11:16:14
839e36ae-cef0-4127-8f97-eb1837f674fe,Anggur merah,660e8400-e29b-41d4-a716-446655440006,Buah,online,55887,kg,7,35,Anggur merah berkualitas tinggi untuk kebutuhan dapur Anda,True,2025-10-08 11:16:14
0caa7b1f-4208-474e-a1fa-36110985699c,Anggur hitam,660e8400-e29b-41d4-a716-446655440006,Buah,online,61118,kg,7,33,Anggur hitam berkualitas tinggi untuk kebutuhan dapur Anda,True,2025-09-16 11:16:14
ae668f2a-2792-4668-8c01-d601698a789a,Anggur sedang hijau,660e8400-e29b-41d4-a716-446655440006,Buah,online,50237,kg,7,59,Anggur sedang hijau berkualitas tinggi untuk kebutuhan dapur Anda,True,2025-11-25 11:16:14
3f2f6c99-c021-41d6-b9b8-693bc967b7f5,Anggur merah super Jawa Tengah,660e8400-e29b-41d4-a716-446655440006,Buah,online,68171,kg,7,40,Anggur merah super Jawa Tengah berkualitas tinggi untuk kebutuhan dapur Anda,True,2025-09-16 11:16:14
441e11b7-5322-4646-a242-770504c0e296,Anggur hitam special,660e8400-e29b-41d4-a716-446655440006,Buah,online,71874,kg,7,72,Anggur hitam special berkualitas tinggi untuk kebutuhan dapur Anda,True,2025-10-17 11:16:14
609dbf93-c41f-47b3-9a35-b3c73a958134,Anggur hijau Kalimantan,660e8400-e29b-41d4-a716-446655440006,Buah,online,50889,kg,7,45,Anggur hijau Kalimantan berkualitas tinggi untuk kebutuhan dapur Anda,True,2025-11-04 11:16:14
64c8067d-bdb1-4fdf-a5c3-3dc86f2a0cbd,Anggur merah segar pagi,660e8400-e29b-41d4-a716-446655440006,Buah,online,54415,kg,7,111,Anggur merah segar pagi berkualitas tinggi untuk kebutuhan dapur Anda,True,2025-10-17 11:16:14
c54c50f4-c866-473a-99fb-5ce3482e198b,Anggur sedang hitam,660e8400-e29b-41d4-a716-446655440006,Buah,online,60277,kg,7,51,Anggur sedang hitam berkualitas tinggi untuk kebutuhan dapur Anda,True,2025-11-26 11:16:14
34e01b1f-d0f7-49ec-b7b9-e80f1548dabc,Anggur hijau pilihan Lampung,660e8400-e29b-41d4-a716-446655440006,Buah,online,54443,kg,7,75,Anggur hijau pilihan Lampung berkualitas tinggi untuk kebutuhan dapur Anda,True,2025-10-29 11:16:14
f96c329c-f87b-4a35-9e45-059456c508d2,Strawberry lokal,660e8400-e29b-41d4-a716-446655440006,Buah,online,39274,kg,3,38,Strawberry lokal berkualitas tinggi untuk kebutuhan dapur Anda,True,2025-10-05 11:16:14
ee70905e-ec14-4ed3-b690-8431a5d28801,Strawberry import,660e8400-e29b-41d4-a716-446655440006,Buah,online,59912,kg,3,63,Strawberry import berkualitas tinggi untuk kebutuhan dapur Anda,True,2025-11-22 11:16:14
af2c262e-6d59-40cc-8626-7ec304d70a84,Strawberry lokal beku,660e8400-e29b-41d4-a716-446655440006,Buah,online,39406,kg,3,119,Strawberry lokal beku berkualitas tinggi untuk kebutuhan dapur Anda,True,2025-10-25 11:16:14
6c1805ee-aad9-419f-8424-25f23d6ac23a,Strawberry mini import,660e8400-e29b-41d4-a716-446655440006,Buah,online,60274,kg,3,105,Strawberry mini import berkualitas tinggi untuk kebutuhan dapur Anda,True,2025-10-01 11:16:14
4094a146-b5a6-478e-9f2f-515b3d3dee13,Strawberry lokal premium Jawa Timur,660e8400-e29b-41d4-a716-446655440006,Buah,online,50985,kg,3,63,Strawberry lokal premium Jawa Timur berkualitas tinggi untuk kebutuhan dapur Anda,True,2025-10-25 11:16:14
e1b66c2c-87aa-4792-941d-5692bf96eb0f,Strawberry import premium,660e8400-e29b-41d4-a716-446655440006,Buah,online,75373,kg,3,55,Strawberry import premium berkualitas tinggi untuk kebutuhan dapur Anda,True,2025-09-13 11:16:14
f46027b9-5784-41e2-9fcb-daffb63505fe,Strawberry lokal Bali,660e8400-e29b-41d4-a716-446655440006,Buah,online,40461,kg,3,111,Strawberry lokal Bali berkualitas tinggi untuk kebutuhan dapur Anda,True,2025-11-21 11:16:14
0051c09c-ca23-477e-a3fa-c6f451ba1c66,Strawberry import chilled,660e8400-e29b-41d4-a716-446655440006,Buah,online,59887,kg,3,103,Strawberry import chilled berkualitas tinggi untuk kebutuhan dapur Anda,True,2025-10-30 11:16:14
cc4aaf16-a198-4410-88e7-0cbba4e61975,Strawberry sedang lokal,660e8400-e29b-41d4-a716-446655440006,Buah,online,39796,kg,3,44,Strawberry sedang lokal berkualitas tinggi untuk kebutuhan dapur Anda,True,2025-10-24 11:16:14
370884b0-409c-433a-9ab7-cae1b62b103f,Strawberry import premium Jawa Barat,660e8400-e29b-41d4-a716-446655440006,Buah,online,77844,kg,3,72,Strawberry import premium Jawa Barat berkualitas tinggi untuk kebutuhan dapur Anda,True,2025-11-09 11:16:14
107bf8d1-17fe-4d5c-961b-494f94f66cc4,Alpukat mentega,660e8400-e29b-41d4-a716-446655440006,Buah,online,20246,kg,7,99,Alpukat mentega berkualitas tinggi untuk kebutuhan dapur Anda,True,2025-09-09 11:16:14
01833149-5bd9-4003-8d61-0eda0346fe01,Alpukat kendil,660e8400-e29b-41d4-a716-446655440006,Buah,online,18248,kg,7,117,Alpukat kendil berkualitas tinggi untuk kebutuhan dapur Anda,True,2025-09-21 11:16:14
a33b3d33-c4a8-4739-9ee9-b2b88eb585bf,Alpukat aligator,660e8400-e29b-41d4-a716-446655440006,Buah,online,22121,kg,7,116,Alpukat aligator berkualitas tinggi untuk kebutuhan dapur Anda,True,2025-11-16 11:16:14
9eb045c6-70b4-43dc-af82-5eef748b895d,Alpukat jumbo mentega,660e8400-e29b-41d4-a716-446655440006,Buah,online,19845,kg,7,95,Alpukat jumbo mentega berkualitas tinggi untuk kebutuhan dapur Anda,True,2025-09-12 11:16:14
ebc652cf-dd44-4607-817e-a13daec22551,Alpukat kendil pilihan Jawa Tengah,660e8400-e29b-41d4-a716-446655440006,Buah,online,19500,kg,7,32,Alpukat kendil pilihan Jawa Tengah berkualitas tinggi untuk kebutuhan dapur Anda,True,2025-10-08 11:16:14
e53fcc5e-b83c-42a8-b96d-cdf72ba04e7d,Alpukat aligator special,660e8400-e29b-41d4-a716-446655440006,Buah,online,23885,kg,7,111,Alpukat aligator special berkualitas tinggi untuk kebutuhan dapur Anda,True,2025-11-01 11:16:14
a4135f82-c96e-4a72-85a1-030ecb38e07a,Alpukat mentega Jawa Tengah,660e8400-e29b-41d4-a716-446655440006,Buah,online,19682,kg,7,46,Alpukat mentega Jawa Tengah berkualitas tinggi untuk kebutuhan dapur Anda,True,2025-11-20 11:16:14
cf2cc0fd-18cd-410d-b234-53ab30e6246f,Alpukat kendil beku,660e8400-e29b-41d4-a716-446655440006,Buah,online,18062,kg,7,47,Alpukat kendil beku berkualitas tinggi untuk kebutuhan dapur Anda,True,2025-11-11 11:16:14
d27c95f5-6074-4673-8a41-95df64176139,Alpukat besar aligator,660e8400-e29b-41d4-a716-446655440006,Buah,online,21963,kg,7,95,Alpukat besar aligator berkualitas tinggi untuk kebutuhan dapur Anda,True,2025-10-21 11:16:14
c290fecb-77b0-40df-9d0f-89bb6222886c,Alpukat mentega premium Jawa Timur,660e8400-e29b-41d4-a716-446655440006,Buah,online,26622,kg,7,51,Alpukat mentega premium Jawa Timur berkualitas tinggi untuk kebutuhan dapur Anda,True,2025-11-16 11:16:14
3fdaf39b-550a-4a4a-a453-95f02ecbbae7,Beras premium,660e8400-e29b-41d4-a716-446655440007,Sembako,online,14972,kg,180,37,Beras premium berkualitas tinggi untuk kebutuhan dapur Anda,True,2025-10-09 11:16:14
3bb7c517-f544-4898-b54f-4349b7785194,Beras medium,660e8400-e29b-41d4-a716-446655440007,Sembako,online,11965,kg,180,92,Beras medium berkualitas tinggi untuk kebutuhan dapur Anda,True,2025-10-13 11:16:14
3740818d-1f9d-4c38-9649-53469bd1493d,Beras ekonomis,660e8400-e29b-41d4-a716-446655440007,Sembako,online,10095,kg,180,79,Beras ekonomis berkualitas tinggi untuk kebutuhan dapur Anda,True,2025-10-12 11:16:14
ee79f048-abf2-4108-8972-1cfa168055b9,Beras pera,660e8400-e29b-41d4-a716-446655440007,Sembako,online,14127,kg,180,104,Beras pera berkualitas tinggi untuk kebutuhan dapur Anda,True,2025-09-27 11:16:14
ea4767db-16db-4c43-a9fb-490bad694bcc,Beras pulen,660e8400-e29b-41d4-a716-446655440007,Sembako,online,12771,kg,180,49,Beras pulen berkualitas tinggi untuk kebutuhan dapur Anda,True,2025-11-27 11:16:14
9c6c7511-66e5-420a-bfe3-0a8c0584eb11,Beras merah,660e8400-e29b-41d4-a716-446655440007,Sembako,online,19701,kg,180,118,Beras merah berkualitas tinggi untuk kebutuhan dapur Anda,True,2025-10-06 11:16:14
d941f903-b571-4700-9141-c6262b5812c3,Beras hitam,660e8400-e29b-41d4-a716-446655440007,Sembako,online,25415,kg,180,69,Beras hitam berkualitas tinggi untuk kebutuhan dapur Anda,True,2025-09-07 11:16:14
c069f3b3-5a42-48b0-8b6d-29e473bda0c8,Beras premium beku,660e8400-e29b-41d4-a716-446655440007,Sembako,online,15173,kg,180,76,Beras premium beku berkualitas tinggi untuk kebutuhan dapur Anda,True,2025-09-20 11:16:14
3e37e4a4-1a34-4f58-bf00-a2f4614331a2,Beras jumbo medium,660e8400-e29b-41d4-a716-446655440007,Sembako,online,12052,kg,180,41,Beras jumbo medium berkualitas tinggi untuk kebutuhan dapur Anda,True,2025-11-15 11:16:14
8bc4e65e-4c5c-4bf3-845d-8ddc8ae452c3,Beras ekonomis pilihan Jawa Tengah,660e8400-e29b-41d4-a716-446655440007,Sembako,online,11493,kg,180,119,Beras ekonomis pilihan Jawa Tengah berkualitas tinggi untuk kebutuhan dapur Anda,True,2025-09-11 11:16:14
2e0400ac-096b-45d0-814e-21209a3d6cd5,Mie Instan goreng,660e8400-e29b-41d4-a716-446655440007,Sembako,online,3044,pcs,180,64,Mie Instan goreng berkualitas tinggi untuk kebutuhan dapur Anda,True,2025-11-28 11:16:14
d475372b-863a-47bf-9b48-58ee7f4de0b9,Mie Instan kuah,660e8400-e29b-41d4-a716-446655440007,Sembako,online,2844,pcs,180,115,Mie Instan kuah berkualitas tinggi untuk kebutuhan dapur Anda,True,2025-09-14 11:16:14
4a199bed-c72c-406b-8c78-b63905dbf13b,Mie Instan jumbo,660e8400-e29b-41d4-a716-446655440007,Sembako,online,3492,pcs,180,104,Mie Instan jumbo berkualitas tinggi untuk kebutuhan dapur Anda,True,2025-11-02 11:16:14
2f17d12b-6d1b-484c-9697-65a7d2b5cf0e,Mie Instan premium,660e8400-e29b-41d4-a716-446655440007,Sembako,online,3932,pcs,180,40,Mie Instan premium berkualitas tinggi untuk kebutuhan dapur Anda,True,2025-09-17 11:16:14
20b7e853-0c5b-4d99-ac48-0149fa230acf,Mie Instan goreng super Jawa Timur,660e8400-e29b-41d4-a716-446655440007,Sembako,online,3598,pcs,180,61,Mie Instan goreng super Jawa Timur berkualitas tinggi untuk kebutuhan dapur Anda,True,2025-11-14 11:16:14
a5d5359c-db8a-4805-a9c1-95b36b7173bc,Mie Instan kuah pilihan,660e8400-e29b-41d4-a716-446655440007,Sembako,online,3026,pcs,180,94,Mie Instan kuah pilihan berkualitas tinggi untuk kebutuhan dapur Anda,True,2025-10-28 11:16:14
749d2589-6714-4ce9-9c7f-56ffe4247a96,Mie Instan jumbo Jawa Timur,660e8400-e29b-41d4-a716-446655440007,Sembako,online,3466,pcs,180,109,Mie Instan jumbo Jawa Timur berkualitas tinggi untuk kebutuhan dapur Anda,True,2025-09-13 11:16:14
f0cea2cb-e7a8-4bbf-9bd6-c040dc969409,Mie Instan premium beku,660e8400-e29b-41d4-a716-446655440007,Sembako,online,3990,pcs,180,43,Mie Instan premium beku berkualitas tinggi untuk kebutuhan dapur Anda,True,2025-11-30 11:16:14
67a45fa6-e9b3-4fa2-9619-6fedce39909d,Mie Instan jumbo goreng,660e8400-e29b-41d4-a716-446655440007,Sembako,online,2959,pcs,180,46,Mie Instan jumbo goreng berkualitas tinggi untuk kebutuhan dapur Anda,True,2025-09-18 11:16:14
8d79565f-b8c9-4bbb-b07a-ebccebe4758c,Minyak Goreng kemasan,660e8400-e29b-41d4-a716-446655440007,Sembako,online,19909,liter,180,100,Minyak Goreng kemasan berkualitas tinggi untuk kebutuhan dapur Anda,True,2025-10-04 11:16:14
8da079fe-4af9-4180-9dd1-d8d9fe5d5465,Minyak Goreng curah,660e8400-e29b-41d4-a716-446655440007,Sembako,online,18250,liter,180,58,Minyak Goreng curah berkualitas tinggi untuk kebutuhan dapur Anda,True,2025-09-29 11:16:14
05d8d3ab-de41-453f-92b5-291efb13457d,Minyak Goreng premium,660e8400-e29b-41d4-a716-446655440007,Sembako,online,22258,liter,180,81,Minyak Goreng premium berkualitas tinggi untuk kebutuhan dapur Anda,True,2025-09-04 11:16:14
cc9cf90d-77d5-4aca-9350-6603c88ce064,Minyak Goreng kelapa sawit,660e8400-e29b-41d4-a716-446655440007,Sembako,online,23934,liter,180,57,Minyak Goreng kelapa sawit berkualitas tinggi untuk kebutuhan dapur Anda,True,2025-09-20 11:16:14
29256bcc-ccc6-4c85-b088-f1975586eebc,Minyak Goreng kemasan pilihan Jawa Tengah,660e8400-e29b-41d4-a716-446655440007,Sembako,online,23030,liter,180,43,Minyak Goreng kemasan pilihan Jawa Tengah berkualitas tinggi untuk kebutuhan dapur Anda,True,2025-09-08 11:16:14
a10f1d8a-35b8-4c0f-a5ff-7d27bf848842,Minyak Goreng curah premium,660e8400-e29b-41d4-a716-446655440007,Sembako,online,21645,liter,180,87,Minyak Goreng curah premium berkualitas tinggi untuk kebutuhan dapur Anda,True,2025-11-19 11:16:14
84c121a6-dedb-4a78-9e57-470c784603d4,Minyak Goreng premium Lampung,660e8400-e29b-41d4-a716-446655440007,Sembako,online,21992,liter,180,36,Minyak Goreng premium Lampung berkualitas tinggi untuk kebutuhan dapur Anda,True,2025-09-17 11:16:14
efde20b1-660f-4529-97e4-daffe534d9ae,Minyak Goreng kelapa sawit beku,660e8400-e29b-41d4-a716-446655440007,Sembako,online,23600,liter,180,38,Minyak Goreng kelapa sawit beku berkualitas tinggi untuk kebutuhan dapur Anda,True,2025-10-12 11:16:14
a666c8e1-1df6-476c-9675-6b9e620d9b40,Minyak Goreng kecil kemasan,660e8400-e29b-41d4-a716-446655440007,Sembako,online,20366,liter,180,75,Minyak Goreng kecil kemasan berkualitas tinggi untuk kebutuhan dapur Anda,True,2025-11-25 11:16:14
3f551d8f-da2e-4e59-bc06-a09428c8592c,Gula Pasir premium,660e8400-e29b-41d4-a716-446655440007,Sembako,online,13936,kg,180,112,Gula Pasir premium berkualitas tinggi untuk kebutuhan dapur Anda,True,2025-11-25 11:16:14
a2ef65a0-f0ab-47e3-a5f0-44b3f93547c7,Gula Pasir lokal,660e8400-e29b-41d4-a716-446655440007,Sembako,online,11990,kg,180,50,Gula Pasir lokal berkualitas tinggi untuk kebutuhan dapur Anda,True,2025-09-24 11:16:14
373653bd-f32f-4268-883e-180e04284cad,Gula Pasir organik,660e8400-e29b-41d4-a716-446655440007,Sembako,online,17874,kg,180,80,Gula Pasir organik berkualitas tinggi untuk kebutuhan dapur Anda,True,2025-11-07 11:16:14
fd62538b-dc92-4ebb-bf58-de2fbb2c651a,Gula Pasir mini premium,660e8400-e29b-41d4-a716-446655440007,Sembako,online,14162,kg,180,66,Gula Pasir mini premium berkualitas tinggi untuk kebutuhan dapur Anda,True,2025-11-06 11:16:14
00bafb0c-0451-43a0-85be-8f10a6552bf7,Gula Pasir lokal premium Lampung,660e8400-e29b-41d4-a716-446655440007,Sembako,online,15505,kg,180,81,Gula Pasir lokal premium Lampung berkualitas tinggi untuk kebutuhan dapur Anda,True,2025-09-30 11:16:14
72a58449-d876-4f2b-a65c-de440f2ca0c7,Gula Pasir organik super,660e8400-e29b-41d4-a716-446655440007,Sembako,online,22518,kg,180,37,Gula Pasir organik super berkualitas tinggi untuk kebutuhan dapur Anda,True,2025-10-18 11:16:14
126b083b-c2d3-430f-bbb9-1ad7e7d8f71d,Gula Pasir premium Bali,660e8400-e29b-41d4-a716-446655440007,Sembako,online,14122,kg,180,95,Gula Pasir premium Bali berkualitas tinggi untuk kebutuhan dapur Anda,True,2025-11-22 11:16:14
28db5675-8e25-457f-840b-e7e69bf69058,Gula Pasir lokal chilled,660e8400-e29b-41d4-a716-446655440007,Sembako,online,11837,kg,180,115,Gula Pasir lokal chilled berkualitas tinggi untuk kebutuhan dapur Anda,True,2025-10-23 11:16:14
670611b6-37f5-4939-99d6-c01690f8aca5,Gula Pasir kecil organik,660e8400-e29b-41d4-a716-446655440007,Sembako,online,17733,kg,180,48,Gula Pasir kecil organik berkualitas tinggi untuk kebutuhan dapur Anda,True,2025-11-08 11:16:14
3dfef3b3-47c5-4efe-8239-da4a6fb22036,Garam halus,660e8400-e29b-41d4-a716-446655440007,Sembako,online,3955,kg,360,53,Garam halus berkualitas tinggi untuk kebutuhan dapur Anda,True,2025-10-02 11:16:14
862ea0cf-8a0f-4886-a403-ecadab20ff89,Garam kasar,660e8400-e29b-41d4-a716-446655440007,Sembako,online,3052,kg,360,65,Garam kasar berkualitas tinggi untuk kebutuhan dapur Anda,True,2025-09-20 11:16:14
708f9bf6-6e8f-453a-9b55-0a1390644deb,Garam beryodium,660e8400-e29b-41d4-a716-446655440007,Sembako,online,4520,kg,360,101,Garam beryodium berkualitas tinggi untuk kebutuhan dapur Anda,True,2025-10-24 11:16:14
0bdb093e-ed33-4065-8dad-4c4e473e2846,Garam laut,660e8400-e29b-41d4-a716-446655440007,Sembako,online,4936,kg,360,54,Garam laut berkualitas tinggi untuk kebutuhan dapur Anda,True,2025-11-19 11:16:14
bf1e51d9-a261-4b39-8184-cd146c74767b,Garam halus super Jawa Tengah,660e8400-e29b-41d4-a716-446655440007,Sembako,online,4674,kg,360,30,Garam halus super Jawa Tengah berkualitas tinggi untuk kebutuhan dapur Anda,True,2025-10-13 11:16:14
31688763-d0cd-47e5-95dd-2bec1a7f9b5d,Garam kasar premium,660e8400-e29b-41d4-a716-446655440007,Sembako,online,3865,kg,360,43,Garam kasar premium berkualitas tinggi untuk kebutuhan dapur Anda,True,2025-11-18 11:16:14
45a338d0-d3c8-4722-abc7-e996cb27098a,Garam beryodium Sumatera,660e8400-e29b-41d4-a716-446655440007,Sembako,online,4422,kg,360,107,Garam beryodium Sumatera berkualitas tinggi untuk kebutuhan dapur Anda,True,2025-10-03 11:16:14
790f090c-4487-46a6-b807-99ccab0809b9,Garam laut chilled,660e8400-e29b-41d4-a716-446655440007,Sembako,online,5032,kg,360,37,Garam laut chilled berkualitas tinggi untuk kebutuhan dapur Anda,True,2025-11-23 11:16:14
b542c00e-7fa6-416c-bff7-080147945703,Garam besar halus,660e8400-e29b-41d4-a716-446655440007,Sembako,online,4005,kg,360,38,Garam besar halus berkualitas tinggi untuk kebutuhan dapur Anda,True,2025-11-02 11:16:14
c7eb7562-0ab7-407b-b781-d057d96401a0,LPG 3kg,660e8400-e29b-41d4-a716-446655440007,Sembako,online,21561,tabung,180,62,LPG 3kg berkualitas tinggi untuk kebutuhan dapur Anda,True,2025-11-08 11:16:14
ec6ad12f-779e-4f7f-9c95-e895e7af01af,LPG pink,660e8400-e29b-41d4-a716-446655440007,Sembako,online,24050,tabung,180,72,LPG pink berkualitas tinggi untuk kebutuhan dapur Anda,True,2025-10-20 11:16:14
86c2d975-1370-45e2-821c-99d1ffab383e,LPG 3kg chilled,660e8400-e29b-41d4-a716-446655440007,Sembako,online,22196,tabung,180,36,LPG 3kg chilled berkualitas tinggi untuk kebutuhan dapur Anda,True,2025-09-14 11:16:14
b5123f4f-f1c3-43b7-8ff3-c46c8e985479,LPG jumbo pink,660e8400-e29b-41d4-a716-446655440007,Sembako,online,24186,tabung,180,93,LPG jumbo pink berkualitas tinggi untuk kebutuhan dapur Anda,True,2025-10-06 11:16:14
56251951-8af2-4422-9509-528faddef22f,LPG 3kg pilihan Jawa Tengah,660e8400-e29b-41d4-a716-446655440007,Sembako,online,24501,tabung,180,68,LPG 3kg pilihan Jawa Tengah berkualitas tinggi untuk kebutuhan dapur Anda,True,2025-09-08 11:16:14
b4d080e5-a8db-4fe9-9d6e-be5749a87809,LPG pink special,660e8400-e29b-41d4-a716-446655440007,Sembako,online,26886,tabung,180,88,LPG pink special berkualitas tinggi untuk kebutuhan dapur Anda,True,2025-11-16 11:16:14
4655dc86-22e3-4b00-a337-85fc6e03990c,LPG 3kg Sulawesi,660e8400-e29b-41d4-a716-446655440007,Sembako,online,21678,tabung,180,41,LPG 3kg Sulawesi berkualitas tinggi untuk kebutuhan dapur Anda,True,2025-10-03 11:16:14
08630b18-7b81-4dc1-a25c-15056a5210db,LPG pink frozen,660e8400-e29b-41d4-a716-446655440007,Sembako,online,23928,tabung,180,32,LPG pink frozen berkualitas tinggi untuk kebutuhan dapur Anda,True,2025-11-06 11:16:14
29047e91-cde3-477f-8169-37f771418b85,LPG sedang 3kg,660e8400-e29b-41d4-a716-446655440007,Sembako,online,21962,tabung,180,41,LPG sedang 3kg berkualitas tinggi untuk kebutuhan dapur Anda,True,2025-10-26 11:16:14
3b796cf7-777a-41ea-b519-eb4853149016,Susu Kental Manis kaleng,660e8400-e29b-41d4-a716-446655440007,Sembako,online,11963,pcs,180,89,Susu Kental Manis kaleng berkualitas tinggi untuk kebutuhan dapur Anda,True,2025-09-06 11:16:14
a822a36d-b6df-4fe5-9830-9d46a64ad0b3,Susu Kental Manis sachet,660e8400-e29b-41d4-a716-446655440007,Sembako,online,1999,pcs,180,74,Susu Kental Manis sachet berkualitas tinggi untuk kebutuhan dapur Anda,True,2025-11-16 11:16:14
f705444a-53fe-47b1-a107-f50247cd2025,Susu Kental Manis kaleng fresh,660e8400-e29b-41d4-a716-446655440007,Sembako,online,12098,pcs,180,57,Susu Kental Manis kaleng fresh berkualitas tinggi untuk kebutuhan dapur Anda,True,2025-10-25 11:16:14
6374118b-505c-46e6-aa9f-abd42c5ca2c9,Susu Kental Manis besar sachet,660e8400-e29b-41d4-a716-446655440007,Sembako,online,2030,pcs,180,73,Susu Kental Manis besar sachet berkualitas tinggi untuk kebutuhan dapur Anda,True,2025-09-03 11:16:14
8d59369c-9760-4be4-92ce-1d281e83dfb1,Susu Kental Manis kaleng pilihan Jawa Barat,660e8400-e29b-41d4-a716-446655440007,Sembako,online,13481,pcs,180,101,Susu Kental Manis kaleng pilihan Jawa Barat berkualitas tinggi untuk kebutuhan dapur Anda,True,2025-10-02 11:16:14
daed20fb-675a-4436-a7e8-84dbc831f935,Susu Kental Manis sachet pilihan,660e8400-e29b-41d4-a716-446655440007,Sembako,online,2141,pcs,180,97,Susu Kental Manis sachet pilihan berkualitas tinggi untuk kebutuhan dapur Anda,True,2025-10-09 11:16:14
d059a1d9-31c6-4d21-bda6-cc0c83bbeb78,Susu Kental Manis kaleng Kalimantan,660e8400-e29b-41d4-a716-446655440007,Sembako,online,11860,pcs,180,40,Susu Kental Manis kaleng Kalimantan berkualitas tinggi untuk kebutuhan dapur Anda,True,2025-09-26 11:16:14
215182d7-5a40-4ad4-8bb9-919b546b4a80,Susu Kental Manis sachet frozen,660e8400-e29b-41d4-a716-446655440007,Sembako,online,1961,pcs,180,64,Susu Kental Manis sachet frozen berkualitas tinggi untuk kebutuhan dapur Anda,True,2025-10-22 11:16:14
ceee4887-1f7e-4143-9a3a-479e98a5ed50,Susu Kental Manis sedang kaleng,660e8400-e29b-41d4-a716-446655440007,Sembako,online,12159,pcs,180,81,Susu Kental Manis sedang kaleng berkualitas tinggi untuk kebutuhan dapur Anda,True,2025-10-18 11:16:14
0b4055b3-289b-4afe-a7fd-2a896f7ee8fb,Kacang Hijau kupas,660e8400-e29b-41d4-a716-446655440007,Sembako,online,23594,kg,180,93,Kacang Hijau kupas berkualitas tinggi untuk kebutuhan dapur Anda,True,2025-10-18 11:16:14
d958ba4e-1758-4968-9987-46348c1c1003,Kacang Hijau utuh,660e8400-e29b-41d4-a716-446655440007,Sembako,online,22050,kg,180,65,Kacang Hijau utuh berkualitas tinggi untuk kebutuhan dapur Anda,True,2025-09-17 11:16:14
fe4f0d48-c538-47b5-bc26-9641ed445019,Kacang Hijau kupas frozen,660e8400-e29b-41d4-a716-446655440007,Sembako,online,24086,kg,180,33,Kacang Hijau kupas frozen berkualitas tinggi untuk kebutuhan dapur Anda,True,2025-10-27 11:16:14
2e3947a2-52c2-4990-b80c-d8eebb65212d,Kacang Hijau sedang utuh,660e8400-e29b-41d4-a716-446655440007,Sembako,online,21571,kg,180,117,Kacang Hijau sedang utuh berkualitas tinggi untuk kebutuhan dapur Anda,True,2025-11-23 11:16:14
ba16c141-0992-4cde-819f-f62205e44356,Kacang Hijau kupas pilihan Jawa Timur,660e8400-e29b-41d4-a716-446655440007,Sembako,online,26256,kg,180,45,Kacang Hijau kupas pilihan Jawa Timur berkualitas tinggi untuk kebutuhan dapur Anda,True,2025-11-02 11:16:14
7974c5dc-81da-4362-89f0-58fd84c9d10a,Kacang Hijau utuh pilihan,660e8400-e29b-41d4-a716-446655440007,Sembako,online,22928,kg,180,119,Kacang Hijau utuh pilihan berkualitas tinggi untuk kebutuhan dapur Anda,True,2025-11-24 11:16:14
c000bafe-b8fd-46bb-840c-5e9b744db66b,Kacang Hijau kupas Bali,660e8400-e29b-41d4-a716-446655440007,Sembako,online,23910,kg,180,59,Kacang Hijau kupas Bali berkualitas tinggi untuk kebutuhan dapur Anda,True,2025-09-07 11:16:14
d2166094-0632-40c3-886f-36cdfa8bbf4d,Kacang Hijau utuh fresh,660e8400-e29b-41d4-a716-446655440007,Sembako,online,22273,kg,180,106,Kacang Hijau utuh fresh berkualitas tinggi untuk kebutuhan dapur Anda,True,2025-09-24 11:16:14
c24b3e86-6773-400f-a0a0-7513af3d4ae9,Kacang Hijau kecil kupas,660e8400-e29b-41d4-a716-446655440007,Sembako,online,24169,kg,180,101,Kacang Hijau kecil kupas berkualitas tinggi untuk kebutuhan dapur Anda,True,2025-11-20 11:16:14
6fa32162-f3b3-4144-a0a2-c9ab2346b54b,Kacang Kedelai lokal,660e8400-e29b-41d4-a716-446655440007,Sembako,online,13760,kg,180,70,Kacang Kedelai lokal berkualitas tinggi untuk kebutuhan dapur Anda,True,2025-11-29 11:16:14
de45fa5a-df0f-427e-b0eb-d2e899b0890f,Kacang Kedelai import,660e8400-e29b-41d4-a716-446655440007,Sembako,online,15928,kg,180,88,Kacang Kedelai import berkualitas tinggi untuk kebutuhan dapur Anda,True,2025-10-08 11:16:14
eec6d029-3d04-46e0-8a7b-658f78847578,Kacang Kedelai kuning,660e8400-e29b-41d4-a716-446655440007,Sembako,online,15149,kg,180,111,Kacang Kedelai kuning berkualitas tinggi untuk kebutuhan dapur Anda,True,2025-10-10 11:16:14
f7fbf0e2-bb48-41b7-a1f3-ab3332f63f08,Kacang Kedelai hitam,660e8400-e29b-41d4-a716-446655440007,Sembako,online,17969,kg,180,65,Kacang Kedelai hitam berkualitas tinggi untuk kebutuhan dapur Anda,True,2025-10-21 11:16:14
ab063865-9579-42b7-bf00-d284b8aa45a5,Kacang Kedelai lokal pilihan Lampung,660e8400-e29b-41d4-a716-446655440007,Sembako,online,14912,kg,180,68,Kacang Kedelai lokal pilihan Lampung berkualitas tinggi untuk kebutuhan dapur Anda,True,2025-09-09 11:16:14
931a7771-bac8-471e-8ae5-1fc70e556b67,Kacang Kedelai import special,660e8400-e29b-41d4-a716-446655440007,Sembako,online,19095,kg,180,103,Kacang Kedelai import special berkualitas tinggi untuk kebutuhan dapur Anda,True,2025-11-21 11:16:14
b376aa72-fe33-49ce-aa59-61c62e32d1c3,Kacang Kedelai kuning Jawa Tengah,660e8400-e29b-41d4-a716-446655440007,Sembako,online,15211,kg,180,66,Kacang Kedelai kuning Jawa Tengah berkualitas tinggi untuk kebutuhan dapur Anda,True,2025-10-04 11:16:14
4e68f22e-de24-4a71-9376-a1df4351c4d5,Kacang Kedelai hitam fresh,660e8400-e29b-41d4-a716-446655440007,Sembako,online,17905,kg,180,86,Kacang Kedelai hitam fresh berkualitas tinggi untuk kebutuhan dapur Anda,True,2025-09-23 11:16:14
030ce179-4878-432d-97a4-b618a9e05d23,Kacang Kedelai besar lokal,660e8400-e29b-41d4-a716-446655440007,Sembako,online,13995,kg,180,78,Kacang Kedelai besar lokal berkualitas tinggi untuk kebutuhan dapur Anda,True,2025-09-28 11:16:14
78a82c11-9235-4f6a-8ee2-b286029dfb93,Kacang Tanah kupas,660e8400-e29b-41d4-a716-446655440007,Sembako,online,27488,kg,90,119,Kacang Tanah kupas berkualitas tinggi untuk kebutuhan dapur Anda,True,2025-10-07 11:16:14
81d339f0-3f5c-42be-a009-aebe935e3df8,Kacang Tanah kulit,660e8400-e29b-41d4-a716-446655440007,Sembako,online,23945,kg,90,106,Kacang Tanah kulit berkualitas tinggi untuk kebutuhan dapur Anda,True,2025-09-22 11:16:14
8ce808a4-4155-4682-ba3e-690c7e261e12,Kacang Tanah sangrai,660e8400-e29b-41d4-a716-446655440007,Sembako,online,29660,kg,90,74,Kacang Tanah sangrai berkualitas tinggi untuk kebutuhan dapur Anda,True,2025-11-14 11:16:14
edbc66ed-fe08-4a7b-8a24-cbf455f1116a,Kacang Tanah besar kupas,660e8400-e29b-41d4-a716-446655440007,Sembako,online,28138,kg,90,95,Kacang Tanah besar kupas berkualitas tinggi untuk kebutuhan dapur Anda,True,2025-09-18 11:16:14
f16f5424-5520-4428-b623-89199e8c7409,Kacang Tanah kulit pilihan Lampung,660e8400-e29b-41d4-a716-446655440007,Sembako,online,27232,kg,90,69,Kacang Tanah kulit pilihan Lampung berkualitas tinggi untuk kebutuhan dapur Anda,True,2025-10-22 11:16:14
9aabd50f-413e-4292-8443-733d3727d1e8,Kacang Tanah sangrai super,660e8400-e29b-41d4-a716-446655440007,Sembako,online,34506,kg,90,44,Kacang Tanah sangrai super berkualitas tinggi untuk kebutuhan dapur Anda,True,2025-11-28 11:16:14
4ede0535-ec6c-4fa2-a234-03e6610868f4,Kacang Tanah kupas Jawa Tengah,660e8400-e29b-41d4-a716-446655440007,Sembako,online,28189,kg,90,83,Kacang Tanah kupas Jawa Tengah berkualitas tinggi untuk kebutuhan dapur Anda,True,2025-10-21 11:16:14
18b50f57-724b-463c-b4f1-f2d953425359,Kacang Tanah kulit frozen,660e8400-e29b-41d4-a716-446655440007,Sembako,online,23955,kg,90,64,Kacang Tanah kulit frozen berkualitas tinggi untuk kebutuhan dapur Anda,True,2025-10-01 11:16:14
11ba3a88-f347-4268-830f-f41b08a49140,Kacang Tanah sedang sangrai,660e8400-e29b-41d4-a716-446655440007,Sembako,online,29496,kg,90,67,Kacang Tanah sedang sangrai berkualitas tinggi untuk kebutuhan dapur Anda,True,2025-10-05 11:16:14
8f6fdfe4-a19e-4dd2-afeb-85bff2078d25,Tempe segar,660e8400-e29b-41d4-a716-446655440007,Sembako,online,12219,kg,3,50,Tempe segar berkualitas tinggi untuk kebutuhan dapur Anda,True,2025-12-01 11:16:14
405e55d2-94c1-47d5-be62-0eef173c9efa,Tempe kedelai hitam,660e8400-e29b-41d4-a716-446655440007,Sembako,online,15054,kg,3,70,Tempe kedelai hitam berkualitas tinggi untuk kebutuhan dapur Anda,True,2025-11-27 11:16:14
21a1c03a-c887-4e81-bad9-10e8a51be221,Tempe goreng,660e8400-e29b-41d4-a716-446655440007,Sembako,online,18036,kg,3,79,Tempe goreng berkualitas tinggi untuk kebutuhan dapur Anda,True,2025-10-26 11:16:14
573a8f53-cf54-4e80-8c4a-963dbe0a6a7f,Tempe besar segar,660e8400-e29b-41d4-a716-446655440007,Sembako,online,12138,kg,3,33,Tempe besar segar berkualitas tinggi untuk kebutuhan dapur Anda,True,2025-11-14 11:16:14
86db00ad-34f8-4b04-b081-d324e2ffdbf3,Tempe kedelai hitam pilihan Lampung,660e8400-e29b-41d4-a716-446655440007,Sembako,online,16817,kg,3,80,Tempe kedelai hitam pilihan Lampung berkualitas tinggi untuk kebutuhan dapur Anda,True,2025-10-30 11:16:14
67d49a7d-c81d-4dfb-9a75-c3803a04c0c6,Tempe goreng ekonomis,660e8400-e29b-41d4-a716-446655440007,Sembako,online,16347,kg,3,113,Tempe goreng ekonomis berkualitas tinggi untuk kebutuhan dapur Anda,True,2025-10-18 11:16:14
7eed7686-3902-4f08-aea4-31ca0d9ce740,Tempe segar Sulawesi,660e8400-e29b-41d4-a716-446655440007,Sembako,online,11863,kg,3,80,Tempe segar Sulawesi berkualitas tinggi untuk kebutuhan dapur Anda,True,2025-10-30 11:16:14
64ad03eb-926a-4f56-a9ea-ca1793c3156a,Tempe kedelai hitam frozen,660e8400-e29b-41d4-a716-446655440007,Sembako,online,15079,kg,3,30,Tempe kedelai hitam frozen berkualitas tinggi untuk kebutuhan dapur Anda,True,2025-10-08 11:16:14
ae782718-41a2-43e2-89f6-07670cc65aac,Tempe kecil goreng,660e8400-e29b-41d4-a716-446655440007,Sembako,online,17874,kg,3,83,Tempe kecil goreng berkualitas tinggi untuk kebutuhan dapur Anda,True,2025-11-11 11:16:14
e07b5edf-6c63-4ef1-a0c8-43962618ce10,Tahu putih,660e8400-e29b-41d4-a716-446655440007,Sembako,online,7975,kg,3,39,Tahu putih berkualitas tinggi untuk kebutuhan dapur Anda,True,2025-10-24 11:16:14
5f808fc9-b0d2-4932-9184-2702de4d7897,Tahu kuning,660e8400-e29b-41d4-a716-446655440007,Sembako,online,6882,kg,3,86,Tahu kuning berkualitas tinggi untuk kebutuhan dapur Anda,True,2025-11-17 11:16:14
2c26699a-3f7c-4417-a23d-e7cac99100c8,Tahu sutra,660e8400-e29b-41d4-a716-446655440007,Sembako,online,9872,kg,3,81,Tahu sutra berkualitas tinggi untuk kebutuhan dapur Anda,True,2025-11-19 11:16:14
b5cf122c-7953-4a39-ab20-cea4d7eb9d0e,Tahu jepang,660e8400-e29b-41d4-a716-446655440007,Sembako,online,11991,kg,3,69,Tahu jepang berkualitas tinggi untuk kebutuhan dapur Anda,True,2025-09-17 11:16:14
58424fa9-4684-4f4d-b9d0-17fb98d97739,Tahu putih pilihan Jawa Barat,660e8400-e29b-41d4-a716-446655440007,Sembako,online,8795,kg,3,35,Tahu putih pilihan Jawa Barat berkualitas tinggi untuk kebutuhan dapur Anda,True,2025-10-16 11:16:14
96a6063c-88a7-4ca4-8374-3982e6ba8b2b,Tahu kuning ekonomis,660e8400-e29b-41d4-a716-446655440007,Sembako,online,6378,kg,3,94,Tahu kuning ekonomis berkualitas tinggi untuk kebutuhan dapur Anda,True,2025-10-20 11:16:14
659e9a99-9600-4f7a-82a7-2a70a5d09b03,Tahu sutra Jawa Timur,660e8400-e29b-41d4-a716-446655440007,Sembako,online,10114,kg,3,56,Tahu sutra Jawa Timur berkualitas tinggi untuk kebutuhan dapur Anda,True,2025-10-11 11:16:14
78ac3f62-1a05-40c5-a317-ae9e56dc24d0,Tahu jepang chilled,660e8400-e29b-41d4-a716-446655440007,Sembako,online,12034,kg,3,47,Tahu jepang chilled berkualitas tinggi untuk kebutuhan dapur Anda,True,2025-10-18 11:16:14
bdd32974-c03f-43ce-9d8d-24518f1ccf3f,Tahu sedang putih,660e8400-e29b-41d4-a716-446655440007,Sembako,online,7867,kg,3,112,Tahu sedang putih berkualitas tinggi untuk kebutuhan dapur Anda,True,2025-10-12 11:16:14
2b2049ff-a8f1-4963-9feb-4dbbc493761b,Tepung Terigu segitiga biru,660e8400-e29b-41d4-a716-446655440007,Sembako,online,14276,kg,180,69,Tepung Terigu segitiga biru berkualitas tinggi untuk kebutuhan dapur Anda,True,2025-09-11 11:16:14
f50764cb-9fd2-4019-9915-e06e319c7f20,Tepung Terigu cakra kembar,660e8400-e29b-41d4-a716-446655440007,Sembako,online,12973,kg,180,96,Tepung Terigu cakra kembar berkualitas tinggi untuk kebutuhan dapur Anda,True,2025-09-15 11:16:14
73b11c18-0ec2-4365-b29e-7db134b5d04c,Tepung Terigu kunci biru,660e8400-e29b-41d4-a716-446655440007,Sembako,online,14967,kg,180,99,Tepung Terigu kunci biru berkualitas tinggi untuk kebutuhan dapur Anda,True,2025-10-24 11:16:14
2c9a904f-8a6c-4ad7-b1b0-fd6f90db685a,Tepung Terigu mini segitiga biru,660e8400-e29b-41d4-a716-446655440007,Sembako,online,13798,kg,180,98,Tepung Terigu mini segitiga biru berkualitas tinggi untuk kebutuhan dapur Anda,True,2025-09-25 11:16:14
3f2d20fd-7321-4def-a446-a572f08e1e0f,Tepung Terigu cakra kembar premium Jawa Barat,660e8400-e29b-41d4-a716-446655440007,Sembako,online,17487,kg,180,71,Tepung Terigu cakra kembar premium Jawa Barat berkualitas tinggi untuk kebutuhan dapur Anda,True,2025-11-14 11:16:14
3b52e89d-b129-4d83-8c86-e2e93551cb95,Tepung Terigu kunci biru ekonomis,660e8400-e29b-41d4-a716-446655440007,Sembako,online,13009,kg,180,45,Tepung Terigu kunci biru ekonomis berkualitas tinggi untuk kebutuhan dapur Anda,True,2025-10-29 11:16:14
25f9f030-a765-4f3d-88c7-a435db30d46b,Tepung Terigu segitiga biru Bali,660e8400-e29b-41d4-a716-446655440007,Sembako,online,14128,kg,180,36,Tepung Terigu segitiga biru Bali berkualitas tinggi untuk kebutuhan dapur Anda,True,2025-09-30 11:16:14
6eaa98a1-be11-4893-b31a-88980015d99b,Tepung Terigu cakra kembar segar pagi,660e8400-e29b-41d4-a716-446655440007,Sembako,online,12833,kg,180,98,Tepung Terigu cakra kembar segar pagi berkualitas tinggi untuk kebutuhan dapur Anda,True,2025-10-11 11:16:14
7d5a0e9b-9104-467d-b3f2-7147b6891633,Tepung Terigu sedang kunci biru,660e8400-e29b-41d4-a716-446655440007,Sembako,online,15098,kg,180,112,Tepung Terigu sedang kunci biru berkualitas tinggi untuk kebutuhan dapur Anda,True,2025-11-07 11:16:14
313f82ed-c7eb-4768-8f23-6c1247ae15db,Tepung Beras ros brand,660e8400-e29b-41d4-a716-446655440007,Sembako,online,12228,kg,180,35,Tepung Beras ros brand berkualitas tinggi untuk kebutuhan dapur Anda,True,2025-09-04 11:16:14
5e1ed613-cece-4490-965c-f184f5fbd8a4,Tepung Beras lokal,660e8400-e29b-41d4-a716-446655440007,Sembako,online,10175,kg,180,47,Tepung Beras lokal berkualitas tinggi untuk kebutuhan dapur Anda,True,2025-10-28 11:16:14
2a68bb11-a467-4010-aba6-8bbc6bcacabb,Tepung Beras ros brand chilled,660e8400-e29b-41d4-a716-446655440007,Sembako,online,12054,kg,180,118,Tepung Beras ros brand chilled berkualitas tinggi untuk kebutuhan dapur Anda,True,2025-09-19 11:16:14
913b6bb1-d0e9-4b78-a4c4-11796d412efd,Tepung Beras jumbo lokal,660e8400-e29b-41d4-a716-446655440007,Sembako,online,10009,kg,180,87,Tepung Beras jumbo lokal berkualitas tinggi untuk kebutuhan dapur Anda,True,2025-10-15 11:16:14
19d76210-359e-40c1-b8c4-07b32879dbd2,Tepung Beras ros brand premium Jawa Timur,660e8400-e29b-41d4-a716-446655440007,Sembako,online,14744,kg,180,98,Tepung Beras ros brand premium Jawa Timur berkualitas tinggi untuk kebutuhan dapur Anda,True,2025-11-17 11:16:14
8e9e33c9-4446-4103-a480-17cfe7d61474,Tepung Beras lokal special,660e8400-e29b-41d4-a716-446655440007,Sembako,online,11633,kg,180,50,Tepung Beras lokal special berkualitas tinggi untuk kebutuhan dapur Anda,True,2025-10-14 11:16:14
f20fb1f0-52e4-4e6d-af76-30889a37cf99,Tepung Beras ros brand Kalimantan,660e8400-e29b-41d4-a716-446655440007,Sembako,online,12238,kg,180,88,Tepung Beras ros brand Kalimantan berkualitas tinggi untuk kebutuhan dapur Anda,True,2025-11-20 11:16:14
d5a432d6-7730-4c23-89f8-1a4c80d2d7ed,Tepung Beras lokal fresh,660e8400-e29b-41d4-a716-446655440007,Sembako,online,10113,kg,180,66,Tepung Beras lokal fresh berkualitas tinggi untuk kebutuhan dapur Anda,True,2025-11-30 11:16:14
4cbb3820-4acf-402b-8dc3-f363e48b9068,Tepung Beras kecil ros brand,660e8400-e29b-41d4-a716-446655440007,Sembako,online,11933,kg,180,48,Tepung Beras kecil ros brand berkualitas tinggi untuk kebutuhan dapur Anda,True,2025-11-07 11:16:14
a65a33b0-d927-442a-9a9b-e0f308eae8b0,Maizena maizenaku,660e8400-e29b-41d4-a716-446655440007,Sembako,online,14717,kg,360,39,Maizena maizenaku berkualitas tinggi untuk kebutuhan dapur Anda,True,2025-11-30 11:16:14
f63e3f94-d908-4a64-a90d-3e7992b42e98,Maizena biasa,660e8400-e29b-41d4-a716-446655440007,Sembako,online,12070,kg,360,63,Maizena biasa berkualitas tinggi untuk kebutuhan dapur Anda,True,2025-11-14 11:16:14
21fa8be5-c170-4f65-b34e-25785111f189,Maizena maizenaku frozen,660e8400-e29b-41d4-a716-446655440007,Sembako,online,15296,kg,360,38,Maizena maizenaku frozen berkualitas tinggi untuk kebutuhan dapur Anda,True,2025-09-11 11:16:14
f3dcd174-fb83-4951-96f9-fdfeb12ff74e,Maizena kecil biasa,660e8400-e29b-41d4-a716-446655440007,Sembako,online,12067,kg,360,38,Maizena kecil biasa berkualitas tinggi untuk kebutuhan dapur Anda,True,2025-09-14 11:16:14
b928adcc-37a1-48f7-bf21-4ba00be805c9,Maizena maizenaku super Lampung,660e8400-e29b-41d4-a716-446655440007,Sembako,online,17146,kg,360,94,Maizena maizenaku super Lampung berkualitas tinggi untuk kebutuhan dapur Anda,True,2025-11-07 11:16:14
f9977cda-21c4-467a-86d1-bb2cc5a3635a,Maizena biasa special,660e8400-e29b-41d4-a716-446655440007,Sembako,online,13211,kg,360,86,Maizena biasa special berkualitas tinggi untuk kebutuhan dapur Anda,True,2025-09-27 11:16:14
61f7a159-cc19-4483-8b6d-9207b8a47026,Maizena maizenaku Sumatera,660e8400-e29b-41d4-a716-446655440007,Sembako,online,14953,kg,360,84,Maizena maizenaku Sumatera berkualitas tinggi untuk kebutuhan dapur Anda,True,2025-11-26 11:16:14
6a5dd596-b6fb-4b9d-8852-304ab1aa58a7,Maizena biasa segar pagi,660e8400-e29b-41d4-a716-446655440007,Sembako,online,11903,kg,360,55,Maizena biasa segar pagi berkualitas tinggi untuk kebutuhan dapur Anda,True,2025-09-17 11:16:14
935bc861-52a5-4206-a9af-61fae8fed393,Maizena besar maizenaku,660e8400-e29b-41d4-a716-446655440007,Sembako,online,15292,kg,360,80,Maizena besar maizenaku berkualitas tinggi untuk kebutuhan dapur Anda,True,2025-11-26 11:16:14
9a182188-1bdb-4f27-9c8e-840371568c4e,Santan kara,660e8400-e29b-41d4-a716-446655440007,Sembako,online,7843,pcs,30,117,Santan kara berkualitas tinggi untuk kebutuhan dapur Anda,True,2025-11-07 11:16:14
57bb546d-b1ef-45d1-8526-130fd09cceb2,Santan instan,660e8400-e29b-41d4-a716-446655440007,Sembako,online,6053,pcs,30,84,Santan instan berkualitas tinggi untuk kebutuhan dapur Anda,True,2025-09-03 11:16:14
bdac2805-3d39-4ac1-8776-02eab6ff7958,Santan kelapa murni,660e8400-e29b-41d4-a716-446655440007,Sembako,online,9891,pcs,30,81,Santan kelapa murni berkualitas tinggi untuk kebutuhan dapur Anda,True,2025-10-01 11:16:14
0a87d188-e3d5-4d7b-b9ba-c97640738f7e,Santan sedang kara,660e8400-e29b-41d4-a716-446655440007,Sembako,online,7989,pcs,30,91,Santan sedang kara berkualitas tinggi untuk kebutuhan dapur Anda,True,2025-11-13 11:16:14
2598394a-a7c6-4e66-88be-07e300218ffc,Santan instan premium Jawa Timur,660e8400-e29b-41d4-a716-446655440007,Sembako,online,7589,pcs,30,89,Santan instan premium Jawa Timur berkualitas tinggi untuk kebutuhan dapur Anda,True,2025-11-25 11:16:14
026c5883-6035-4203-b3b8-a810919cc687,Santan kelapa murni super,660e8400-e29b-41d4-a716-446655440007,Sembako,online,11677,pcs,30,48,Santan kelapa murni super berkualitas tinggi untuk kebutuhan dapur Anda,True,2025-10-08 11:16:14
b94bac5f-b217-4ace-b76b-eb8d68321dcf,Santan kara Jawa Tengah,660e8400-e29b-41d4-a716-446655440007,Sembako,online,7890,pcs,30,106,Santan kara Jawa Tengah berkualitas tinggi untuk kebutuhan dapur Anda,True,2025-09-15 11:16:14
09d8f58f-4e8e-4953-af91-b4974d84d179,Santan instan chilled,660e8400-e29b-41d4-a716-446655440007,Sembako,online,5894,pcs,30,62,Santan instan chilled berkualitas tinggi untuk kebutuhan dapur Anda,True,2025-10-15 11:16:14
349f1b2c-f68f-4054-b375-0241c556bb7e,Santan mini kelapa murni,660e8400-e29b-41d4-a716-446655440007,Sembako,online,10031,pcs,30,112,Santan mini kelapa murni berkualitas tinggi untuk kebutuhan dapur Anda,True,2025-11-12 11:16:14
