id,name,category_id,category_name,product_type,selling_price,quantity_info,shelf_life_days,total_stock,description,is_active,created_at
652976b6-d373-4ece-848a-e9f596f9cb9a,Udang kecil,660e8400-e29b-41d4-a716-446655440001,Protein Laut,online,38266,kg,3,63,Udang kecil berkualitas tinggi untuk kebutuhan dapur Anda,True,2025-10-17 10:57:17
9159372c-cd09-49a3-81ac-1991eeac17cc,Udang sedang,660e8400-e29b-41d4-a716-446655440001,Protein Laut,online,65912,kg,3,89,Udang sedang berkualitas tinggi untuk kebutuhan dapur Anda,True,2025-11-20 10:57:17
0902ba30-05f9-4657-b09d-49d46f1392f6,Udang besar,660e8400-e29b-41d4-a716-446655440001,Protein Laut,online,81861,kg,3,87,Udang besar berkualitas tinggi untuk kebutuhan dapur Anda,True,2025-10-21 10:57:17
967c8ccf-040a-4118-831c-541039c442c4,Udang jumbo,660e8400-e29b-41d4-a716-446655440001,Protein Laut,online,114850,kg,3,50,Udang jumbo berkualitas tinggi untuk kebutuhan dapur Anda,True,2025-11-18 10:57:17
0d39adf3-62d6-481c-bd44-74debfce0964,Udang kecil Lokal,660e8400-e29b-41d4-a716-446655440001,Protein Laut,online,40092,kg,3,55,Udang kecil Lokal berkualitas tinggi untuk kebutuhan dapur Anda,True,2025-10-28 10:57:17
5cc9ec0c-3e49-4ab4-81d3-c0125f367e89,Udang sedang fresh,660e8400-e29b-41d4-a716-446655440001,Protein Laut,online,67613,kg,3,24,Udang sedang fresh berkualitas tinggi untuk kebutuhan dapur Anda,True,2025-10-30 10:57:17
5706490a-f29a-48fc-ad3c-d55862de7d0c,Udang besar super,660e8400-e29b-41d4-a716-446655440001,Protein Laut,online,100765,kg,3,52,Udang besar super berkualitas tinggi untuk kebutuhan dapur Anda,True,2025-10-19 10:57:17
970c2958-670a-4538-b658-e551971dec1a,Udang jumbo Sumatera,660e8400-e29b-41d4-a716-446655440001,Protein Laut,online,108987,kg,3,40,Udang jumbo Sumatera berkualitas tinggi untuk kebutuhan dapur Anda,True,2025-11-01 10:57:17
52fb2fac-fbe1-449b-9a3a-332e1d43b650,Udang kecil beku,660e8400-e29b-41d4-a716-446655440001,Protein Laut,online,40204,kg,3,71,Udang kecil beku berkualitas tinggi untuk kebutuhan dapur Anda,True,2025-10-07 10:57:17
b2e4fdc3-4ed8-4552-9c15-edffc84bedbe,Udang sedang premium,660e8400-e29b-41d4-a716-446655440001,Protein Laut,online,77415,kg,3,91,Udang sedang premium berkualitas tinggi untuk kebutuhan dapur Anda,True,2025-11-25 10:57:17
05c08d9a-10a4-419f-a5a5-dedd5b6ade8c,Udang besar Sulawesi,660e8400-e29b-41d4-a716-446655440001,Protein Laut,online,84254,kg,3,36,Udang besar Sulawesi berkualitas tinggi untuk kebutuhan dapur Anda,True,2025-11-07 10:57:17
debe56d1-c637-4f0b-8934-7642d3d16172,Udang jumbo segar pagi,660e8400-e29b-41d4-a716-446655440001,Protein Laut,online,105720,kg,3,24,Udang jumbo segar pagi berkualitas tinggi untuk kebutuhan dapur Anda,True,2025-10-18 10:57:17
a257552a-fa73-4267-b829-459dfa7d68c6,Udang kecil super,660e8400-e29b-41d4-a716-446655440001,Protein Laut,online,45823,kg,3,74,Udang kecil super berkualitas tinggi untuk kebutuhan dapur Anda,True,2025-10-21 10:57:17
aa06bc7a-8f4e-4091-ba47-1a3507f3ab9f,Cumi kecil,660e8400-e29b-41d4-a716-446655440001,Protein Laut,online,49964,kg,2,84,Cumi kecil berkualitas tinggi untuk kebutuhan dapur Anda,True,2025-10-12 10:57:17
71db9993-205e-48f6-af08-48e3a38b3f0d,Cumi sedang,660e8400-e29b-41d4-a716-446655440001,Protein Laut,online,62929,kg,2,65,Cumi sedang berkualitas tinggi untuk kebutuhan dapur Anda,True,2025-10-24 10:57:17
3d51d992-f665-403b-9e74-83c475b47676,Cumi besar,660e8400-e29b-41d4-a716-446655440001,Protein Laut,online,81387,kg,2,94,Cumi besar berkualitas tinggi untuk kebutuhan dapur Anda,True,2025-11-29 10:57:17
510e45c4-38fe-4e72-8914-8ca49a0ba9db,Cumi kecil super,660e8400-e29b-41d4-a716-446655440001,Protein Laut,online,60607,kg,2,96,Cumi kecil super berkualitas tinggi untuk kebutuhan dapur Anda,True,2025-11-05 10:57:17
65190ba6-91d6-4a54-bca5-fd6935a349a3,Cumi sedang Sulawesi,660e8400-e29b-41d4-a716-446655440001,Protein Laut,online,62035,kg,2,31,Cumi sedang Sulawesi berkualitas tinggi untuk kebutuhan dapur Anda,True,2025-10-25 10:57:17
683bce71-32df-42e5-adb8-a26fde5da3ef,Cumi besar segar pagi,660e8400-e29b-41d4-a716-446655440001,Protein Laut,online,79114,kg,2,61,Cumi besar segar pagi berkualitas tinggi untuk kebutuhan dapur Anda,True,2025-11-18 10:57:17
38d19e7b-19dc-4635-a22a-f89a2aea1457,Cumi kecil premium,660e8400-e29b-41d4-a716-446655440001,Protein Laut,online,61362,kg,2,46,Cumi kecil premium berkualitas tinggi untuk kebutuhan dapur Anda,True,2025-10-11 10:57:17
68b80272-4ac7-4d8f-b04d-8760807f822e,Cumi sedang Lampung,660e8400-e29b-41d4-a716-446655440001,Protein Laut,online,64470,kg,2,66,Cumi sedang Lampung berkualitas tinggi untuk kebutuhan dapur Anda,True,2025-11-05 10:57:17
2187d6b0-7ba9-4365-924a-2506f0e73f0c,Cumi besar chilled,660e8400-e29b-41d4-a716-446655440001,Protein Laut,online,77013,kg,2,36,Cumi besar chilled berkualitas tinggi untuk kebutuhan dapur Anda,True,2025-11-01 10:57:17
118c9247-e8bf-4142-b318-357b27aa0436,Cumi kecil super,660e8400-e29b-41d4-a716-446655440001,Protein Laut,online,58555,kg,2,51,Cumi kecil super berkualitas tinggi untuk kebutuhan dapur Anda,True,2025-10-02 10:57:17
04d67650-440f-491c-a0f9-8e04fc3f8182,Cumi sedang Sumatera,660e8400-e29b-41d4-a716-446655440001,Protein Laut,online,63373,kg,2,49,Cumi sedang Sumatera berkualitas tinggi untuk kebutuhan dapur Anda,True,2025-10-07 10:57:17
4120c5a5-3789-47e4-b178-8ab6f13329f4,Cumi besar beku,660e8400-e29b-41d4-a716-446655440001,Protein Laut,online,82596,kg,2,22,Cumi besar beku berkualitas tinggi untuk kebutuhan dapur Anda,True,2025-10-18 10:57:17
36325277-4ab8-495c-9f80-fd2d095ffc34,Cumi kecil pilihan,660e8400-e29b-41d4-a716-446655440001,Protein Laut,online,51276,kg,2,39,Cumi kecil pilihan berkualitas tinggi untuk kebutuhan dapur Anda,True,2025-10-17 10:57:17
13c72cc3-041b-4513-b4f8-697971bdfc5d,Ikan Kembung segar,660e8400-e29b-41d4-a716-446655440001,Protein Laut,online,29551,kg,2,37,Ikan Kembung segar berkualitas tinggi untuk kebutuhan dapur Anda,True,2025-11-28 10:57:17
50735277-fee0-4539-979c-71de4630975b,Ikan Kembung beku,660e8400-e29b-41d4-a716-446655440001,Protein Laut,online,26026,kg,2,69,Ikan Kembung beku berkualitas tinggi untuk kebutuhan dapur Anda,True,2025-11-25 10:57:17
2e186270-5ce4-4812-ae38-97d133c3cd65,Ikan Kembung segar segar pagi,660e8400-e29b-41d4-a716-446655440001,Protein Laut,online,29829,kg,2,23,Ikan Kembung segar segar pagi berkualitas tinggi untuk kebutuhan dapur Anda,True,2025-11-24 10:57:17
0dd333f9-6781-4a69-a48d-e282cec85ad5,Ikan Kembung beku reguler,660e8400-e29b-41d4-a716-446655440001,Protein Laut,online,24426,kg,2,73,Ikan Kembung beku reguler berkualitas tinggi untuk kebutuhan dapur Anda,True,2025-10-20 10:57:17
9453e6b2-5b2b-40a7-a6d2-68d12448df27,Ikan Kembung segar Lampung,660e8400-e29b-41d4-a716-446655440001,Protein Laut,online,31341,kg,2,39,Ikan Kembung segar Lampung berkualitas tinggi untuk kebutuhan dapur Anda,True,2025-11-15 10:57:17
b371c06e-d2a0-4da1-86a4-eefb9379ee1b,Ikan Kembung beku beku,660e8400-e29b-41d4-a716-446655440001,Protein Laut,online,24033,kg,2,52,Ikan Kembung beku beku berkualitas tinggi untuk kebutuhan dapur Anda,True,2025-10-17 10:57:17
cb04ea76-6969-41d1-a0fc-e2d174dc1e94,Ikan Kembung segar reguler,660e8400-e29b-41d4-a716-446655440001,Protein Laut,online,27942,kg,2,78,Ikan Kembung segar reguler berkualitas tinggi untuk kebutuhan dapur Anda,True,2025-11-28 10:57:17
a209b6eb-dd74-4c1e-8bc2-3205013af483,Ikan Kembung beku Sumatera,660e8400-e29b-41d4-a716-446655440001,Protein Laut,online,24855,kg,2,73,Ikan Kembung beku Sumatera berkualitas tinggi untuk kebutuhan dapur Anda,True,2025-10-04 10:57:17
aae1006a-6826-4b8e-9745-9b6483233155,Ikan Kembung segar fresh,660e8400-e29b-41d4-a716-446655440001,Protein Laut,online,29969,kg,2,53,Ikan Kembung segar fresh berkualitas tinggi untuk kebutuhan dapur Anda,True,2025-11-18 10:57:17
beb8b505-a3b9-450e-bf14-3f5146f053db,Ikan Kembung beku pilihan,660e8400-e29b-41d4-a716-446655440001,Protein Laut,online,27273,kg,2,81,Ikan Kembung beku pilihan berkualitas tinggi untuk kebutuhan dapur Anda,True,2025-10-18 10:57:17
df00463d-18ad-46cd-a8b2-aabf918053fd,Ikan Kembung segar Lampung,660e8400-e29b-41d4-a716-446655440001,Protein Laut,online,30573,kg,2,96,Ikan Kembung segar Lampung berkualitas tinggi untuk kebutuhan dapur Anda,True,2025-10-15 10:57:17
ec912bb0-efe6-4be3-99c0-809f948e42fb,Ikan Kembung beku fresh,660e8400-e29b-41d4-a716-446655440001,Protein Laut,online,24330,kg,2,77,Ikan Kembung beku fresh berkualitas tinggi untuk kebutuhan dapur Anda,True,2025-11-28 10:57:17
792133df-13f4-4867-a736-330674aa06ed,Ikan Kembung segar super,660e8400-e29b-41d4-a716-446655440001,Protein Laut,online,33317,kg,2,66,Ikan Kembung segar super berkualitas tinggi untuk kebutuhan dapur Anda,True,2025-11-14 10:57:17
c7bce5d5-6499-4a2c-be8a-2eacbef89669,Bawal segar,660e8400-e29b-41d4-a716-446655440001,Protein Laut,online,35426,kg,2,89,Bawal segar berkualitas tinggi untuk kebutuhan dapur Anda,True,2025-10-12 10:57:17
05d24ef2-6594-458f-8da3-87b92c67ffef,Bawal fillet,660e8400-e29b-41d4-a716-446655440001,Protein Laut,online,45433,kg,2,84,Bawal fillet berkualitas tinggi untuk kebutuhan dapur Anda,True,2025-10-26 10:57:17
6c5af1d9-60b5-4fce-9457-833da9cc8ec8,Bawal segar fresh,660e8400-e29b-41d4-a716-446655440001,Protein Laut,online,36322,kg,2,28,Bawal segar fresh berkualitas tinggi untuk kebutuhan dapur Anda,True,2025-11-07 10:57:17
c18ff3d7-ea49-4f03-86e4-c3fbd4c01ca2,Bawal fillet reguler,660e8400-e29b-41d4-a716-446655440001,Protein Laut,online,42455,kg,2,91,Bawal fillet reguler berkualitas tinggi untuk kebutuhan dapur Anda,True,2025-10-12 10:57:17
0dd088db-16a8-4e71-97f5-3fe0ac8b1bf0,Bawal segar Lokal,660e8400-e29b-41d4-a716-446655440001,Protein Laut,online,33520,kg,2,60,Bawal segar Lokal berkualitas tinggi untuk kebutuhan dapur Anda,True,2025-11-11 10:57:17
76456382-ec79-46f6-b04c-7f4ed4d06ad4,Bawal fillet chilled,660e8400-e29b-41d4-a716-446655440001,Protein Laut,online,47002,kg,2,21,Bawal fillet chilled berkualitas tinggi untuk kebutuhan dapur Anda,True,2025-10-14 10:57:17
c57613a5-d635-4f7b-b173-ff6dd44ff772,Bawal segar ekonomis,660e8400-e29b-41d4-a716-446655440001,Protein Laut,online,29596,kg,2,90,Bawal segar ekonomis berkualitas tinggi untuk kebutuhan dapur Anda,True,2025-10-09 10:57:17
72394296-11c3-4054-9620-71ce7b2c9e87,Bawal fillet Sulawesi,660e8400-e29b-41d4-a716-446655440001,Protein Laut,online,45932,kg,2,37,Bawal fillet Sulawesi berkualitas tinggi untuk kebutuhan dapur Anda,True,2025-11-16 10:57:17
8f02c3c1-f166-42a1-a46b-b3899c5f3a94,Bawal segar chilled,660e8400-e29b-41d4-a716-446655440001,Protein Laut,online,34759,kg,2,28,Bawal segar chilled berkualitas tinggi untuk kebutuhan dapur Anda,True,2025-10-22 10:57:17
767ba4d6-7922-440a-b915-efe43cf2b448,Bawal fillet reguler,660e8400-e29b-41d4-a716-446655440001,Protein Laut,online,44688,kg,2,93,Bawal fillet reguler berkualitas tinggi untuk kebutuhan dapur Anda,True,2025-11-12 10:57:17
7ca4efb0-f3a3-480d-97f3-f4b398e04c6a,Bawal segar Lokal,660e8400-e29b-41d4-a716-446655440001,Protein Laut,online,36291,kg,2,21,Bawal segar Lokal berkualitas tinggi untuk kebutuhan dapur Anda,True,2025-10-16 10:57:17
b10a6d44-5388-488b-8046-864268d79f81,Bawal fillet fresh,660e8400-e29b-41d4-a716-446655440001,Protein Laut,online,46165,kg,2,32,Bawal fillet fresh berkualitas tinggi untuk kebutuhan dapur Anda,True,2025-11-18 10:57:17
32cfbd67-2615-47ba-afe1-461e8c110597,Bawal segar premium,660e8400-e29b-41d4-a716-446655440001,Protein Laut,online,43124,kg,2,85,Bawal segar premium berkualitas tinggi untuk kebutuhan dapur Anda,True,2025-10-02 10:57:17
ee6d4184-c4c1-46a0-a6b5-884f139ae3fa,Tongkol utuh,660e8400-e29b-41d4-a716-446655440001,Protein Laut,online,38400,kg,2,23,Tongkol utuh berkualitas tinggi untuk kebutuhan dapur Anda,True,2025-10-27 10:57:17
905c0afd-dfcf-48dd-be96-7732bd8037a6,Tongkol fillet,660e8400-e29b-41d4-a716-446655440001,Protein Laut,online,50742,kg,2,98,Tongkol fillet berkualitas tinggi untuk kebutuhan dapur Anda,True,2025-10-24 10:57:17
f9451b4a-bb6a-4d10-991e-54fe0c75ba05,Tongkol utuh chilled,660e8400-e29b-41d4-a716-446655440001,Protein Laut,online,41919,kg,2,64,Tongkol utuh chilled berkualitas tinggi untuk kebutuhan dapur Anda,True,2025-10-02 10:57:17
737010e4-20bd-468a-82a8-d5a2d96df300,Tongkol fillet super,660e8400-e29b-41d4-a716-446655440001,Protein Laut,online,52739,kg,2,54,Tongkol fillet super berkualitas tinggi untuk kebutuhan dapur Anda,True,2025-10-31 10:57:17
571dd61b-d844-4a5f-ade1-2fd700fd5b6c,Tongkol utuh Sumatera,660e8400-e29b-41d4-a716-446655440001,Protein Laut,online,41523,kg,2,23,Tongkol utuh Sumatera berkualitas tinggi untuk kebutuhan dapur Anda,True,2025-11-02 10:57:17
8ea0ac19-275b-4e03-b113-47893cd4480b,Tongkol fillet beku,660e8400-e29b-41d4-a716-446655440001,Protein Laut,online,49641,kg,2,42,Tongkol fillet beku berkualitas tinggi untuk kebutuhan dapur Anda,True,2025-11-27 10:57:17
cba7807a-8956-4221-8b86-8cab90336e33,Tongkol utuh super,660e8400-e29b-41d4-a716-446655440001,Protein Laut,online,43809,kg,2,94,Tongkol utuh super berkualitas tinggi untuk kebutuhan dapur Anda,True,2025-10-23 10:57:17
58ccd89a-80f4-490f-9971-e0be5cbe22c9,Tongkol fillet Jawa Timur,660e8400-e29b-41d4-a716-446655440001,Protein Laut,online,51246,kg,2,92,Tongkol fillet Jawa Timur berkualitas tinggi untuk kebutuhan dapur Anda,True,2025-11-23 10:57:17
5a6c2fd7-0003-480f-bbd5-a1ae476fd877,Tongkol utuh fresh,660e8400-e29b-41d4-a716-446655440001,Protein Laut,online,41452,kg,2,29,Tongkol utuh fresh berkualitas tinggi untuk kebutuhan dapur Anda,True,2025-11-10 10:57:17
075c0c30-b953-445f-b20a-716dd771001a,Tongkol fillet pilihan,660e8400-e29b-41d4-a716-446655440001,Protein Laut,online,47299,kg,2,90,Tongkol fillet pilihan berkualitas tinggi untuk kebutuhan dapur Anda,True,2025-11-19 10:57:17
3312e549-62c9-4916-ad11-7ffe36e3f5d6,Tongkol utuh Jawa Tengah,660e8400-e29b-41d4-a716-446655440001,Protein Laut,online,40088,kg,2,79,Tongkol utuh Jawa Tengah berkualitas tinggi untuk kebutuhan dapur Anda,True,2025-10-08 10:57:17
af3ac48f-0099-4730-88c1-ba192dec389e,Tongkol fillet beku,660e8400-e29b-41d4-a716-446655440001,Protein Laut,online,51968,kg,2,22,Tongkol fillet beku berkualitas tinggi untuk kebutuhan dapur Anda,True,2025-11-26 10:57:17
6583f57a-99f8-4660-b9f5-b125824dc2fa,Tongkol utuh pilihan,660e8400-e29b-41d4-a716-446655440001,Protein Laut,online,36875,kg,2,47,Tongkol utuh pilihan berkualitas tinggi untuk kebutuhan dapur Anda,True,2025-10-02 10:57:17
2fb57faf-3546-4cde-b8f6-e4d28c7f33d6,Cengek segar,660e8400-e29b-41d4-a716-446655440001,Protein Laut,online,74452,kg,2,78,Cengek segar berkualitas tinggi untuk kebutuhan dapur Anda,True,2025-10-06 10:57:17
21c7dda4-36f6-49d6-834a-569e8f0f0c43,Cengek segar Jawa Timur,660e8400-e29b-41d4-a716-446655440001,Protein Laut,online,78096,kg,2,55,Cengek segar Jawa Timur berkualitas tinggi untuk kebutuhan dapur Anda,True,2025-10-18 10:57:17
5c4b5f09-bd84-4690-9d08-310f7d10e5ed,Cengek segar beku,660e8400-e29b-41d4-a716-446655440001,Protein Laut,online,77420,kg,2,93,Cengek segar beku berkualitas tinggi untuk kebutuhan dapur Anda,True,2025-10-08 10:57:17
89cc7724-5a76-46cc-9180-4cc9c6b7c0ec,Cengek segar super,660e8400-e29b-41d4-a716-446655440001,Protein Laut,online,85460,kg,2,72,Cengek segar super berkualitas tinggi untuk kebutuhan dapur Anda,True,2025-10-18 10:57:17
3ede38fe-9ecb-4b0f-8b04-4e2e749bb037,Cengek segar Lokal,660e8400-e29b-41d4-a716-446655440001,Protein Laut,online,75709,kg,2,37,Cengek segar Lokal berkualitas tinggi untuk kebutuhan dapur Anda,True,2025-10-01 10:57:17
867ca8f3-49d6-4a47-926f-8fa0daefd0be,Cengek segar fresh,660e8400-e29b-41d4-a716-446655440001,Protein Laut,online,75033,kg,2,84,Cengek segar fresh berkualitas tinggi untuk kebutuhan dapur Anda,True,2025-10-14 10:57:17
19298ceb-5c30-4e6f-96df-1e7adb29e49c,Cengek segar pilihan,660e8400-e29b-41d4-a716-446655440001,Protein Laut,online,69500,kg,2,62,Cengek segar pilihan berkualitas tinggi untuk kebutuhan dapur Anda,True,2025-10-16 10:57:17
7dfbe026-5c2c-48ae-8bec-69378d01ad9d,Cengek segar Jawa Timur,660e8400-e29b-41d4-a716-446655440001,Protein Laut,online,76090,kg,2,55,Cengek segar Jawa Timur berkualitas tinggi untuk kebutuhan dapur Anda,True,2025-10-12 10:57:17
91b58ca7-4c85-4e69-83c9-80d30c0745e7,Cengek segar fresh,660e8400-e29b-41d4-a716-446655440001,Protein Laut,online,76093,kg,2,21,Cengek segar fresh berkualitas tinggi untuk kebutuhan dapur Anda,True,2025-10-05 10:57:17
4e1c7a67-fb3b-4619-aae6-e0958de7d820,Cengek segar super,660e8400-e29b-41d4-a716-446655440001,Protein Laut,online,90936,kg,2,83,Cengek segar super berkualitas tinggi untuk kebutuhan dapur Anda,True,2025-11-20 10:57:17
86e5c337-32db-497d-b024-ad1bb2a409c1,Cengek segar Lokal,660e8400-e29b-41d4-a716-446655440001,Protein Laut,online,72369,kg,2,65,Cengek segar Lokal berkualitas tinggi untuk kebutuhan dapur Anda,True,2025-11-22 10:57:17
e5ae35ca-02d8-4eff-b01a-35997c5f98cf,Cengek segar chilled,660e8400-e29b-41d4-a716-446655440001,Protein Laut,online,75916,kg,2,60,Cengek segar chilled berkualitas tinggi untuk kebutuhan dapur Anda,True,2025-11-10 10:57:17
2b5e3bea-7267-4d5a-9fb6-b47c959327e7,Cengek segar super,660e8400-e29b-41d4-a716-446655440001,Protein Laut,online,88158,kg,2,96,Cengek segar super berkualitas tinggi untuk kebutuhan dapur Anda,True,2025-11-02 10:57:17
eeeb2d43-a09b-433e-93f2-114fd68cebee,Kakap merah,660e8400-e29b-41d4-a716-446655440001,Protein Laut,online,86615,kg,2,94,Kakap merah berkualitas tinggi untuk kebutuhan dapur Anda,True,2025-10-15 10:57:17
557a6c97-7bcd-45e8-bc9b-08906c629c58,Kakap putih,660e8400-e29b-41d4-a716-446655440001,Protein Laut,online,83324,kg,2,27,Kakap putih berkualitas tinggi untuk kebutuhan dapur Anda,True,2025-11-11 10:57:17
f9564976-ad32-4d12-84ec-a14902fa0d8f,Kakap merah beku,660e8400-e29b-41d4-a716-446655440001,Protein Laut,online,88734,kg,2,20,Kakap merah beku berkualitas tinggi untuk kebutuhan dapur Anda,True,2025-10-15 10:57:17
298a3539-f181-4232-9651-2371e889a7b9,Kakap putih pilihan,660e8400-e29b-41d4-a716-446655440001,Protein Laut,online,80317,kg,2,60,Kakap putih pilihan berkualitas tinggi untuk kebutuhan dapur Anda,True,2025-10-28 10:57:17
a379c999-4653-4045-9ba7-fba2e43162bc,Kakap merah Jawa Barat,660e8400-e29b-41d4-a716-446655440001,Protein Laut,online,90692,kg,2,28,Kakap merah Jawa Barat berkualitas tinggi untuk kebutuhan dapur Anda,True,2025-11-19 10:57:17
d7aa5757-d478-4182-9998-abcb89c6b6b3,Kakap putih beku,660e8400-e29b-41d4-a716-446655440001,Protein Laut,online,82204,kg,2,97,Kakap putih beku berkualitas tinggi untuk kebutuhan dapur Anda,True,2025-11-14 10:57:17
f192c10f-979a-4a48-bb0f-37ff3bd8cc21,Kakap merah ekonomis,660e8400-e29b-41d4-a716-446655440001,Protein Laut,online,77026,kg,2,79,Kakap merah ekonomis berkualitas tinggi untuk kebutuhan dapur Anda,True,2025-11-13 10:57:17
b4c7b322-6c45-4abb-9a62-74e6cc8739bc,Kakap putih Lokal,660e8400-e29b-41d4-a716-446655440001,Protein Laut,online,84689,kg,2,42,Kakap putih Lokal berkualitas tinggi untuk kebutuhan dapur Anda,True,2025-11-29 10:57:17
087107d0-dcde-4305-abcb-28e56f85e515,Kakap merah chilled,660e8400-e29b-41d4-a716-446655440001,Protein Laut,online,91762,kg,2,47,Kakap merah chilled berkualitas tinggi untuk kebutuhan dapur Anda,True,2025-11-08 10:57:17
0fbf228c-aa25-45b8-95b8-bc7da7ab6ec8,Kakap putih premium,660e8400-e29b-41d4-a716-446655440001,Protein Laut,online,103831,kg,2,49,Kakap putih premium berkualitas tinggi untuk kebutuhan dapur Anda,True,2025-10-25 10:57:17
a3a949ce-5d59-4e27-b412-8d7bf95e3b1b,Kakap merah Jawa Tengah,660e8400-e29b-41d4-a716-446655440001,Protein Laut,online,94370,kg,2,49,Kakap merah Jawa Tengah berkualitas tinggi untuk kebutuhan dapur Anda,True,2025-11-16 10:57:17
cd2c9289-f635-487e-a91d-3107369b9366,Kakap putih chilled,660e8400-e29b-41d4-a716-446655440001,Protein Laut,online,83479,kg,2,52,Kakap putih chilled berkualitas tinggi untuk kebutuhan dapur Anda,True,2025-11-16 10:57:17
46018585-a965-4603-853e-09ca4aeeb829,Kakap merah pilihan,660e8400-e29b-41d4-a716-446655440001,Protein Laut,online,92117,kg,2,20,Kakap merah pilihan berkualitas tinggi untuk kebutuhan dapur Anda,True,2025-11-20 10:57:17
57d9d596-fb7f-4feb-a669-116ed31034c8,Salmon segar,660e8400-e29b-41d4-a716-446655440001,Protein Laut,online,155111,kg,2,72,Salmon segar berkualitas tinggi untuk kebutuhan dapur Anda,True,2025-11-02 10:57:17
5197cd4e-b5ae-47d4-bdf9-f503eb25c96f,Salmon fillet,660e8400-e29b-41d4-a716-446655440001,Protein Laut,online,174141,kg,2,20,Salmon fillet berkualitas tinggi untuk kebutuhan dapur Anda,True,2025-11-15 10:57:17
bd266d79-96b1-44db-96ca-6472543fafcd,Salmon steak,660e8400-e29b-41d4-a716-446655440001,Protein Laut,online,190791,kg,2,60,Salmon steak berkualitas tinggi untuk kebutuhan dapur Anda,True,2025-10-24 10:57:17
023f75dd-e312-4e75-9a1c-0283ab767028,Salmon segar premium,660e8400-e29b-41d4-a716-446655440001,Protein Laut,online,183383,kg,2,54,Salmon segar premium berkualitas tinggi untuk kebutuhan dapur Anda,True,2025-10-09 10:57:17
3e4592b8-1bef-466d-ba43-33c4645dd9c2,Salmon fillet Sumatera,660e8400-e29b-41d4-a716-446655440001,Protein Laut,online,188529,kg,2,47,Salmon fillet Sumatera berkualitas tinggi untuk kebutuhan dapur Anda,True,2025-10-03 10:57:17
91dcdf96-0079-4de4-85f5-4fd5f7fbc888,Salmon steak fresh,660e8400-e29b-41d4-a716-446655440001,Protein Laut,online,191383,kg,2,79,Salmon steak fresh berkualitas tinggi untuk kebutuhan dapur Anda,True,2025-11-21 10:57:17
84b3b8a4-df01-4b0a-8ce0-54f87e393330,Salmon segar super,660e8400-e29b-41d4-a716-446655440001,Protein Laut,online,171075,kg,2,48,Salmon segar super berkualitas tinggi untuk kebutuhan dapur Anda,True,2025-11-20 10:57:17
7ec0139c-f4a3-41b9-8296-92a31f3758c7,Salmon fillet Jawa Tengah,660e8400-e29b-41d4-a716-446655440001,Protein Laut,online,178547,kg,2,42,Salmon fillet Jawa Tengah berkualitas tinggi untuk kebutuhan dapur Anda,True,2025-11-16 10:57:17
2cfa8e33-2898-4491-9859-2f26957892f6,Salmon steak fresh,660e8400-e29b-41d4-a716-446655440001,Protein Laut,online,200134,kg,2,56,Salmon steak fresh berkualitas tinggi untuk kebutuhan dapur Anda,True,2025-10-21 10:57:17
c92b6700-3446-4423-a5ae-af016cb4544f,Salmon segar ekonomis,660e8400-e29b-41d4-a716-446655440001,Protein Laut,online,119382,kg,2,81,Salmon segar ekonomis berkualitas tinggi untuk kebutuhan dapur Anda,True,2025-11-03 10:57:17
d980dad6-30a9-4123-b769-46329b25eb05,Salmon fillet Sulawesi,660e8400-e29b-41d4-a716-446655440001,Protein Laut,online,176224,kg,2,35,Salmon fillet Sulawesi berkualitas tinggi untuk kebutuhan dapur Anda,True,2025-11-12 10:57:17
1e478196-ce49-4401-99f4-daa209860a55,Salmon steak beku,660e8400-e29b-41d4-a716-446655440001,Protein Laut,online,205582,kg,2,92,Salmon steak beku berkualitas tinggi untuk kebutuhan dapur Anda,True,2025-11-06 10:57:17
34cecd33-5f08-4b22-8d23-e5ce662e2e57,Salmon segar ekonomis,660e8400-e29b-41d4-a716-446655440001,Protein Laut,online,126902,kg,2,97,Salmon segar ekonomis berkualitas tinggi untuk kebutuhan dapur Anda,True,2025-11-18 10:57:17
883c0987-a4a8-4428-83b1-f3123ff552c3,Kerang hijau,660e8400-e29b-41d4-a716-446655440001,Protein Laut,online,25081,kg,1,40,Kerang hijau berkualitas tinggi untuk kebutuhan dapur Anda,True,2025-11-19 10:57:17
acfb21e4-7209-45e6-b5a5-36b8e7d60a32,Kerang darah,660e8400-e29b-41d4-a716-446655440001,Protein Laut,online,29500,kg,1,56,Kerang darah berkualitas tinggi untuk kebutuhan dapur Anda,True,2025-10-03 10:57:17
e1a7c1ce-24bc-4d64-a3d0-e2df7a53a93a,Kerang hijau fresh,660e8400-e29b-41d4-a716-446655440001,Protein Laut,online,24878,kg,1,76,Kerang hijau fresh berkualitas tinggi untuk kebutuhan dapur Anda,True,2025-11-18 10:57:17
fbcffd1c-d644-413c-aaf7-554cecc48047,Kerang darah premium,660e8400-e29b-41d4-a716-446655440001,Protein Laut,online,38459,kg,1,46,Kerang darah premium berkualitas tinggi untuk kebutuhan dapur Anda,True,2025-11-25 10:57:17
505c1140-54fe-4efb-a728-e320c5712bce,Kerang hijau Lampung,660e8400-e29b-41d4-a716-446655440001,Protein Laut,online,25256,kg,1,67,Kerang hijau Lampung berkualitas tinggi untuk kebutuhan dapur Anda,True,2025-11-26 10:57:17
699bbe77-dffd-4ba2-83f0-2fca6bf69a66,Kerang darah beku,660e8400-e29b-41d4-a716-446655440001,Protein Laut,online,28950,kg,1,94,Kerang darah beku berkualitas tinggi untuk kebutuhan dapur Anda,True,2025-10-01 10:57:17
f75796f5-e53f-42e3-b80d-aa296713c1d1,Kerang hijau reguler,660e8400-e29b-41d4-a716-446655440001,Protein Laut,online,27028,kg,1,81,Kerang hijau reguler berkualitas tinggi untuk kebutuhan dapur Anda,True,2025-10-04 10:57:17
c30db29b-eaa7-4716-a601-b3cc47d22d3e,Kerang darah Lokal,660e8400-e29b-41d4-a716-446655440001,Protein Laut,online,29634,kg,1,36,Kerang darah Lokal berkualitas tinggi untuk kebutuhan dapur Anda,True,2025-10-23 10:57:17
e87b6715-6ed5-4efb-9f4d-6783430f5ae0,Kerang hijau beku,660e8400-e29b-41d4-a716-446655440001,Protein Laut,online,25052,kg,1,82,Kerang hijau beku berkualitas tinggi untuk kebutuhan dapur Anda,True,2025-10-16 10:57:17
16040775-6779-4300-937a-1680a23d9c43,Kerang darah pilihan,660e8400-e29b-41d4-a716-446655440001,Protein Laut,online,28894,kg,1,87,Kerang darah pilihan berkualitas tinggi untuk kebutuhan dapur Anda,True,2025-10-23 10:57:17
483dac76-a7dd-4184-be42-dab8d65ef18f,Kerang hijau Sumatera,660e8400-e29b-41d4-a716-446655440001,Protein Laut,online,24255,kg,1,55,Kerang hijau Sumatera berkualitas tinggi untuk kebutuhan dapur Anda,True,2025-10-21 10:57:17
d0bd51cc-cd1f-46e5-aa29-7b9da8804a0f,Kerang darah fresh,660e8400-e29b-41d4-a716-446655440001,Protein Laut,online,29417,kg,1,38,Kerang darah fresh berkualitas tinggi untuk kebutuhan dapur Anda,True,2025-11-26 10:57:17
ba74e1bb-59be-4e08-814d-eedd292a207a,Kerang hijau premium,660e8400-e29b-41d4-a716-446655440001,Protein Laut,online,31845,kg,1,34,Kerang hijau premium berkualitas tinggi untuk kebutuhan dapur Anda,True,2025-10-09 10:57:17
35ef116a-1e1b-4f15-bae8-272fd42c5158,Kepiting segar,660e8400-e29b-41d4-a716-446655440001,Protein Laut,online,119464,kg,2,56,Kepiting segar berkualitas tinggi untuk kebutuhan dapur Anda,True,2025-10-14 10:57:17
cf75e225-f1d3-469c-872c-3abe29a30443,Kepiting segar Jawa Tengah,660e8400-e29b-41d4-a716-446655440001,Protein Laut,online,119917,kg,2,70,Kepiting segar Jawa Tengah berkualitas tinggi untuk kebutuhan dapur Anda,True,2025-11-20 10:57:17
d6336b55-5a13-4fdf-95eb-4171a18474eb,Kepiting segar beku,660e8400-e29b-41d4-a716-446655440001,Protein Laut,online,116744,kg,2,61,Kepiting segar beku berkualitas tinggi untuk kebutuhan dapur Anda,True,2025-10-01 10:57:17
9bfbdcd5-fedd-41c7-91b2-b55b0f943015,Kepiting segar reguler,660e8400-e29b-41d4-a716-446655440001,Protein Laut,online,121591,kg,2,94,Kepiting segar reguler berkualitas tinggi untuk kebutuhan dapur Anda,True,2025-10-16 10:57:17
a386807c-3094-4779-aabc-89061ab88144,Kepiting segar Jawa Timur,660e8400-e29b-41d4-a716-446655440001,Protein Laut,online,116149,kg,2,49,Kepiting segar Jawa Timur berkualitas tinggi untuk kebutuhan dapur Anda,True,2025-10-07 10:57:17
7916f964-43da-4cbd-abc7-089b6c987f43,Kepiting segar chilled,660e8400-e29b-41d4-a716-446655440001,Protein Laut,online,123838,kg,2,53,Kepiting segar chilled berkualitas tinggi untuk kebutuhan dapur Anda,True,2025-10-16 10:57:17
ec3d29a5-a272-4cde-a974-33cbd87146ef,Kepiting segar premium,660e8400-e29b-41d4-a716-446655440001,Protein Laut,online,156947,kg,2,46,Kepiting segar premium berkualitas tinggi untuk kebutuhan dapur Anda,True,2025-10-30 10:57:17
9ed0be17-bdb4-405e-8373-62a39bf921b6,Kepiting segar Jawa Timur,660e8400-e29b-41d4-a716-446655440001,Protein Laut,online,121235,kg,2,30,Kepiting segar Jawa Timur berkualitas tinggi untuk kebutuhan dapur Anda,True,2025-11-02 10:57:17
2ff401cf-ed51-44ad-adf0-7c96e3902f64,Kepiting segar beku,660e8400-e29b-41d4-a716-446655440001,Protein Laut,online,121271,kg,2,75,Kepiting segar beku berkualitas tinggi untuk kebutuhan dapur Anda,True,2025-11-07 10:57:17
15d806ce-7379-470d-a1aa-4423d8bdced2,Kepiting segar reguler,660e8400-e29b-41d4-a716-446655440001,Protein Laut,online,111263,kg,2,95,Kepiting segar reguler berkualitas tinggi untuk kebutuhan dapur Anda,True,2025-10-23 10:57:17
582daf73-5f80-4d8e-be0a-53df1da42fff,Kepiting segar Jawa Barat,660e8400-e29b-41d4-a716-446655440001,Protein Laut,online,117943,kg,2,29,Kepiting segar Jawa Barat berkualitas tinggi untuk kebutuhan dapur Anda,True,2025-10-29 10:57:17
c1bddd23-4cdc-4e23-bc36-b5ea76b59258,Kepiting segar chilled,660e8400-e29b-41d4-a716-446655440001,Protein Laut,online,121731,kg,2,93,Kepiting segar chilled berkualitas tinggi untuk kebutuhan dapur Anda,True,2025-11-08 10:57:17
e277d406-ff67-4fe6-bebe-1ff4bf68b449,Kepiting segar reguler,660e8400-e29b-41d4-a716-446655440001,Protein Laut,online,122561,kg,2,50,Kepiting segar reguler berkualitas tinggi untuk kebutuhan dapur Anda,True,2025-10-27 10:57:17
3725993f-484e-49e8-b06b-f7f4730cc436,Ayam filet dada,660e8400-e29b-41d4-a716-446655440002,Protein Daging,online,44722,kg,3,27,Ayam filet dada berkualitas tinggi untuk kebutuhan dapur Anda,True,2025-10-25 10:57:17
45f2a3b4-62ec-4fdc-aa75-ba01f8989778,Ayam filet paha,660e8400-e29b-41d4-a716-446655440002,Protein Daging,online,37878,kg,3,26,Ayam filet paha berkualitas tinggi untuk kebutuhan dapur Anda,True,2025-11-14 10:57:17
8e28088b-9d82-4faf-95cc-8d3ffc0eacc7,Ayam filet dada chilled,660e8400-e29b-41d4-a716-446655440002,Protein Daging,online,43255,kg,3,22,Ayam filet dada chilled berkualitas tinggi untuk kebutuhan dapur Anda,True,2025-10-29 10:57:17
4fcb4f72-c698-4904-b00d-876e0a831f13,Ayam filet paha reguler,660e8400-e29b-41d4-a716-446655440002,Protein Daging,online,38292,kg,3,93,Ayam filet paha reguler berkualitas tinggi untuk kebutuhan dapur Anda,True,2025-10-28 10:57:17
48691663-6915-4489-b17a-17374afd763f,Ayam filet dada,660e8400-e29b-41d4-a716-446655440002,Protein Daging,online,44505,kg,3,39,Ayam filet dada berkualitas tinggi untuk kebutuhan dapur Anda,True,2025-11-03 10:57:17
af39732a-24c3-4e63-916a-9f9b30054f7a,Ayam filet paha segar pagi,660e8400-e29b-41d4-a716-446655440002,Protein Daging,online,38027,kg,3,25,Ayam filet paha segar pagi berkualitas tinggi untuk kebutuhan dapur Anda,True,2025-10-09 10:57:17
945263a2-fc75-4a83-b2d5-dca27755e47f,Ayam filet dada ekonomis,660e8400-e29b-41d4-a716-446655440002,Protein Daging,online,35074,kg,3,36,Ayam filet dada ekonomis berkualitas tinggi untuk kebutuhan dapur Anda,True,2025-11-19 10:57:17
9104eca7-080d-4b7f-9433-b44f19043a3d,Ayam filet paha,660e8400-e29b-41d4-a716-446655440002,Protein Daging,online,39593,kg,3,61,Ayam filet paha berkualitas tinggi untuk kebutuhan dapur Anda,True,2025-11-01 10:57:17
114d1c25-cc40-4000-887d-6a859a12a44b,Ayam filet dada segar pagi,660e8400-e29b-41d4-a716-446655440002,Protein Daging,online,45104,kg,3,32,Ayam filet dada segar pagi berkualitas tinggi untuk kebutuhan dapur Anda,True,2025-11-27 10:57:17
c3b85124-ce21-491b-ad0c-68441bfbc075,Ayam filet paha super,660e8400-e29b-41d4-a716-446655440002,Protein Daging,online,43141,kg,3,57,Ayam filet paha super berkualitas tinggi untuk kebutuhan dapur Anda,True,2025-11-26 10:57:17
b9df8ab3-8b97-4be6-8377-102b687b2351,Ayam filet dada,660e8400-e29b-41d4-a716-446655440002,Protein Daging,online,42701,kg,3,58,Ayam filet dada berkualitas tinggi untuk kebutuhan dapur Anda,True,2025-10-01 10:57:17
7984b6a8-ee70-40a4-97f5-625689ad4ca6,Ayam filet paha chilled,660e8400-e29b-41d4-a716-446655440002,Protein Daging,online,39612,kg,3,88,Ayam filet paha chilled berkualitas tinggi untuk kebutuhan dapur Anda,True,2025-10-24 10:57:17
addf3cb7-1fcb-40cb-87b3-36daf730e8e9,Ceker Ayam segar,660e8400-e29b-41d4-a716-446655440002,Protein Daging,online,15164,kg,5,68,Ceker Ayam segar berkualitas tinggi untuk kebutuhan dapur Anda,True,2025-10-11 10:57:17
b476edec-d101-47aa-8d29-e81041599068,Ceker Ayam beku,660e8400-e29b-41d4-a716-446655440002,Protein Daging,online,12696,kg,5,42,Ceker Ayam beku berkualitas tinggi untuk kebutuhan dapur Anda,True,2025-10-31 10:57:17
4e5d181e-a9d1-4d6e-befe-24a8766e1c99,Ceker Ayam segar segar pagi,660e8400-e29b-41d4-a716-446655440002,Protein Daging,online,15178,kg,5,50,Ceker Ayam segar segar pagi berkualitas tinggi untuk kebutuhan dapur Anda,True,2025-10-20 10:57:17
dfbb4f95-a7ca-48cb-9196-26b621c35ba1,Ceker Ayam beku ekonomis,660e8400-e29b-41d4-a716-446655440002,Protein Daging,online,11478,kg,5,54,Ceker Ayam beku ekonomis berkualitas tinggi untuk kebutuhan dapur Anda,True,2025-11-08 10:57:17
fd117bc7-f4b9-447b-a39f-ed4fb95f128c,Ceker Ayam segar,660e8400-e29b-41d4-a716-446655440002,Protein Daging,online,15194,kg,5,32,Ceker Ayam segar berkualitas tinggi untuk kebutuhan dapur Anda,True,2025-10-30 10:57:17
ce7894a8-de42-427b-ab24-691ed6648e6c,Ceker Ayam beku fresh,660e8400-e29b-41d4-a716-446655440002,Protein Daging,online,12370,kg,5,54,Ceker Ayam beku fresh berkualitas tinggi untuk kebutuhan dapur Anda,True,2025-11-27 10:57:17
e7178489-c87f-4a4d-be00-d07e2030edc0,Ceker Ayam segar pilihan,660e8400-e29b-41d4-a716-446655440002,Protein Daging,online,13306,kg,5,23,Ceker Ayam segar pilihan berkualitas tinggi untuk kebutuhan dapur Anda,True,2025-10-31 10:57:17
5e80ef70-20ba-4131-8c38-08468756fe12,Ceker Ayam beku,660e8400-e29b-41d4-a716-446655440002,Protein Daging,online,12606,kg,5,85,Ceker Ayam beku berkualitas tinggi untuk kebutuhan dapur Anda,True,2025-11-24 10:57:17
14e6ecf8-edc6-4057-97d5-2ee7040b6a8d,Ceker Ayam segar fresh,660e8400-e29b-41d4-a716-446655440002,Protein Daging,online,15273,kg,5,97,Ceker Ayam segar fresh berkualitas tinggi untuk kebutuhan dapur Anda,True,2025-10-27 10:57:17
9b8c09ec-b350-4b91-963f-1702ac6e3a2b,Ceker Ayam beku pilihan,660e8400-e29b-41d4-a716-446655440002,Protein Daging,online,12241,kg,5,72,Ceker Ayam beku pilihan berkualitas tinggi untuk kebutuhan dapur Anda,True,2025-10-18 10:57:17
cbb3015c-9360-4266-9bcf-4e061be0b3d2,Ceker Ayam segar,660e8400-e29b-41d4-a716-446655440002,Protein Daging,online,15483,kg,5,70,Ceker Ayam segar berkualitas tinggi untuk kebutuhan dapur Anda,True,2025-10-28 10:57:17
fbf3e23d-1dd8-4db2-a06c-b2e4de7fe8ec,Ceker Ayam beku chilled,660e8400-e29b-41d4-a716-446655440002,Protein Daging,online,13519,kg,5,93,Ceker Ayam beku chilled berkualitas tinggi untuk kebutuhan dapur Anda,True,2025-11-20 10:57:17
81a9221e-70ac-4a2c-9f05-76ad4cb7b46c,Sayap Ayam segar,660e8400-e29b-41d4-a716-446655440002,Protein Daging,online,35947,kg,3,42,Sayap Ayam segar berkualitas tinggi untuk kebutuhan dapur Anda,True,2025-11-08 10:57:17
c86c1abf-417f-4f52-b769-736b5470cb62,Sayap Ayam bumbu,660e8400-e29b-41d4-a716-446655440002,Protein Daging,online,37824,kg,3,54,Sayap Ayam bumbu berkualitas tinggi untuk kebutuhan dapur Anda,True,2025-10-19 10:57:17
72209495-16b9-4520-aa3d-1c30cdfb4036,Sayap Ayam segar segar pagi,660e8400-e29b-41d4-a716-446655440002,Protein Daging,online,33507,kg,3,83,Sayap Ayam segar segar pagi berkualitas tinggi untuk kebutuhan dapur Anda,True,2025-11-10 10:57:17
06f810f2-36de-4a41-aebc-f5ee8541509f,Sayap Ayam bumbu reguler,660e8400-e29b-41d4-a716-446655440002,Protein Daging,online,38293,kg,3,24,Sayap Ayam bumbu reguler berkualitas tinggi untuk kebutuhan dapur Anda,True,2025-10-23 10:57:17
b196c3f7-df6e-4959-9cb6-06c7415730f3,Sayap Ayam segar,660e8400-e29b-41d4-a716-446655440002,Protein Daging,online,36669,kg,3,33,Sayap Ayam segar berkualitas tinggi untuk kebutuhan dapur Anda,True,2025-11-10 10:57:17
51d7f8cd-dfec-46ca-910c-9ab82e656b3a,Sayap Ayam bumbu segar pagi,660e8400-e29b-41d4-a716-446655440002,Protein Daging,online,36567,kg,3,95,Sayap Ayam bumbu segar pagi berkualitas tinggi untuk kebutuhan dapur Anda,True,2025-11-02 10:57:17
03fc21fa-7497-42dd-9552-6fa83adc6206,Sayap Ayam segar premium,660e8400-e29b-41d4-a716-446655440002,Protein Daging,online,40043,kg,3,61,Sayap Ayam segar premium berkualitas tinggi untuk kebutuhan dapur Anda,True,2025-10-26 10:57:17
f1842cbf-ed63-4b73-9b90-5a301a375a54,Sayap Ayam bumbu,660e8400-e29b-41d4-a716-446655440002,Protein Daging,online,38994,kg,3,85,Sayap Ayam bumbu berkualitas tinggi untuk kebutuhan dapur Anda,True,2025-11-16 10:57:17
3ca64c49-34ca-4604-8ba2-b1ee835bbeae,Sayap Ayam segar beku,660e8400-e29b-41d4-a716-446655440002,Protein Daging,online,35980,kg,3,72,Sayap Ayam segar beku berkualitas tinggi untuk kebutuhan dapur Anda,True,2025-11-20 10:57:17
9f841892-ea33-4f80-ac9f-b712485a80a8,Sayap Ayam bumbu premium,660e8400-e29b-41d4-a716-446655440002,Protein Daging,online,43200,kg,3,79,Sayap Ayam bumbu premium berkualitas tinggi untuk kebutuhan dapur Anda,True,2025-11-21 10:57:17
b9dac3fa-61e5-4002-9fcb-5a170de924c9,Sayap Ayam segar,660e8400-e29b-41d4-a716-446655440002,Protein Daging,online,34772,kg,3,76,Sayap Ayam segar berkualitas tinggi untuk kebutuhan dapur Anda,True,2025-11-15 10:57:17
f2c3f911-b447-4adc-9593-22168f37304f,Sayap Ayam bumbu fresh,660e8400-e29b-41d4-a716-446655440002,Protein Daging,online,37680,kg,3,73,Sayap Ayam bumbu fresh berkualitas tinggi untuk kebutuhan dapur Anda,True,2025-11-15 10:57:17
cbfe6bca-325f-41b1-b118-fccd669b8742,Ayam potong all part,660e8400-e29b-41d4-a716-446655440002,Protein Daging,online,34608,kg,3,83,Ayam potong all part berkualitas tinggi untuk kebutuhan dapur Anda,True,2025-10-12 10:57:17
2a510bd8-1996-4f2a-a7c6-d0ba08a6761f,Ayam potong karkas,660e8400-e29b-41d4-a716-446655440002,Protein Daging,online,32190,kg,3,80,Ayam potong karkas berkualitas tinggi untuk kebutuhan dapur Anda,True,2025-10-28 10:57:17
cd0833a1-c956-4954-89c7-5381d9c24b25,Ayam potong all part beku,660e8400-e29b-41d4-a716-446655440002,Protein Daging,online,36590,kg,3,82,Ayam potong all part beku berkualitas tinggi untuk kebutuhan dapur Anda,True,2025-10-16 10:57:17
989fdc6a-b0dd-48e7-8d6d-75b48505f29c,Ayam potong karkas ekonomis,660e8400-e29b-41d4-a716-446655440002,Protein Daging,online,28236,kg,3,77,Ayam potong karkas ekonomis berkualitas tinggi untuk kebutuhan dapur Anda,True,2025-10-08 10:57:17
b15b57bc-c581-43c0-9f5f-6171c5c4e2ef,Ayam potong all part,660e8400-e29b-41d4-a716-446655440002,Protein Daging,online,35335,kg,3,31,Ayam potong all part berkualitas tinggi untuk kebutuhan dapur Anda,True,2025-10-10 10:57:17
5c65e1d1-f94b-4e6c-83e7-79f7c13a0cff,Ayam potong karkas beku,660e8400-e29b-41d4-a716-446655440002,Protein Daging,online,31351,kg,3,81,Ayam potong karkas beku berkualitas tinggi untuk kebutuhan dapur Anda,True,2025-11-20 10:57:17
c0fca6d7-2c33-470e-8017-d8ff678e74ad,Ayam potong all part pilihan,660e8400-e29b-41d4-a716-446655440002,Protein Daging,online,35858,kg,3,75,Ayam potong all part pilihan berkualitas tinggi untuk kebutuhan dapur Anda,True,2025-10-29 10:57:17
3b12c567-2e36-4b04-b57b-49e622c3c640,Ayam potong karkas,660e8400-e29b-41d4-a716-446655440002,Protein Daging,online,32078,kg,3,41,Ayam potong karkas berkualitas tinggi untuk kebutuhan dapur Anda,True,2025-11-07 10:57:17
ce6a7064-1217-49d7-9927-6fb527a99d27,Ayam potong all part fresh,660e8400-e29b-41d4-a716-446655440002,Protein Daging,online,34481,kg,3,31,Ayam potong all part fresh berkualitas tinggi untuk kebutuhan dapur Anda,True,2025-10-20 10:57:17
3f7301c0-b437-416b-8cc8-56db61b743b1,Ayam potong karkas ekonomis,660e8400-e29b-41d4-a716-446655440002,Protein Daging,online,27356,kg,3,94,Ayam potong karkas ekonomis berkualitas tinggi untuk kebutuhan dapur Anda,True,2025-10-14 10:57:17
73349731-fc2d-4104-84b3-87baa0147526,Ayam potong all part,660e8400-e29b-41d4-a716-446655440002,Protein Daging,online,34161,kg,3,27,Ayam potong all part berkualitas tinggi untuk kebutuhan dapur Anda,True,2025-11-10 10:57:17
7ada749f-952e-4f9c-89a5-51edbec88dc4,Ayam potong karkas segar pagi,660e8400-e29b-41d4-a716-446655440002,Protein Daging,online,33224,kg,3,68,Ayam potong karkas segar pagi berkualitas tinggi untuk kebutuhan dapur Anda,True,2025-10-24 10:57:17
8e8b9426-af7b-49aa-aa62-dcd3250c12e9,Ayam kampung,660e8400-e29b-41d4-a716-446655440002,Protein Daging,online,46908,kg,3,95,Ayam kampung berkualitas tinggi untuk kebutuhan dapur Anda,True,2025-11-08 10:57:17
039d42d0-d6e0-42b9-a549-ac97ab769dea,Ayam negeri,660e8400-e29b-41d4-a716-446655440002,Protein Daging,online,28057,kg,3,54,Ayam negeri berkualitas tinggi untuk kebutuhan dapur Anda,True,2025-11-10 10:57:17
d5d59965-fe54-4fcb-8bb3-15d6704a4c5a,Ayam kampung segar pagi,660e8400-e29b-41d4-a716-446655440002,Protein Daging,online,44232,kg,3,91,Ayam kampung segar pagi berkualitas tinggi untuk kebutuhan dapur Anda,True,2025-11-27 10:57:17
e041cae9-6338-455a-8c62-2e34dd5953fc,Ayam negeri super,660e8400-e29b-41d4-a716-446655440002,Protein Daging,online,30892,kg,3,73,Ayam negeri super berkualitas tinggi untuk kebutuhan dapur Anda,True,2025-11-25 10:57:17
d84738de-e8dd-4ef6-b453-56ca1eb76712,Ayam kampung,660e8400-e29b-41d4-a716-446655440002,Protein Daging,online,42810,kg,3,58,Ayam kampung berkualitas tinggi untuk kebutuhan dapur Anda,True,2025-11-17 10:57:17
f6a768d2-3ade-4fd4-9124-cd3437663c7b,Ayam negeri beku,660e8400-e29b-41d4-a716-446655440002,Protein Daging,online,27253,kg,3,65,Ayam negeri beku berkualitas tinggi untuk kebutuhan dapur Anda,True,2025-10-09 10:57:17
8c11062e-ff06-4c3b-89a6-6a44473bb4e3,Ayam kampung pilihan,660e8400-e29b-41d4-a716-446655440002,Protein Daging,online,40324,kg,3,93,Ayam kampung pilihan berkualitas tinggi untuk kebutuhan dapur Anda,True,2025-10-16 10:57:17
1f4b9eaa-22b9-4843-a96f-11498ed919e9,Ayam negeri,660e8400-e29b-41d4-a716-446655440002,Protein Daging,online,25760,kg,3,44,Ayam negeri berkualitas tinggi untuk kebutuhan dapur Anda,True,2025-10-27 10:57:17
45f969f7-fe83-4dde-85b3-41c8bdd5d1a2,Ayam kampung fresh,660e8400-e29b-41d4-a716-446655440002,Protein Daging,online,42770,kg,3,48,Ayam kampung fresh berkualitas tinggi untuk kebutuhan dapur Anda,True,2025-11-15 10:57:17
9b51015f-1111-4bcd-9830-71e97fb08191,Ayam negeri premium,660e8400-e29b-41d4-a716-446655440002,Protein Daging,online,31587,kg,3,65,Ayam negeri premium berkualitas tinggi untuk kebutuhan dapur Anda,True,2025-11-21 10:57:17
85e163c7-c065-4f12-b295-9ebd0a82d61f,Ayam kampung,660e8400-e29b-41d4-a716-446655440002,Protein Daging,online,44214,kg,3,70,Ayam kampung berkualitas tinggi untuk kebutuhan dapur Anda,True,2025-10-10 10:57:17
5da77af8-113b-4a15-ab49-238ef2dea742,Ayam negeri chilled,660e8400-e29b-41d4-a716-446655440002,Protein Daging,online,28178,kg,3,72,Ayam negeri chilled berkualitas tinggi untuk kebutuhan dapur Anda,True,2025-11-04 10:57:17
4954e565-0e83-49ab-93a3-5e7f21cfe85b,Daging Sapi has dalam,660e8400-e29b-41d4-a716-446655440002,Protein Daging,online,145651,kg,3,92,Daging Sapi has dalam berkualitas tinggi untuk kebutuhan dapur Anda,True,2025-10-25 10:57:17
98eccb03-e606-4db4-82c3-08a4ea26cfc2,Daging Sapi has luar,660e8400-e29b-41d4-a716-446655440002,Protein Daging,online,132781,kg,3,65,Daging Sapi has luar berkualitas tinggi untuk kebutuhan dapur Anda,True,2025-10-13 10:57:17
65980034-e709-4921-9a08-805e0923c697,Daging Sapi paha,660e8400-e29b-41d4-a716-446655440002,Protein Daging,online,121744,kg,3,89,Daging Sapi paha berkualitas tinggi untuk kebutuhan dapur Anda,True,2025-10-04 10:57:17
c85b2b87-b4f2-4fc3-963b-e9935d41cc79,Daging Sapi has dalam ekonomis,660e8400-e29b-41d4-a716-446655440002,Protein Daging,online,114002,kg,3,83,Daging Sapi has dalam ekonomis berkualitas tinggi untuk kebutuhan dapur Anda,True,2025-10-28 10:57:17
a75c5afd-a7f8-4a49-8f1d-5ca6e08ca0cb,Daging Sapi has luar,660e8400-e29b-41d4-a716-446655440002,Protein Daging,online,132240,kg,3,69,Daging Sapi has luar berkualitas tinggi untuk kebutuhan dapur Anda,True,2025-11-10 10:57:17
57025e69-a1dd-4dcc-b1a8-8aada35b56e9,Daging Sapi paha segar pagi,660e8400-e29b-41d4-a716-446655440002,Protein Daging,online,117303,kg,3,24,Daging Sapi paha segar pagi berkualitas tinggi untuk kebutuhan dapur Anda,True,2025-11-18 10:57:17
a8013eb5-b0bb-4e38-8b1c-6cdd5455fcf9,Daging Sapi has dalam super,660e8400-e29b-41d4-a716-446655440002,Protein Daging,online,148342,kg,3,99,Daging Sapi has dalam super berkualitas tinggi untuk kebutuhan dapur Anda,True,2025-10-03 10:57:17
f32e55dc-c8ce-46b0-83b0-0a86c2af226c,Daging Sapi has luar,660e8400-e29b-41d4-a716-446655440002,Protein Daging,online,126043,kg,3,42,Daging Sapi has luar berkualitas tinggi untuk kebutuhan dapur Anda,True,2025-11-07 10:57:17
ba7feee2-caad-4f6f-8586-b46fba08c4dd,Daging Sapi paha segar pagi,660e8400-e29b-41d4-a716-446655440002,Protein Daging,online,120017,kg,3,65,Daging Sapi paha segar pagi berkualitas tinggi untuk kebutuhan dapur Anda,True,2025-10-17 10:57:17
c54a5d75-3077-40c7-be0a-9131dc040408,Daging Sapi has dalam ekonomis,660e8400-e29b-41d4-a716-446655440002,Protein Daging,online,112359,kg,3,74,Daging Sapi has dalam ekonomis berkualitas tinggi untuk kebutuhan dapur Anda,True,2025-10-15 10:57:17
ede5833c-f65a-4746-ab37-1889648f113c,Daging Sapi has luar,660e8400-e29b-41d4-a716-446655440002,Protein Daging,online,135634,kg,3,42,Daging Sapi has luar berkualitas tinggi untuk kebutuhan dapur Anda,True,2025-10-28 10:57:17
15790ec2-86c3-4fc8-b4ba-fbb03acb1eae,Daging Sapi paha beku,660e8400-e29b-41d4-a716-446655440002,Protein Daging,online,120966,kg,3,25,Daging Sapi paha beku berkualitas tinggi untuk kebutuhan dapur Anda,True,2025-10-20 10:57:17
8e798566-de69-42a2-848f-4c19fd4f670a,Daging Kambing muda,660e8400-e29b-41d4-a716-446655440002,Protein Daging,online,135217,kg,3,64,Daging Kambing muda berkualitas tinggi untuk kebutuhan dapur Anda,True,2025-10-17 10:57:17
172888a8-092e-4b7e-ad73-82a7953f5b67,Daging Kambing dewasa,660e8400-e29b-41d4-a716-446655440002,Protein Daging,online,124210,kg,3,24,Daging Kambing dewasa berkualitas tinggi untuk kebutuhan dapur Anda,True,2025-10-14 10:57:17
bc692ce3-2e82-4639-b97c-9b39f1f8d781,Daging Kambing muda segar pagi,660e8400-e29b-41d4-a716-446655440002,Protein Daging,online,135352,kg,3,23,Daging Kambing muda segar pagi berkualitas tinggi untuk kebutuhan dapur Anda,True,2025-10-19 10:57:17
39212331-8433-4881-b8af-f99c862418e1,Daging Kambing dewasa pilihan,660e8400-e29b-41d4-a716-446655440002,Protein Daging,online,120648,kg,3,36,Daging Kambing dewasa pilihan berkualitas tinggi untuk kebutuhan dapur Anda,True,2025-11-18 10:57:17
348dc59a-147a-4d58-8f4b-c486d8f88999,Daging Kambing muda,660e8400-e29b-41d4-a716-446655440002,Protein Daging,online,125015,kg,3,70,Daging Kambing muda berkualitas tinggi untuk kebutuhan dapur Anda,True,2025-11-28 10:57:17
a68565c8-62b4-4805-b92a-1bb0484a45ec,Daging Kambing dewasa fresh,660e8400-e29b-41d4-a716-446655440002,Protein Daging,online,124387,kg,3,75,Daging Kambing dewasa fresh berkualitas tinggi untuk kebutuhan dapur Anda,True,2025-11-25 10:57:17
31c5f21d-d6a3-46fc-bf0e-c82081c12832,Daging Kambing muda premium,660e8400-e29b-41d4-a716-446655440002,Protein Daging,online,172154,kg,3,21,Daging Kambing muda premium berkualitas tinggi untuk kebutuhan dapur Anda,True,2025-11-08 10:57:17
ebfc0313-cf69-45ab-b9ca-adf074f8f1b6,Daging Kambing dewasa,660e8400-e29b-41d4-a716-446655440002,Protein Daging,online,122131,kg,3,33,Daging Kambing dewasa berkualitas tinggi untuk kebutuhan dapur Anda,True,2025-10-23 10:57:17
1b2a0f02-ec27-4a21-aecb-bdbb80f9332e,Daging Kambing muda chilled,660e8400-e29b-41d4-a716-446655440002,Protein Daging,online,126831,kg,3,57,Daging Kambing muda chilled berkualitas tinggi untuk kebutuhan dapur Anda,True,2025-11-10 10:57:17
e521c1c8-2a1a-4f02-95fe-27d7e8215f70,Daging Kambing dewasa ekonomis,660e8400-e29b-41d4-a716-446655440002,Protein Daging,online,105419,kg,3,88,Daging Kambing dewasa ekonomis berkualitas tinggi untuk kebutuhan dapur Anda,True,2025-11-07 10:57:17
9501ac76-f64d-4552-9b4d-63d3ca23992d,Daging Kambing muda,660e8400-e29b-41d4-a716-446655440002,Protein Daging,online,127427,kg,3,39,Daging Kambing muda berkualitas tinggi untuk kebutuhan dapur Anda,True,2025-10-03 10:57:17
bcfc5500-82c7-4e2e-8b58-6699f5c718e7,Daging Kambing dewasa beku,660e8400-e29b-41d4-a716-446655440002,Protein Daging,online,125682,kg,3,25,Daging Kambing dewasa beku berkualitas tinggi untuk kebutuhan dapur Anda,True,2025-10-06 10:57:17
09303ae6-76b1-4e65-8721-5b9f0b27ac37,Iga Sapi segar,660e8400-e29b-41d4-a716-446655440002,Protein Daging,online,105826,kg,3,76,Iga Sapi segar berkualitas tinggi untuk kebutuhan dapur Anda,True,2025-11-08 10:57:17
632fd9d9-4f82-4642-9745-7fe4f910858b,Iga Sapi segar,660e8400-e29b-41d4-a716-446655440002,Protein Daging,online,112381,kg,3,87,Iga Sapi segar berkualitas tinggi untuk kebutuhan dapur Anda,True,2025-10-17 10:57:17
339da419-b4c7-408a-8782-6e04fb8657f3,Iga Sapi segar segar pagi,660e8400-e29b-41d4-a716-446655440002,Protein Daging,online,108865,kg,3,21,Iga Sapi segar segar pagi berkualitas tinggi untuk kebutuhan dapur Anda,True,2025-11-01 10:57:17
d9a769ee-fe65-4e42-ab9e-ffe6949a9063,Iga Sapi segar pilihan,660e8400-e29b-41d4-a716-446655440002,Protein Daging,online,109591,kg,3,47,Iga Sapi segar pilihan berkualitas tinggi untuk kebutuhan dapur Anda,True,2025-10-11 10:57:17
ef4d86a8-2cf2-46ae-92a1-07e529a54c36,Iga Sapi segar,660e8400-e29b-41d4-a716-446655440002,Protein Daging,online,108988,kg,3,84,Iga Sapi segar berkualitas tinggi untuk kebutuhan dapur Anda,True,2025-11-02 10:57:17
1131d9e5-2f6f-4338-b3ee-6f2855477fa1,Iga Sapi segar beku,660e8400-e29b-41d4-a716-446655440002,Protein Daging,online,112731,kg,3,89,Iga Sapi segar beku berkualitas tinggi untuk kebutuhan dapur Anda,True,2025-10-21 10:57:17
c301b48c-72dc-4d2c-9e50-90313b1d9460,Iga Sapi segar pilihan,660e8400-e29b-41d4-a716-446655440002,Protein Daging,online,114720,kg,3,77,Iga Sapi segar pilihan berkualitas tinggi untuk kebutuhan dapur Anda,True,2025-11-10 10:57:17
46308338-6897-4ecc-932e-2e277be806af,Iga Sapi segar,660e8400-e29b-41d4-a716-446655440002,Protein Daging,online,107747,kg,3,81,Iga Sapi segar berkualitas tinggi untuk kebutuhan dapur Anda,True,2025-11-03 10:57:17
c3143760-c8a1-424c-84ea-e4c16b4c6a0b,Iga Sapi segar fresh,660e8400-e29b-41d4-a716-446655440002,Protein Daging,online,114227,kg,3,98,Iga Sapi segar fresh berkualitas tinggi untuk kebutuhan dapur Anda,True,2025-11-20 10:57:17
ae495363-471c-4e62-abcf-50ae4038f6b4,Iga Sapi segar premium,660e8400-e29b-41d4-a716-446655440002,Protein Daging,online,135325,kg,3,33,Iga Sapi segar premium berkualitas tinggi untuk kebutuhan dapur Anda,True,2025-10-04 10:57:17
6116758d-435a-45e5-9c11-51da996a8e53,Iga Sapi segar,660e8400-e29b-41d4-a716-446655440002,Protein Daging,online,115199,kg,3,47,Iga Sapi segar berkualitas tinggi untuk kebutuhan dapur Anda,True,2025-10-12 10:57:17
81651a7c-c559-4d59-93d1-21287a588592,Iga Sapi segar fresh,660e8400-e29b-41d4-a716-446655440002,Protein Daging,online,104559,kg,3,68,Iga Sapi segar fresh berkualitas tinggi untuk kebutuhan dapur Anda,True,2025-10-03 10:57:17
09b05879-4aff-4121-a849-e058538f414a,Telur Ayam Kampung organik,660e8400-e29b-41d4-a716-446655440003,Protein Telur,online,3975,pcs,14,61,Telur Ayam Kampung organik berkualitas tinggi untuk kebutuhan dapur Anda,True,2025-10-23 10:57:17
8858cc6c-c4fa-4ece-9d9f-4c3694c8cd2e,Telur Ayam Kampung biasa,660e8400-e29b-41d4-a716-446655440003,Protein Telur,online,3120,pcs,14,98,Telur Ayam Kampung biasa berkualitas tinggi untuk kebutuhan dapur Anda,True,2025-11-15 10:57:17
58b03c15-508c-4d77-92a0-fe4385044f94,Telur Ayam Kampung organik,660e8400-e29b-41d4-a716-446655440003,Protein Telur,online,4057,pcs,14,87,Telur Ayam Kampung organik berkualitas tinggi untuk kebutuhan dapur Anda,True,2025-10-28 10:57:17
8ce73409-d7ea-4d05-80fb-5f952eeae1c2,Telur Ayam Kampung biasa pilihan,660e8400-e29b-41d4-a716-446655440003,Protein Telur,online,3300,pcs,14,80,Telur Ayam Kampung biasa pilihan berkualitas tinggi untuk kebutuhan dapur Anda,True,2025-11-11 10:57:17
ac22f650-b6ef-46bc-9414-7950fcf8751c,Telur Ayam Kampung organik,660e8400-e29b-41d4-a716-446655440003,Protein Telur,online,4139,pcs,14,29,Telur Ayam Kampung organik berkualitas tinggi untuk kebutuhan dapur Anda,True,2025-10-23 10:57:17
3ae75a2f-3351-4169-931e-9d4a20bfaf62,Telur Ayam Kampung biasa,660e8400-e29b-41d4-a716-446655440003,Protein Telur,online,2915,pcs,14,77,Telur Ayam Kampung biasa berkualitas tinggi untuk kebutuhan dapur Anda,True,2025-11-29 10:57:17
963b7db9-78dc-4b61-a9e5-28a5a9c24900,Telur Ayam Kampung organik pilihan,660e8400-e29b-41d4-a716-446655440003,Protein Telur,online,4195,pcs,14,38,Telur Ayam Kampung organik pilihan berkualitas tinggi untuk kebutuhan dapur Anda,True,2025-10-13 10:57:17
481a508d-4c00-440e-b050-9f00f3665811,Telur Ayam Kampung biasa,660e8400-e29b-41d4-a716-446655440003,Protein Telur,online,3018,pcs,14,76,Telur Ayam Kampung biasa berkualitas tinggi untuk kebutuhan dapur Anda,True,2025-11-20 10:57:17
2c2e1077-b783-49a2-b15c-80462b295ce5,Telur Ayam Kampung organik,660e8400-e29b-41d4-a716-446655440003,Protein Telur,online,4035,pcs,14,89,Telur Ayam Kampung organik berkualitas tinggi untuk kebutuhan dapur Anda,True,2025-10-17 10:57:17
b7a95cd5-08ae-4356-a4fb-d7e942c5eb20,Telur Ayam Kampung biasa ekonomis,660e8400-e29b-41d4-a716-446655440003,Protein Telur,online,2525,pcs,14,56,Telur Ayam Kampung biasa ekonomis berkualitas tinggi untuk kebutuhan dapur Anda,True,2025-11-26 10:57:17
1eac7a9e-17df-49fa-9a63-98b6dad2aab0,Telur Ayam Kampung organik,660e8400-e29b-41d4-a716-446655440003,Protein Telur,online,4100,pcs,14,49,Telur Ayam Kampung organik berkualitas tinggi untuk kebutuhan dapur Anda,True,2025-10-24 10:57:17
ca6289ee-4afd-4be1-b62b-6fed87d2bb24,Telur Ayam Kampung biasa,660e8400-e29b-41d4-a716-446655440003,Protein Telur,online,2944,pcs,14,46,Telur Ayam Kampung biasa berkualitas tinggi untuk kebutuhan dapur Anda,True,2025-10-26 10:57:17
e72a7bb3-1e12-4406-b1d3-2c96775e0721,Telur Ayam Kampung organik reguler,660e8400-e29b-41d4-a716-446655440003,Protein Telur,online,4176,pcs,14,76,Telur Ayam Kampung organik reguler berkualitas tinggi untuk kebutuhan dapur Anda,True,2025-11-25 10:57:17
bb82ecfc-7219-486b-b3a8-a4f073707c46,Telur Ayam Kampung biasa,660e8400-e29b-41d4-a716-446655440003,Protein Telur,online,2955,pcs,14,72,Telur Ayam Kampung biasa berkualitas tinggi untuk kebutuhan dapur Anda,True,2025-11-26 10:57:17
591e4b36-8493-408b-947c-a79e5ae3c470,Telur Ayam Kampung organik,660e8400-e29b-41d4-a716-446655440003,Protein Telur,online,3884,pcs,14,71,Telur Ayam Kampung organik berkualitas tinggi untuk kebutuhan dapur Anda,True,2025-11-09 10:57:17
dabe9e6d-2b1f-4c4a-ad05-3f3760f502ef,Telur Ayam Ras omega 3,660e8400-e29b-41d4-a716-446655440003,Protein Telur,online,30657,kg,14,95,Telur Ayam Ras omega 3 berkualitas tinggi untuk kebutuhan dapur Anda,True,2025-10-17 10:57:17
b2a86b0b-bce1-416e-90d3-cd51240a5166,Telur Ayam Ras biasa,660e8400-e29b-41d4-a716-446655440003,Protein Telur,online,28132,kg,14,93,Telur Ayam Ras biasa berkualitas tinggi untuk kebutuhan dapur Anda,True,2025-11-28 10:57:17
9c3dbea8-3d85-44ad-b120-74c31612fffc,Telur Ayam Ras omega 3,660e8400-e29b-41d4-a716-446655440003,Protein Telur,online,30969,kg,14,35,Telur Ayam Ras omega 3 berkualitas tinggi untuk kebutuhan dapur Anda,True,2025-10-13 10:57:17
ff9cbc21-3b7a-46b2-9773-ddc82d5daa28,Telur Ayam Ras biasa ekonomis,660e8400-e29b-41d4-a716-446655440003,Protein Telur,online,23843,kg,14,84,Telur Ayam Ras biasa ekonomis berkualitas tinggi untuk kebutuhan dapur Anda,True,2025-10-07 10:57:17
73dea543-6def-4e24-940d-a7d299e83e45,Telur Ayam Ras omega 3,660e8400-e29b-41d4-a716-446655440003,Protein Telur,online,30914,kg,14,51,Telur Ayam Ras omega 3 berkualitas tinggi untuk kebutuhan dapur Anda,True,2025-11-18 10:57:17
ff653635-315c-4c9e-ae18-959c12f0a858,Telur Ayam Ras biasa,660e8400-e29b-41d4-a716-446655440003,Protein Telur,online,29018,kg,14,66,Telur Ayam Ras biasa berkualitas tinggi untuk kebutuhan dapur Anda,True,2025-10-05 10:57:17
212b2939-3245-4738-9230-478cb7c42cb6,Telur Ayam Ras omega 3 pilihan,660e8400-e29b-41d4-a716-446655440003,Protein Telur,online,32607,kg,14,77,Telur Ayam Ras omega 3 pilihan berkualitas tinggi untuk kebutuhan dapur Anda,True,2025-11-15 10:57:17
5efccdbb-3b43-45ba-a0bd-3b7954bb8331,Telur Ayam Ras biasa,660e8400-e29b-41d4-a716-446655440003,Protein Telur,online,29306,kg,14,66,Telur Ayam Ras biasa berkualitas tinggi untuk kebutuhan dapur Anda,True,2025-11-04 10:57:17
c95a5b76-4554-4e54-9cc4-3fa6b8c62b65,Telur Ayam Ras omega 3,660e8400-e29b-41d4-a716-446655440003,Protein Telur,online,31852,kg,14,56,Telur Ayam Ras omega 3 berkualitas tinggi untuk kebutuhan dapur Anda,True,2025-10-23 10:57:17
c6b26638-4a92-4506-b360-c74ec80469e0,Telur Ayam Ras biasa pilihan,660e8400-e29b-41d4-a716-446655440003,Protein Telur,online,32003,kg,14,95,Telur Ayam Ras biasa pilihan berkualitas tinggi untuk kebutuhan dapur Anda,True,2025-10-25 10:57:17
485ca5e7-f0cc-46fb-9e20-b950c335be0a,Telur Ayam Ras omega 3,660e8400-e29b-41d4-a716-446655440003,Protein Telur,online,30845,kg,14,81,Telur Ayam Ras omega 3 berkualitas tinggi untuk kebutuhan dapur Anda,True,2025-11-25 10:57:17
3451b1e2-0bf2-47cd-b368-32aad46de056,Telur Ayam Ras biasa,660e8400-e29b-41d4-a716-446655440003,Protein Telur,online,29454,kg,14,35,Telur Ayam Ras biasa berkualitas tinggi untuk kebutuhan dapur Anda,True,2025-11-07 10:57:17
3b90dc67-4a08-4664-833b-b961f2fae294,Telur Ayam Ras omega 3 premium,660e8400-e29b-41d4-a716-446655440003,Protein Telur,online,40780,kg,14,57,Telur Ayam Ras omega 3 premium berkualitas tinggi untuk kebutuhan dapur Anda,True,2025-11-13 10:57:17
b236e07f-bf64-495f-a5d6-fc7d3cae90a6,Telur Ayam Ras biasa,660e8400-e29b-41d4-a716-446655440003,Protein Telur,online,27606,kg,14,48,Telur Ayam Ras biasa berkualitas tinggi untuk kebutuhan dapur Anda,True,2025-11-01 10:57:17
8777093d-2670-4e1a-b3d2-66ad834b862c,Telur Ayam Ras omega 3,660e8400-e29b-41d4-a716-446655440003,Protein Telur,online,32428,kg,14,92,Telur Ayam Ras omega 3 berkualitas tinggi untuk kebutuhan dapur Anda,True,2025-11-27 10:57:17
fa756843-d322-4df5-831e-b6cd65b6bf2b,Telur Puyuh segar,660e8400-e29b-41d4-a716-446655440003,Protein Telur,online,41816,kg,10,71,Telur Puyuh segar berkualitas tinggi untuk kebutuhan dapur Anda,True,2025-11-20 10:57:17
1ba9d29f-1065-4aef-8ab0-174988b279f2,Telur Puyuh segar,660e8400-e29b-41d4-a716-446655440003,Protein Telur,online,41668,kg,10,52,Telur Puyuh segar berkualitas tinggi untuk kebutuhan dapur Anda,True,2025-10-26 10:57:17
f0dd8e3a-8363-45f9-b965-cffda4f9c586,Telur Puyuh segar,660e8400-e29b-41d4-a716-446655440003,Protein Telur,online,39250,kg,10,64,Telur Puyuh segar berkualitas tinggi untuk kebutuhan dapur Anda,True,2025-10-04 10:57:17
8edce802-c053-42f2-b999-c94b3ca9a158,Telur Puyuh segar pilihan,660e8400-e29b-41d4-a716-446655440003,Protein Telur,online,43161,kg,10,98,Telur Puyuh segar pilihan berkualitas tinggi untuk kebutuhan dapur Anda,True,2025-11-04 10:57:17
34b92093-c104-44cf-b57e-0bcba8675ef1,Telur Puyuh segar,660e8400-e29b-41d4-a716-446655440003,Protein Telur,online,40000,kg,10,61,Telur Puyuh segar berkualitas tinggi untuk kebutuhan dapur Anda,True,2025-10-11 10:57:17
dd567506-6e57-422e-b986-7b96128d6670,Telur Puyuh segar,660e8400-e29b-41d4-a716-446655440003,Protein Telur,online,38386,kg,10,51,Telur Puyuh segar berkualitas tinggi untuk kebutuhan dapur Anda,True,2025-11-09 10:57:17
f219f8ff-7f5a-4732-8843-18207c305268,Telur Puyuh segar ekonomis,660e8400-e29b-41d4-a716-446655440003,Protein Telur,online,32333,kg,10,73,Telur Puyuh segar ekonomis berkualitas tinggi untuk kebutuhan dapur Anda,True,2025-10-30 10:57:17
51d90030-7454-4f6b-8ff9-d4b5acc3d8b1,Telur Puyuh segar,660e8400-e29b-41d4-a716-446655440003,Protein Telur,online,40944,kg,10,33,Telur Puyuh segar berkualitas tinggi untuk kebutuhan dapur Anda,True,2025-11-20 10:57:17
e9efe11e-4912-4fb9-a355-584ff2e99ab4,Telur Puyuh segar,660e8400-e29b-41d4-a716-446655440003,Protein Telur,online,39396,kg,10,77,Telur Puyuh segar berkualitas tinggi untuk kebutuhan dapur Anda,True,2025-10-23 10:57:17
493445d4-04d4-4f48-8d01-118e4111f649,Telur Puyuh segar ekonomis,660e8400-e29b-41d4-a716-446655440003,Protein Telur,online,36076,kg,10,90,Telur Puyuh segar ekonomis berkualitas tinggi untuk kebutuhan dapur Anda,True,2025-11-18 10:57:17
90e2c84b-2718-40da-b1b8-efc8598f9493,Telur Puyuh segar,660e8400-e29b-41d4-a716-446655440003,Protein Telur,online,39058,kg,10,76,Telur Puyuh segar berkualitas tinggi untuk kebutuhan dapur Anda,True,2025-11-13 10:57:17
afdbfbc0-0f39-4742-9686-da1017148c4c,Telur Puyuh segar,660e8400-e29b-41d4-a716-446655440003,Protein Telur,online,41458,kg,10,64,Telur Puyuh segar berkualitas tinggi untuk kebutuhan dapur Anda,True,2025-10-09 10:57:17
5dd93b9d-e133-43d7-a1c5-050bb7da6e49,Telur Puyuh segar reguler,660e8400-e29b-41d4-a716-446655440003,Protein Telur,online,40603,kg,10,53,Telur Puyuh segar reguler berkualitas tinggi untuk kebutuhan dapur Anda,True,2025-11-23 10:57:17
4654565f-e48b-420f-b514-b58792d7837b,Telur Puyuh segar,660e8400-e29b-41d4-a716-446655440003,Protein Telur,online,38883,kg,10,47,Telur Puyuh segar berkualitas tinggi untuk kebutuhan dapur Anda,True,2025-10-06 10:57:17
f1865677-ad7c-40b6-bd94-d076436ca41a,Telur Puyuh segar,660e8400-e29b-41d4-a716-446655440003,Protein Telur,online,38752,kg,10,82,Telur Puyuh segar berkualitas tinggi untuk kebutuhan dapur Anda,True,2025-10-30 10:57:17
c75cb67c-f7fa-4432-8d9b-8557b38864bf,Telur Bebek asin,660e8400-e29b-41d4-a716-446655440003,Protein Telur,online,35358,kg,14,71,Telur Bebek asin berkualitas tinggi untuk kebutuhan dapur Anda,True,2025-10-27 10:57:17
5eb91219-9f51-4d96-8fdd-42a55ecf7c26,Telur Bebek segar,660e8400-e29b-41d4-a716-446655440003,Protein Telur,online,29007,kg,14,86,Telur Bebek segar berkualitas tinggi untuk kebutuhan dapur Anda,True,2025-11-19 10:57:17
43e92f65-8f88-4df3-a88a-7d01e92e565b,Telur Bebek asin,660e8400-e29b-41d4-a716-446655440003,Protein Telur,online,36527,kg,14,52,Telur Bebek asin berkualitas tinggi untuk kebutuhan dapur Anda,True,2025-10-23 10:57:17
a1bb87cb-8db9-4467-a869-7f99c060e8ca,Telur Bebek segar reguler,660e8400-e29b-41d4-a716-446655440003,Protein Telur,online,28673,kg,14,23,Telur Bebek segar reguler berkualitas tinggi untuk kebutuhan dapur Anda,True,2025-10-02 10:57:17
73d9a6c8-466d-4e64-a455-3c857618cd44,Telur Bebek asin,660e8400-e29b-41d4-a716-446655440003,Protein Telur,online,33719,kg,14,78,Telur Bebek asin berkualitas tinggi untuk kebutuhan dapur Anda,True,2025-10-15 10:57:17
95abd1e6-4fd1-4194-a714-3af11793c42b,Telur Bebek segar,660e8400-e29b-41d4-a716-446655440003,Protein Telur,online,31373,kg,14,46,Telur Bebek segar berkualitas tinggi untuk kebutuhan dapur Anda,True,2025-10-21 10:57:17
c537690e-4523-4f29-906c-9abd5e2473ff,Telur Bebek asin premium,660e8400-e29b-41d4-a716-446655440003,Protein Telur,online,42800,kg,14,42,Telur Bebek asin premium berkualitas tinggi untuk kebutuhan dapur Anda,True,2025-11-08 10:57:17
760dd4b7-4a5c-4d5d-89f8-702d0039e067,Telur Bebek segar,660e8400-e29b-41d4-a716-446655440003,Protein Telur,online,30529,kg,14,59,Telur Bebek segar berkualitas tinggi untuk kebutuhan dapur Anda,True,2025-10-14 10:57:17
a2d2d2fb-41d1-48dc-9877-5058996ce863,Telur Bebek asin,660e8400-e29b-41d4-a716-446655440003,Protein Telur,online,35457,kg,14,77,Telur Bebek asin berkualitas tinggi untuk kebutuhan dapur Anda,True,2025-10-24 10:57:17
11ae4bc1-8e62-49ac-bddd-62a2a266b7ce,Telur Bebek segar premium,660e8400-e29b-41d4-a716-446655440003,Protein Telur,online,38012,kg,14,35,Telur Bebek segar premium berkualitas tinggi untuk kebutuhan dapur Anda,True,2025-10-04 10:57:17
554c8279-02a8-4f6a-a9f9-fe1749155e23,Telur Bebek asin,660e8400-e29b-41d4-a716-446655440003,Protein Telur,online,36244,kg,14,86,Telur Bebek asin berkualitas tinggi untuk kebutuhan dapur Anda,True,2025-11-26 10:57:17
6f3da2a0-1177-4a6a-b89a-c602a58b030a,Telur Bebek segar,660e8400-e29b-41d4-a716-446655440003,Protein Telur,online,30925,kg,14,64,Telur Bebek segar berkualitas tinggi untuk kebutuhan dapur Anda,True,2025-11-18 10:57:17
73078eca-9890-4abf-b349-692aa644709c,Telur Bebek asin premium,660e8400-e29b-41d4-a716-446655440003,Protein Telur,online,46319,kg,14,83,Telur Bebek asin premium berkualitas tinggi untuk kebutuhan dapur Anda,True,2025-11-05 10:57:17
f0c3b7cd-2dd7-4bb7-8a7f-7543930a72a0,Telur Bebek segar,660e8400-e29b-41d4-a716-446655440003,Protein Telur,online,30145,kg,14,54,Telur Bebek segar berkualitas tinggi untuk kebutuhan dapur Anda,True,2025-10-11 10:57:17
b27e8329-0228-4d29-99c9-f0f97e56f72a,Telur Bebek asin,660e8400-e29b-41d4-a716-446655440003,Protein Telur,online,33432,kg,14,82,Telur Bebek asin berkualitas tinggi untuk kebutuhan dapur Anda,True,2025-11-13 10:57:17
5fdabff7-dd89-484a-bddd-a5f9df3b101c,Sereh segar,660e8400-e29b-41d4-a716-446655440004,Bumbu & Rempah,online,11409,kg,7,56,Sereh segar berkualitas tinggi untuk kebutuhan dapur Anda,True,2025-11-06 10:57:17
9402df57-178d-4e03-8ad1-48e481d757eb,Sereh segar,660e8400-e29b-41d4-a716-446655440004,Bumbu & Rempah,online,11494,kg,7,94,Sereh segar berkualitas tinggi untuk kebutuhan dapur Anda,True,2025-10-20 10:57:17
d0b563aa-c35c-4ed9-b8d1-cd006ffdcaa0,Sereh segar,660e8400-e29b-41d4-a716-446655440004,Bumbu & Rempah,online,11531,kg,7,30,Sereh segar berkualitas tinggi untuk kebutuhan dapur Anda,True,2025-11-16 10:57:17
8cfbb524-7a70-4eb5-8bad-479ea6c30eeb,Sereh segar pilihan,660e8400-e29b-41d4-a716-446655440004,Bumbu & Rempah,online,12783,kg,7,58,Sereh segar pilihan berkualitas tinggi untuk kebutuhan dapur Anda,True,2025-10-03 10:57:17
69844a85-d40d-4be1-97a6-36f5ae7565c4,Sereh segar,660e8400-e29b-41d4-a716-446655440004,Bumbu & Rempah,online,12365,kg,7,66,Sereh segar berkualitas tinggi untuk kebutuhan dapur Anda,True,2025-10-26 10:57:17
7169ef6f-22ac-4bb7-bb64-a225a80f5bac,Sereh segar,660e8400-e29b-41d4-a716-446655440004,Bumbu & Rempah,online,11829,kg,7,32,Sereh segar berkualitas tinggi untuk kebutuhan dapur Anda,True,2025-11-17 10:57:17
783ce5d2-c83c-4d80-99c9-6281d8d87a25,Sereh segar super,660e8400-e29b-41d4-a716-446655440004,Bumbu & Rempah,online,14118,kg,7,41,Sereh segar super berkualitas tinggi untuk kebutuhan dapur Anda,True,2025-11-24 10:57:17
590f38df-deff-4b3d-8627-c15ca5e44c1a,Sereh segar,660e8400-e29b-41d4-a716-446655440004,Bumbu & Rempah,online,11947,kg,7,68,Sereh segar berkualitas tinggi untuk kebutuhan dapur Anda,True,2025-10-10 10:57:17
3d675396-0b44-4348-8a0b-f0daddd792a6,Sereh segar,660e8400-e29b-41d4-a716-446655440004,Bumbu & Rempah,online,12333,kg,7,37,Sereh segar berkualitas tinggi untuk kebutuhan dapur Anda,True,2025-10-03 10:57:17
92d631db-e37d-4fdf-a0b8-718918fdc614,Sereh segar ekonomis,660e8400-e29b-41d4-a716-446655440004,Bumbu & Rempah,online,9742,kg,7,86,Sereh segar ekonomis berkualitas tinggi untuk kebutuhan dapur Anda,True,2025-11-09 10:57:17
b49972f6-dcaf-403d-8b61-af5e98686a18,Sereh segar,660e8400-e29b-41d4-a716-446655440004,Bumbu & Rempah,online,12598,kg,7,36,Sereh segar berkualitas tinggi untuk kebutuhan dapur Anda,True,2025-11-25 10:57:17
0a5e7f50-4890-45c1-86d4-2266f4a29f9d,Jahe merah,660e8400-e29b-41d4-a716-446655440004,Bumbu & Rempah,online,35188,kg,14,22,Jahe merah berkualitas tinggi untuk kebutuhan dapur Anda,True,2025-10-21 10:57:17
c0c55e25-778b-4679-bd58-34d173215547,Jahe putih,660e8400-e29b-41d4-a716-446655440004,Bumbu & Rempah,online,31065,kg,14,68,Jahe putih berkualitas tinggi untuk kebutuhan dapur Anda,True,2025-10-04 10:57:17
f0def6f4-54be-47f1-8d3a-c678f711330e,Jahe emprit,660e8400-e29b-41d4-a716-446655440004,Bumbu & Rempah,online,29208,kg,14,42,Jahe emprit berkualitas tinggi untuk kebutuhan dapur Anda,True,2025-11-16 10:57:17
a69fa857-38c0-462b-a48b-3beda6e030e9,Jahe merah reguler,660e8400-e29b-41d4-a716-446655440004,Bumbu & Rempah,online,33983,kg,14,84,Jahe merah reguler berkualitas tinggi untuk kebutuhan dapur Anda,True,2025-10-01 10:57:17
409852cd-a3a6-4ee1-a96f-a4524cffc06f,Jahe putih,660e8400-e29b-41d4-a716-446655440004,Bumbu & Rempah,online,33387,kg,14,26,Jahe putih berkualitas tinggi untuk kebutuhan dapur Anda,True,2025-10-25 10:57:17
d0b37e1d-f5fc-4600-ac5a-e8e867e56258,Jahe emprit,660e8400-e29b-41d4-a716-446655440004,Bumbu & Rempah,online,28662,kg,14,81,Jahe emprit berkualitas tinggi untuk kebutuhan dapur Anda,True,2025-10-10 10:57:17
f501f455-4cc3-4eea-9096-444a47af05ed,Jahe merah premium,660e8400-e29b-41d4-a716-446655440004,Bumbu & Rempah,online,41251,kg,14,89,Jahe merah premium berkualitas tinggi untuk kebutuhan dapur Anda,True,2025-10-14 10:57:17
a8b754a7-d073-4ea4-97db-4c43c6373cb5,Jahe putih,660e8400-e29b-41d4-a716-446655440004,Bumbu & Rempah,online,33418,kg,14,72,Jahe putih berkualitas tinggi untuk kebutuhan dapur Anda,True,2025-11-28 10:57:17
329e8010-174b-4759-b052-46654f41dfea,Jahe emprit,660e8400-e29b-41d4-a716-446655440004,Bumbu & Rempah,online,26666,kg,14,64,Jahe emprit berkualitas tinggi untuk kebutuhan dapur Anda,True,2025-10-19 10:57:17
74255e16-3d93-423c-ad0b-06ff74c7893d,Jahe merah premium,660e8400-e29b-41d4-a716-446655440004,Bumbu & Rempah,online,40702,kg,14,59,Jahe merah premium berkualitas tinggi untuk kebutuhan dapur Anda,True,2025-11-23 10:57:17
d03366bc-8a39-4cf2-9ccd-dbde4a7fc467,Jahe putih,660e8400-e29b-41d4-a716-446655440004,Bumbu & Rempah,online,30890,kg,14,30,Jahe putih berkualitas tinggi untuk kebutuhan dapur Anda,True,2025-10-13 10:57:17
f1ef44d3-469a-45e4-aaeb-ef756ab7f975,Cikur/Kencur segar,660e8400-e29b-41d4-a716-446655440004,Bumbu & Rempah,online,50084,kg,14,93,Cikur/Kencur segar berkualitas tinggi untuk kebutuhan dapur Anda,True,2025-10-24 10:57:17
18af9587-59c7-47d6-a2b3-5d7d52be4620,Cikur/Kencur segar,660e8400-e29b-41d4-a716-446655440004,Bumbu & Rempah,online,49306,kg,14,47,Cikur/Kencur segar berkualitas tinggi untuk kebutuhan dapur Anda,True,2025-10-25 10:57:17
568bb691-74db-49f2-9626-cfdb7aa7b272,Cikur/Kencur segar,660e8400-e29b-41d4-a716-446655440004,Bumbu & Rempah,online,51081,kg,14,55,Cikur/Kencur segar berkualitas tinggi untuk kebutuhan dapur Anda,True,2025-11-25 10:57:17
1ea14cae-e847-4085-ac37-3175dcff0c18,Cikur/Kencur segar premium,660e8400-e29b-41d4-a716-446655440004,Bumbu & Rempah,online,57845,kg,14,80,Cikur/Kencur segar premium berkualitas tinggi untuk kebutuhan dapur Anda,True,2025-10-21 10:57:17
811367bb-c5b4-4612-a466-b4a101586ab9,Cikur/Kencur segar,660e8400-e29b-41d4-a716-446655440004,Bumbu & Rempah,online,51234,kg,14,93,Cikur/Kencur segar berkualitas tinggi untuk kebutuhan dapur Anda,True,2025-10-19 10:57:17
2bd794e8-b07d-4411-b58e-a79cd5e9d5d2,Cikur/Kencur segar,660e8400-e29b-41d4-a716-446655440004,Bumbu & Rempah,online,50865,kg,14,65,Cikur/Kencur segar berkualitas tinggi untuk kebutuhan dapur Anda,True,2025-10-16 10:57:17
ebdd72b9-b952-4139-8545-cb8746bc52fc,Cikur/Kencur segar ekonomis,660e8400-e29b-41d4-a716-446655440004,Bumbu & Rempah,online,41959,kg,14,50,Cikur/Kencur segar ekonomis berkualitas tinggi untuk kebutuhan dapur Anda,True,2025-11-23 10:57:17
27b93ffe-b241-43b6-ad91-cc4748bd2544,Cikur/Kencur segar,660e8400-e29b-41d4-a716-446655440004,Bumbu & Rempah,online,50914,kg,14,92,Cikur/Kencur segar berkualitas tinggi untuk kebutuhan dapur Anda,True,2025-11-29 10:57:17
6d7edf50-5418-4f0d-b8af-bfa9b251b526,Cikur/Kencur segar,660e8400-e29b-41d4-a716-446655440004,Bumbu & Rempah,online,51936,kg,14,99,Cikur/Kencur segar berkualitas tinggi untuk kebutuhan dapur Anda,True,2025-11-03 10:57:17
abc858bc-6ad6-4d1d-bad0-b4e0fad527b6,Cikur/Kencur segar super,660e8400-e29b-41d4-a716-446655440004,Bumbu & Rempah,online,59593,kg,14,91,Cikur/Kencur segar super berkualitas tinggi untuk kebutuhan dapur Anda,True,2025-11-05 10:57:17
029342ac-d37f-4f8b-a454-eb7883cc256e,Cikur/Kencur segar,660e8400-e29b-41d4-a716-446655440004,Bumbu & Rempah,online,52322,kg,14,71,Cikur/Kencur segar berkualitas tinggi untuk kebutuhan dapur Anda,True,2025-10-07 10:57:17
011abf17-d693-4a5e-aed6-77575d74cc30,Lengkuas segar,660e8400-e29b-41d4-a716-446655440004,Bumbu & Rempah,online,20998,kg,14,70,Lengkuas segar berkualitas tinggi untuk kebutuhan dapur Anda,True,2025-10-12 10:57:17
3a125a4a-69a4-43b4-b088-4581c725d013,Lengkuas segar,660e8400-e29b-41d4-a716-446655440004,Bumbu & Rempah,online,19400,kg,14,80,Lengkuas segar berkualitas tinggi untuk kebutuhan dapur Anda,True,2025-11-13 10:57:17
dedc7c6b-7152-4f46-8c2f-e9728dcc4aa0,Lengkuas segar,660e8400-e29b-41d4-a716-446655440004,Bumbu & Rempah,online,20335,kg,14,94,Lengkuas segar berkualitas tinggi untuk kebutuhan dapur Anda,True,2025-11-18 10:57:17
a25c4651-6f80-4ff7-87e0-d06e48631268,Lengkuas segar ekonomis,660e8400-e29b-41d4-a716-446655440004,Bumbu & Rempah,online,15347,kg,14,86,Lengkuas segar ekonomis berkualitas tinggi untuk kebutuhan dapur Anda,True,2025-11-18 10:57:17
d8d11af5-0bc1-41df-8ae1-02cbe6285184,Lengkuas segar,660e8400-e29b-41d4-a716-446655440004,Bumbu & Rempah,online,19632,kg,14,92,Lengkuas segar berkualitas tinggi untuk kebutuhan dapur Anda,True,2025-11-07 10:57:17
27a883fa-7b58-4488-9b67-4b6f0978279d,Lengkuas segar,660e8400-e29b-41d4-a716-446655440004,Bumbu & Rempah,online,19057,kg,14,69,Lengkuas segar berkualitas tinggi untuk kebutuhan dapur Anda,True,2025-11-08 10:57:17
03922202-9848-4071-b7c7-cc6f02216a07,Lengkuas segar ekonomis,660e8400-e29b-41d4-a716-446655440004,Bumbu & Rempah,online,17320,kg,14,76,Lengkuas segar ekonomis berkualitas tinggi untuk kebutuhan dapur Anda,True,2025-11-16 10:57:17
b087ebde-acd7-4f5a-838b-f37aeeec96d2,Lengkuas segar,660e8400-e29b-41d4-a716-446655440004,Bumbu & Rempah,online,19427,kg,14,29,Lengkuas segar berkualitas tinggi untuk kebutuhan dapur Anda,True,2025-10-05 10:57:17
cd9fd238-54bb-45f4-8f88-5ec048d581a2,Lengkuas segar,660e8400-e29b-41d4-a716-446655440004,Bumbu & Rempah,online,19337,kg,14,68,Lengkuas segar berkualitas tinggi untuk kebutuhan dapur Anda,True,2025-11-12 10:57:17
e1175312-5c19-4d15-9082-5facd027b671,Lengkuas segar pilihan,660e8400-e29b-41d4-a716-446655440004,Bumbu & Rempah,online,20060,kg,14,30,Lengkuas segar pilihan berkualitas tinggi untuk kebutuhan dapur Anda,True,2025-10-10 10:57:17
231b9cf8-bc1a-4eb7-bc94-6a643ff38209,Lengkuas segar,660e8400-e29b-41d4-a716-446655440004,Bumbu & Rempah,online,20263,kg,14,96,Lengkuas segar berkualitas tinggi untuk kebutuhan dapur Anda,True,2025-11-11 10:57:17
4cc3e5bf-612d-4482-881e-b1685ff1c833,Kunyit segar,660e8400-e29b-41d4-a716-446655440004,Bumbu & Rempah,online,17874,kg,14,29,Kunyit segar berkualitas tinggi untuk kebutuhan dapur Anda,True,2025-11-06 10:57:17
fad0c2e8-fde7-4677-b757-d5265a55e13d,Kunyit segar,660e8400-e29b-41d4-a716-446655440004,Bumbu & Rempah,online,18091,kg,14,89,Kunyit segar berkualitas tinggi untuk kebutuhan dapur Anda,True,2025-11-20 10:57:17
4a74c099-0b1f-42c7-8f53-8c833a7ff9a2,Kunyit segar,660e8400-e29b-41d4-a716-446655440004,Bumbu & Rempah,online,17725,kg,14,64,Kunyit segar berkualitas tinggi untuk kebutuhan dapur Anda,True,2025-11-03 10:57:17
e4dcfa11-a0c4-464f-869b-dca7aeecc88d,Kunyit segar ekonomis,660e8400-e29b-41d4-a716-446655440004,Bumbu & Rempah,online,16221,kg,14,89,Kunyit segar ekonomis berkualitas tinggi untuk kebutuhan dapur Anda,True,2025-10-30 10:57:17
65a7a982-d436-4844-a29f-ec2a71aabb98,Kunyit segar,660e8400-e29b-41d4-a716-446655440004,Bumbu & Rempah,online,18859,kg,14,85,Kunyit segar berkualitas tinggi untuk kebutuhan dapur Anda,True,2025-10-08 10:57:17
5b3f10e9-aa00-463e-a2e3-d9283d7fae7a,Kunyit segar,660e8400-e29b-41d4-a716-446655440004,Bumbu & Rempah,online,17719,kg,14,64,Kunyit segar berkualitas tinggi untuk kebutuhan dapur Anda,True,2025-11-13 10:57:17
372ac655-1972-4080-b3f1-9dd67f087998,Kunyit segar super,660e8400-e29b-41d4-a716-446655440004,Bumbu & Rempah,online,22207,kg,14,76,Kunyit segar super berkualitas tinggi untuk kebutuhan dapur Anda,True,2025-10-03 10:57:17
28f1e8f1-51a1-4fc6-a2c3-caa883537711,Kunyit segar,660e8400-e29b-41d4-a716-446655440004,Bumbu & Rempah,online,18808,kg,14,35,Kunyit segar berkualitas tinggi untuk kebutuhan dapur Anda,True,2025-11-18 10:57:17
70849cb9-8637-4589-ad0b-e3c75b3bd3cf,Kunyit segar,660e8400-e29b-41d4-a716-446655440004,Bumbu & Rempah,online,18684,kg,14,30,Kunyit segar berkualitas tinggi untuk kebutuhan dapur Anda,True,2025-11-20 10:57:17
c627e037-bca7-4243-a989-b3a38ed0284a,Kunyit segar pilihan,660e8400-e29b-41d4-a716-446655440004,Bumbu & Rempah,online,17725,kg,14,46,Kunyit segar pilihan berkualitas tinggi untuk kebutuhan dapur Anda,True,2025-11-05 10:57:17
2bffd362-e9c7-4945-852f-b8feb59766e5,Kunyit segar,660e8400-e29b-41d4-a716-446655440004,Bumbu & Rempah,online,17803,kg,14,25,Kunyit segar berkualitas tinggi untuk kebutuhan dapur Anda,True,2025-11-22 10:57:17
06b41d44-0a80-4a3b-ac2e-d5e0d5124462,Tomat merah,660e8400-e29b-41d4-a716-446655440004,Bumbu & Rempah,online,9545,kg,5,75,Tomat merah berkualitas tinggi untuk kebutuhan dapur Anda,True,2025-10-29 10:57:17
6317fbcb-a218-4e73-a080-c7f7ef766907,Tomat hijau,660e8400-e29b-41d4-a716-446655440004,Bumbu & Rempah,online,8963,kg,5,99,Tomat hijau berkualitas tinggi untuk kebutuhan dapur Anda,True,2025-10-29 10:57:17
ba5d95d0-6633-42a6-b99a-20cb45865154,Tomat merah,660e8400-e29b-41d4-a716-446655440004,Bumbu & Rempah,online,9719,kg,5,27,Tomat merah berkualitas tinggi untuk kebutuhan dapur Anda,True,2025-11-15 10:57:17
64736bff-2e56-4149-9a90-d41d68c7edc4,Tomat hijau reguler,660e8400-e29b-41d4-a716-446655440004,Bumbu & Rempah,online,8347,kg,5,64,Tomat hijau reguler berkualitas tinggi untuk kebutuhan dapur Anda,True,2025-10-06 10:57:17
4b51337e-7b74-4617-9cd2-17ebaaca7af9,Tomat merah,660e8400-e29b-41d4-a716-446655440004,Bumbu & Rempah,online,10464,kg,5,22,Tomat merah berkualitas tinggi untuk kebutuhan dapur Anda,True,2025-10-21 10:57:17
1f0eab89-428a-4783-b745-103a1b30705d,Tomat hijau,660e8400-e29b-41d4-a716-446655440004,Bumbu & Rempah,online,8836,kg,5,74,Tomat hijau berkualitas tinggi untuk kebutuhan dapur Anda,True,2025-11-17 10:57:17
d2b10a99-2061-4a4d-9a67-92b7f813c178,Tomat merah premium,660e8400-e29b-41d4-a716-446655440004,Bumbu & Rempah,online,13047,kg,5,78,Tomat merah premium berkualitas tinggi untuk kebutuhan dapur Anda,True,2025-10-03 10:57:17
780e361f-f75b-422d-af6c-88d64989ba22,Tomat hijau,660e8400-e29b-41d4-a716-446655440004,Bumbu & Rempah,online,8758,kg,5,70,Tomat hijau berkualitas tinggi untuk kebutuhan dapur Anda,True,2025-11-27 10:57:17
e9d46af8-499a-4167-9f2f-e2ac3045b78a,Tomat merah,660e8400-e29b-41d4-a716-446655440004,Bumbu & Rempah,online,10349,kg,5,62,Tomat merah berkualitas tinggi untuk kebutuhan dapur Anda,True,2025-11-04 10:57:17
123e877e-d499-41d2-a53e-6bdb075d2171,Tomat hijau premium,660e8400-e29b-41d4-a716-446655440004,Bumbu & Rempah,online,10314,kg,5,46,Tomat hijau premium berkualitas tinggi untuk kebutuhan dapur Anda,True,2025-11-20 10:57:17
8c3bd2bb-f558-49d3-a11b-fb7460569a22,Tomat merah,660e8400-e29b-41d4-a716-446655440004,Bumbu & Rempah,online,10084,kg,5,25,Tomat merah berkualitas tinggi untuk kebutuhan dapur Anda,True,2025-10-25 10:57:17
bed4eede-a66b-405b-b4cd-a82ee4d15fc1,Daun Salam segar,660e8400-e29b-41d4-a716-446655440004,Bumbu & Rempah,online,499,iket,7,21,Daun Salam segar berkualitas tinggi untuk kebutuhan dapur Anda,True,2025-11-19 10:57:17
a783d72b-f699-4a64-99c1-650001416c33,Daun Salam segar,660e8400-e29b-41d4-a716-446655440004,Bumbu & Rempah,online,498,iket,7,41,Daun Salam segar berkualitas tinggi untuk kebutuhan dapur Anda,True,2025-11-14 10:57:17
9d179072-2424-4740-bb61-23e86cebc613,Daun Salam segar,660e8400-e29b-41d4-a716-446655440004,Bumbu & Rempah,online,513,iket,7,67,Daun Salam segar berkualitas tinggi untuk kebutuhan dapur Anda,True,2025-11-10 10:57:17
aee9a9c3-3a60-46fb-9842-7554a2bd448f,Daun Salam segar super,660e8400-e29b-41d4-a716-446655440004,Bumbu & Rempah,online,550,iket,7,85,Daun Salam segar super berkualitas tinggi untuk kebutuhan dapur Anda,True,2025-10-11 10:57:17
07100fe5-9bd4-4d7e-b381-7c7ba349253d,Daun Salam segar,660e8400-e29b-41d4-a716-446655440004,Bumbu & Rempah,online,494,iket,7,91,Daun Salam segar berkualitas tinggi untuk kebutuhan dapur Anda,True,2025-11-04 10:57:17
24e00348-dc4e-4bef-a387-ea306e34ff29,Daun Salam segar,660e8400-e29b-41d4-a716-446655440004,Bumbu & Rempah,online,479,iket,7,53,Daun Salam segar berkualitas tinggi untuk kebutuhan dapur Anda,True,2025-10-19 10:57:17
1e3caf5a-c2e7-42bb-be36-76c483cb9a69,Daun Salam segar ekonomis,660e8400-e29b-41d4-a716-446655440004,Bumbu & Rempah,online,416,iket,7,63,Daun Salam segar ekonomis berkualitas tinggi untuk kebutuhan dapur Anda,True,2025-10-12 10:57:17
85b66e63-a5d9-4d08-b868-77b87db797fc,Daun Salam segar,660e8400-e29b-41d4-a716-446655440004,Bumbu & Rempah,online,519,iket,7,20,Daun Salam segar berkualitas tinggi untuk kebutuhan dapur Anda,True,2025-10-18 10:57:17
f5441be0-50bc-4607-8e5a-10a56713765f,Daun Salam segar,660e8400-e29b-41d4-a716-446655440004,Bumbu & Rempah,online,522,iket,7,86,Daun Salam segar berkualitas tinggi untuk kebutuhan dapur Anda,True,2025-11-07 10:57:17
c66da5f7-10c5-4dbd-91a7-c86ea3739ec5,Daun Salam segar reguler,660e8400-e29b-41d4-a716-446655440004,Bumbu & Rempah,online,515,iket,7,72,Daun Salam segar reguler berkualitas tinggi untuk kebutuhan dapur Anda,True,2025-11-09 10:57:17
1e4ea4fd-b3db-492c-bcc7-0c77d327f994,Daun Salam segar,660e8400-e29b-41d4-a716-446655440004,Bumbu & Rempah,online,501,iket,7,68,Daun Salam segar berkualitas tinggi untuk kebutuhan dapur Anda,True,2025-10-15 10:57:17
91b9950f-9f18-435d-afd7-33201455c5b5,Daun Jeruk segar,660e8400-e29b-41d4-a716-446655440004,Bumbu & Rempah,online,1902,pak,7,61,Daun Jeruk segar berkualitas tinggi untuk kebutuhan dapur Anda,True,2025-10-16 10:57:17
db78638e-f491-45ec-b966-0dba94b1f8cd,Daun Jeruk segar,660e8400-e29b-41d4-a716-446655440004,Bumbu & Rempah,online,1954,pak,7,50,Daun Jeruk segar berkualitas tinggi untuk kebutuhan dapur Anda,True,2025-10-20 10:57:17
9b5af59b-68f9-49f2-81ab-59950538ca0d,Daun Jeruk segar,660e8400-e29b-41d4-a716-446655440004,Bumbu & Rempah,online,1936,pak,7,84,Daun Jeruk segar berkualitas tinggi untuk kebutuhan dapur Anda,True,2025-11-27 10:57:17
7d772795-b5ce-4584-993b-c89380e8dbe4,Daun Jeruk segar reguler,660e8400-e29b-41d4-a716-446655440004,Bumbu & Rempah,online,1959,pak,7,75,Daun Jeruk segar reguler berkualitas tinggi untuk kebutuhan dapur Anda,True,2025-11-23 10:57:17
5bcda62c-eb8f-4933-b4db-b29292086c64,Daun Jeruk segar,660e8400-e29b-41d4-a716-446655440004,Bumbu & Rempah,online,1923,pak,7,79,Daun Jeruk segar berkualitas tinggi untuk kebutuhan dapur Anda,True,2025-10-29 10:57:17
5904795a-d8bd-41f2-9d1b-7bd86bba80c0,Daun Jeruk segar,660e8400-e29b-41d4-a716-446655440004,Bumbu & Rempah,online,1934,pak,7,23,Daun Jeruk segar berkualitas tinggi untuk kebutuhan dapur Anda,True,2025-11-26 10:57:17
23d88488-0dc1-459c-89b5-44e1c00df89c,Daun Jeruk segar premium,660e8400-e29b-41d4-a716-446655440004,Bumbu & Rempah,online,2311,pak,7,39,Daun Jeruk segar premium berkualitas tinggi untuk kebutuhan dapur Anda,True,2025-10-07 10:57:17
775cda5f-0bd2-4ed6-b458-1c190761f5cd,Daun Jeruk segar,660e8400-e29b-41d4-a716-446655440004,Bumbu & Rempah,online,1971,pak,7,71,Daun Jeruk segar berkualitas tinggi untuk kebutuhan dapur Anda,True,2025-11-11 10:57:17
7f11f50c-ffdc-477e-b18c-a8fc76e7a580,Daun Jeruk segar,660e8400-e29b-41d4-a716-446655440004,Bumbu & Rempah,online,1949,pak,7,85,Daun Jeruk segar berkualitas tinggi untuk kebutuhan dapur Anda,True,2025-11-12 10:57:17
71752a5a-267e-49a4-bba4-589b3a5bb346,Daun Jeruk segar pilihan,660e8400-e29b-41d4-a716-446655440004,Bumbu & Rempah,online,2003,pak,7,48,Daun Jeruk segar pilihan berkualitas tinggi untuk kebutuhan dapur Anda,True,2025-11-18 10:57:17
d44346fb-efdc-4edc-a180-f48d5478c9cf,Daun Jeruk segar,660e8400-e29b-41d4-a716-446655440004,Bumbu & Rempah,online,2053,pak,7,57,Daun Jeruk segar berkualitas tinggi untuk kebutuhan dapur Anda,True,2025-10-15 10:57:17
f8d3fd60-85b8-4bdf-8646-4cd057791a91,Bawang Putih lokal,660e8400-e29b-41d4-a716-446655440004,Bumbu & Rempah,online,39484,kg,30,71,Bawang Putih lokal berkualitas tinggi untuk kebutuhan dapur Anda,True,2025-11-24 10:57:17
2965720b-7bac-4723-9352-4eafdd52b755,Bawang Putih import,660e8400-e29b-41d4-a716-446655440004,Bumbu & Rempah,online,36083,kg,30,33,Bawang Putih import berkualitas tinggi untuk kebutuhan dapur Anda,True,2025-10-25 10:57:17
c8a16818-65ff-4288-adfa-2aa6e6fbfc3a,Bawang Putih lokal,660e8400-e29b-41d4-a716-446655440004,Bumbu & Rempah,online,38524,kg,30,37,Bawang Putih lokal berkualitas tinggi untuk kebutuhan dapur Anda,True,2025-10-02 10:57:17
5314f656-e35e-4fab-b153-df4439a1c43c,Bawang Putih import premium,660e8400-e29b-41d4-a716-446655440004,Bumbu & Rempah,online,41358,kg,30,45,Bawang Putih import premium berkualitas tinggi untuk kebutuhan dapur Anda,True,2025-11-28 10:57:17
7b936d46-8cd7-47fd-b5c0-00532cc051ea,Bawang Putih lokal,660e8400-e29b-41d4-a716-446655440004,Bumbu & Rempah,online,38496,kg,30,30,Bawang Putih lokal berkualitas tinggi untuk kebutuhan dapur Anda,True,2025-11-03 10:57:17
661ca729-bea0-4c07-9c0b-c59e97388116,Bawang Putih import,660e8400-e29b-41d4-a716-446655440004,Bumbu & Rempah,online,34313,kg,30,49,Bawang Putih import berkualitas tinggi untuk kebutuhan dapur Anda,True,2025-10-07 10:57:17
95d9c3e3-e483-4f37-b008-78a0bd45c939,Bawang Putih lokal pilihan,660e8400-e29b-41d4-a716-446655440004,Bumbu & Rempah,online,38882,kg,30,79,Bawang Putih lokal pilihan berkualitas tinggi untuk kebutuhan dapur Anda,True,2025-10-18 10:57:17
e7707b7c-c809-4b92-a969-be990c3d2641,Bawang Putih import,660e8400-e29b-41d4-a716-446655440004,Bumbu & Rempah,online,36521,kg,30,67,Bawang Putih import berkualitas tinggi untuk kebutuhan dapur Anda,True,2025-10-22 10:57:17
f079fe90-305d-48f5-bca5-d3547381ea79,Bawang Putih lokal,660e8400-e29b-41d4-a716-446655440004,Bumbu & Rempah,online,39039,kg,30,45,Bawang Putih lokal berkualitas tinggi untuk kebutuhan dapur Anda,True,2025-11-20 10:57:17
28d28db6-d0d8-49c0-821e-27332b6956a7,Bawang Putih import premium,660e8400-e29b-41d4-a716-446655440004,Bumbu & Rempah,online,42851,kg,30,31,Bawang Putih import premium berkualitas tinggi untuk kebutuhan dapur Anda,True,2025-11-02 10:57:17
cab72056-4dd6-4b16-88ef-c0211c9e0be8,Bawang Putih lokal,660e8400-e29b-41d4-a716-446655440004,Bumbu & Rempah,online,40687,kg,30,35,Bawang Putih lokal berkualitas tinggi untuk kebutuhan dapur Anda,True,2025-11-01 10:57:17
e0a76155-ee13-473c-b9f0-f5f8f91997b4,Cabe Kriting merah,660e8400-e29b-41d4-a716-446655440004,Bumbu & Rempah,online,73934,kg,7,84,Cabe Kriting merah berkualitas tinggi untuk kebutuhan dapur Anda,True,2025-10-05 10:57:17
00106671-0f25-46ac-878d-ead24b10ac3d,Cabe Kriting hijau,660e8400-e29b-41d4-a716-446655440004,Bumbu & Rempah,online,65123,kg,7,98,Cabe Kriting hijau berkualitas tinggi untuk kebutuhan dapur Anda,True,2025-11-07 10:57:17
40892332-7c6a-48db-95fb-da2bb3fa8875,Cabe Kriting merah,660e8400-e29b-41d4-a716-446655440004,Bumbu & Rempah,online,75567,kg,7,51,Cabe Kriting merah berkualitas tinggi untuk kebutuhan dapur Anda,True,2025-11-27 10:57:17
a1a8516a-973a-4b9b-b748-2074a34d566a,Cabe Kriting hijau reguler,660e8400-e29b-41d4-a716-446655440004,Bumbu & Rempah,online,63350,kg,7,94,Cabe Kriting hijau reguler berkualitas tinggi untuk kebutuhan dapur Anda,True,2025-10-18 10:57:17
ba9ee710-f43b-4978-a5ad-5181e470bf65,Cabe Kriting merah,660e8400-e29b-41d4-a716-446655440004,Bumbu & Rempah,online,74610,kg,7,68,Cabe Kriting merah berkualitas tinggi untuk kebutuhan dapur Anda,True,2025-11-28 10:57:17
e7a4566b-5c19-472b-a8f5-0f42fc6d4c0c,Cabe Kriting hijau,660e8400-e29b-41d4-a716-446655440004,Bumbu & Rempah,online,64645,kg,7,75,Cabe Kriting hijau berkualitas tinggi untuk kebutuhan dapur Anda,True,2025-11-12 10:57:17
1c946a48-7a50-45dd-8a88-ff768d16e1dd,Cabe Kriting merah ekonomis,660e8400-e29b-41d4-a716-446655440004,Bumbu & Rempah,online,62961,kg,7,64,Cabe Kriting merah ekonomis berkualitas tinggi untuk kebutuhan dapur Anda,True,2025-10-03 10:57:17
54bd6a54-5e87-4386-b464-921267f5f6df,Cabe Kriting hijau,660e8400-e29b-41d4-a716-446655440004,Bumbu & Rempah,online,65445,kg,7,34,Cabe Kriting hijau berkualitas tinggi untuk kebutuhan dapur Anda,True,2025-10-04 10:57:17
949066bb-caaa-49b1-ae8e-c58fc2ec8f12,Cabe Kriting merah,660e8400-e29b-41d4-a716-446655440004,Bumbu & Rempah,online,68619,kg,7,42,Cabe Kriting merah berkualitas tinggi untuk kebutuhan dapur Anda,True,2025-10-14 10:57:17
2578715e-9fc6-4651-a066-e1b6d33933b4,Cabe Kriting hijau ekonomis,660e8400-e29b-41d4-a716-446655440004,Bumbu & Rempah,online,56253,kg,7,46,Cabe Kriting hijau ekonomis berkualitas tinggi untuk kebutuhan dapur Anda,True,2025-10-22 10:57:17
d8d3eaab-700d-4c01-b34d-e6d8dac0a624,Cabe Kriting merah,660e8400-e29b-41d4-a716-446655440004,Bumbu & Rempah,online,73708,kg,7,63,Cabe Kriting merah berkualitas tinggi untuk kebutuhan dapur Anda,True,2025-11-09 10:57:17
a670f709-4560-4c37-b5d1-c02a3bfa58ec,Cabe Rawit merah,660e8400-e29b-41d4-a716-446655440004,Bumbu & Rempah,online,81005,kg,7,63,Cabe Rawit merah berkualitas tinggi untuk kebutuhan dapur Anda,True,2025-11-18 10:57:17
6cb5df83-b0fb-4979-8679-4d6c88b07e9f,Cabe Rawit hijau,660e8400-e29b-41d4-a716-446655440004,Bumbu & Rempah,online,72938,kg,7,70,Cabe Rawit hijau berkualitas tinggi untuk kebutuhan dapur Anda,True,2025-11-03 10:57:17
2f0d1cc1-7212-485b-9b27-76de4fa8b88d,Cabe Rawit merah,660e8400-e29b-41d4-a716-446655440004,Bumbu & Rempah,online,82035,kg,7,22,Cabe Rawit merah berkualitas tinggi untuk kebutuhan dapur Anda,True,2025-10-03 10:57:17
b722dab1-d2d8-4024-a8f0-1108350497b5,Cabe Rawit hijau ekonomis,660e8400-e29b-41d4-a716-446655440004,Bumbu & Rempah,online,62606,kg,7,53,Cabe Rawit hijau ekonomis berkualitas tinggi untuk kebutuhan dapur Anda,True,2025-10-15 10:57:17
0e05eca7-38a5-4e75-b9f3-253ded9dba9e,Cabe Rawit merah,660e8400-e29b-41d4-a716-446655440004,Bumbu & Rempah,online,78632,kg,7,48,Cabe Rawit merah berkualitas tinggi untuk kebutuhan dapur Anda,True,2025-10-15 10:57:17
c71c30ff-68ea-47b3-b341-93419d5fdf1b,Cabe Rawit hijau,660e8400-e29b-41d4-a716-446655440004,Bumbu & Rempah,online,78669,kg,7,72,Cabe Rawit hijau berkualitas tinggi untuk kebutuhan dapur Anda,True,2025-11-14 10:57:17
1cbbbb58-10e8-45be-8659-bbd37e9df92b,Cabe Rawit merah super,660e8400-e29b-41d4-a716-446655440004,Bumbu & Rempah,online,89899,kg,7,54,Cabe Rawit merah super berkualitas tinggi untuk kebutuhan dapur Anda,True,2025-11-21 10:57:17
1dbc546f-ac98-46e4-b72d-cfcf730ae85b,Cabe Rawit hijau,660e8400-e29b-41d4-a716-446655440004,Bumbu & Rempah,online,76143,kg,7,87,Cabe Rawit hijau berkualitas tinggi untuk kebutuhan dapur Anda,True,2025-10-12 10:57:17
a13736e8-1727-44fa-a8b5-142b7d04c40e,Cabe Rawit merah,660e8400-e29b-41d4-a716-446655440004,Bumbu & Rempah,online,77379,kg,7,79,Cabe Rawit merah berkualitas tinggi untuk kebutuhan dapur Anda,True,2025-10-11 10:57:17
3ec2e1b2-9d6d-4037-9e6f-08ed71894692,Cabe Rawit hijau super,660e8400-e29b-41d4-a716-446655440004,Bumbu & Rempah,online,79752,kg,7,27,Cabe Rawit hijau super berkualitas tinggi untuk kebutuhan dapur Anda,True,2025-11-18 10:57:17
bcb1b79f-eb81-483c-9d11-5d1dbe2b5bc6,Cabe Rawit merah,660e8400-e29b-41d4-a716-446655440004,Bumbu & Rempah,online,78308,kg,7,60,Cabe Rawit merah berkualitas tinggi untuk kebutuhan dapur Anda,True,2025-11-23 10:57:17
2af56cd5-0eb2-4451-8598-d2ed71cb1ea2,Suraung/Bawang Daun segar,660e8400-e29b-41d4-a716-446655440004,Bumbu & Rempah,online,15104,iket,5,67,Suraung/Bawang Daun segar berkualitas tinggi untuk kebutuhan dapur Anda,True,2025-10-18 10:57:17
917a8a0f-6b26-446f-b161-9e1ea353b386,Suraung/Bawang Daun segar,660e8400-e29b-41d4-a716-446655440004,Bumbu & Rempah,online,14646,iket,5,76,Suraung/Bawang Daun segar berkualitas tinggi untuk kebutuhan dapur Anda,True,2025-10-19 10:57:17
76326f93-5a01-4d82-a3ca-fe755bd0f442,Suraung/Bawang Daun segar,660e8400-e29b-41d4-a716-446655440004,Bumbu & Rempah,online,14979,iket,5,44,Suraung/Bawang Daun segar berkualitas tinggi untuk kebutuhan dapur Anda,True,2025-10-19 10:57:17
3ab07c77-df42-4d8b-b5e8-14bb8aa42794,Suraung/Bawang Daun segar super,660e8400-e29b-41d4-a716-446655440004,Bumbu & Rempah,online,16813,iket,5,73,Suraung/Bawang Daun segar super berkualitas tinggi untuk kebutuhan dapur Anda,True,2025-11-08 10:57:17
a526f1e8-fb35-4c7a-a071-1cdd9bcdaae8,Suraung/Bawang Daun segar,660e8400-e29b-41d4-a716-446655440004,Bumbu & Rempah,online,14612,iket,5,76,Suraung/Bawang Daun segar berkualitas tinggi untuk kebutuhan dapur Anda,True,2025-11-29 10:57:17
d47be49b-f800-4f14-9bfc-f0f6f5e42ee5,Suraung/Bawang Daun segar,660e8400-e29b-41d4-a716-446655440004,Bumbu & Rempah,online,15677,iket,5,56,Suraung/Bawang Daun segar berkualitas tinggi untuk kebutuhan dapur Anda,True,2025-10-22 10:57:17
5673ceb1-32ab-4709-bad7-b53ff16e50a3,Suraung/Bawang Daun segar pilihan,660e8400-e29b-41d4-a716-446655440004,Bumbu & Rempah,online,15124,iket,5,80,Suraung/Bawang Daun segar pilihan berkualitas tinggi untuk kebutuhan dapur Anda,True,2025-10-04 10:57:17
18a29c12-8096-45db-9fee-a09dda127fe5,Suraung/Bawang Daun segar,660e8400-e29b-41d4-a716-446655440004,Bumbu & Rempah,online,14561,iket,5,96,Suraung/Bawang Daun segar berkualitas tinggi untuk kebutuhan dapur Anda,True,2025-10-15 10:57:17
b51ceab0-6cdd-4fe6-a1a0-4ae3b981d24a,Suraung/Bawang Daun segar,660e8400-e29b-41d4-a716-446655440004,Bumbu & Rempah,online,14289,iket,5,54,Suraung/Bawang Daun segar berkualitas tinggi untuk kebutuhan dapur Anda,True,2025-11-22 10:57:17
0bd3f4ef-653a-4cae-a122-b10763d320e1,Suraung/Bawang Daun segar reguler,660e8400-e29b-41d4-a716-446655440004,Bumbu & Rempah,online,15904,iket,5,24,Suraung/Bawang Daun segar reguler berkualitas tinggi untuk kebutuhan dapur Anda,True,2025-11-23 10:57:17
bd28db57-0f3c-4ca2-8de6-921f6996135c,Suraung/Bawang Daun segar,660e8400-e29b-41d4-a716-446655440004,Bumbu & Rempah,online,14621,iket,5,35,Suraung/Bawang Daun segar berkualitas tinggi untuk kebutuhan dapur Anda,True,2025-10-29 10:57:17
170c5bb3-6cd7-4748-8844-9bbdddf49e50,Sledri/Seledri segar,660e8400-e29b-41d4-a716-446655440004,Bumbu & Rempah,online,20741,kg,5,86,Sledri/Seledri segar berkualitas tinggi untuk kebutuhan dapur Anda,True,2025-11-17 10:57:17
1e3067df-9d28-4aa8-90ab-fb5ee668ea84,Sledri/Seledri segar,660e8400-e29b-41d4-a716-446655440004,Bumbu & Rempah,online,20562,kg,5,57,Sledri/Seledri segar berkualitas tinggi untuk kebutuhan dapur Anda,True,2025-11-04 10:57:17
568b347b-47b6-4af7-873c-613c04d85de0,Sledri/Seledri segar,660e8400-e29b-41d4-a716-446655440004,Bumbu & Rempah,online,20690,kg,5,67,Sledri/Seledri segar berkualitas tinggi untuk kebutuhan dapur Anda,True,2025-10-04 10:57:17
1b52b70f-b6f9-4b82-89eb-80b7921ce5ea,Sledri/Seledri segar super,660e8400-e29b-41d4-a716-446655440004,Bumbu & Rempah,online,21772,kg,5,57,Sledri/Seledri segar super berkualitas tinggi untuk kebutuhan dapur Anda,True,2025-10-05 10:57:17
c35c9b5c-f538-43f5-85f8-7ac815e2ad80,Sledri/Seledri segar,660e8400-e29b-41d4-a716-446655440004,Bumbu & Rempah,online,20277,kg,5,59,Sledri/Seledri segar berkualitas tinggi untuk kebutuhan dapur Anda,True,2025-10-22 10:57:17
3f45cf52-eca9-4874-90db-5d4972452039,Sledri/Seledri segar,660e8400-e29b-41d4-a716-446655440004,Bumbu & Rempah,online,20502,kg,5,74,Sledri/Seledri segar berkualitas tinggi untuk kebutuhan dapur Anda,True,2025-10-25 10:57:17
857a2d05-016f-4189-8ac6-de9c39d51705,Sledri/Seledri segar super,660e8400-e29b-41d4-a716-446655440004,Bumbu & Rempah,online,22354,kg,5,84,Sledri/Seledri segar super berkualitas tinggi untuk kebutuhan dapur Anda,True,2025-11-21 10:57:17
74f539b6-a78f-450b-b1fb-53d13477586a,Sledri/Seledri segar,660e8400-e29b-41d4-a716-446655440004,Bumbu & Rempah,online,19608,kg,5,34,Sledri/Seledri segar berkualitas tinggi untuk kebutuhan dapur Anda,True,2025-11-16 10:57:17
53eabc6f-11b2-4fc9-a729-b390f7fe95f7,Sledri/Seledri segar,660e8400-e29b-41d4-a716-446655440004,Bumbu & Rempah,online,20898,kg,5,38,Sledri/Seledri segar berkualitas tinggi untuk kebutuhan dapur Anda,True,2025-11-27 10:57:17
f064be0a-7abe-492f-bf63-61985e2846c8,Sledri/Seledri segar pilihan,660e8400-e29b-41d4-a716-446655440004,Bumbu & Rempah,online,21118,kg,5,85,Sledri/Seledri segar pilihan berkualitas tinggi untuk kebutuhan dapur Anda,True,2025-10-16 10:57:17
fc2a03c3-0fac-4e54-a7d3-5b2119f1bfd9,Sledri/Seledri segar,660e8400-e29b-41d4-a716-446655440004,Bumbu & Rempah,online,19664,kg,5,32,Sledri/Seledri segar berkualitas tinggi untuk kebutuhan dapur Anda,True,2025-10-24 10:57:17
4dac55fd-df2a-4fa2-ad4d-b00e840e3b64,Daun Bawang segar,660e8400-e29b-41d4-a716-446655440004,Bumbu & Rempah,online,12172,kg,5,49,Daun Bawang segar berkualitas tinggi untuk kebutuhan dapur Anda,True,2025-11-14 10:57:17
711d5cf9-1c89-4746-8e57-54f7c8f40acd,Daun Bawang segar,660e8400-e29b-41d4-a716-446655440004,Bumbu & Rempah,online,12255,kg,5,63,Daun Bawang segar berkualitas tinggi untuk kebutuhan dapur Anda,True,2025-10-31 10:57:17
de65a8d4-5f89-482f-9412-c1e23c90aeca,Daun Bawang segar,660e8400-e29b-41d4-a716-446655440004,Bumbu & Rempah,online,11749,kg,5,80,Daun Bawang segar berkualitas tinggi untuk kebutuhan dapur Anda,True,2025-11-14 10:57:17
c4bddef7-4c2c-4173-bd0b-ecc9acc54fcf,Daun Bawang segar premium,660e8400-e29b-41d4-a716-446655440004,Bumbu & Rempah,online,13964,kg,5,50,Daun Bawang segar premium berkualitas tinggi untuk kebutuhan dapur Anda,True,2025-10-02 10:57:17
fc653c7a-2b88-46e4-b681-a08120eabf7d,Daun Bawang segar,660e8400-e29b-41d4-a716-446655440004,Bumbu & Rempah,online,11949,kg,5,27,Daun Bawang segar berkualitas tinggi untuk kebutuhan dapur Anda,True,2025-11-11 10:57:17
d03395e4-120d-4e68-aa61-63fea2378ef3,Daun Bawang segar,660e8400-e29b-41d4-a716-446655440004,Bumbu & Rempah,online,11869,kg,5,94,Daun Bawang segar berkualitas tinggi untuk kebutuhan dapur Anda,True,2025-10-24 10:57:17
867b429d-cfbf-4db8-88cf-3bb1db363fde,Daun Bawang segar super,660e8400-e29b-41d4-a716-446655440004,Bumbu & Rempah,online,14167,kg,5,44,Daun Bawang segar super berkualitas tinggi untuk kebutuhan dapur Anda,True,2025-10-27 10:57:17
f43b5f07-fc50-4f63-aa8e-c7dbc4183cac,Daun Bawang segar,660e8400-e29b-41d4-a716-446655440004,Bumbu & Rempah,online,12497,kg,5,69,Daun Bawang segar berkualitas tinggi untuk kebutuhan dapur Anda,True,2025-10-13 10:57:17
08d71bbf-4d58-4e2f-bc40-260dbc2d09c9,Daun Bawang segar,660e8400-e29b-41d4-a716-446655440004,Bumbu & Rempah,online,12012,kg,5,66,Daun Bawang segar berkualitas tinggi untuk kebutuhan dapur Anda,True,2025-10-02 10:57:17
f1855a89-0ba0-4115-9d19-7a7465e0cc9c,Daun Bawang segar reguler,660e8400-e29b-41d4-a716-446655440004,Bumbu & Rempah,online,11647,kg,5,90,Daun Bawang segar reguler berkualitas tinggi untuk kebutuhan dapur Anda,True,2025-10-12 10:57:17
e9cec490-651b-4e4f-a85c-c4170763adcb,Daun Bawang segar,660e8400-e29b-41d4-a716-446655440004,Bumbu & Rempah,online,12085,kg,5,82,Daun Bawang segar berkualitas tinggi untuk kebutuhan dapur Anda,True,2025-11-07 10:57:17
69fb79ff-7819-4fc0-85a9-f9b313640b15,Bawang Merah lokal,660e8400-e29b-41d4-a716-446655440004,Bumbu & Rempah,online,45868,kg,30,58,Bawang Merah lokal berkualitas tinggi untuk kebutuhan dapur Anda,True,2025-11-24 10:57:17
42012a26-f3b1-4d73-b549-975ca5ca5819,Bawang Merah import,660e8400-e29b-41d4-a716-446655440004,Bumbu & Rempah,online,36393,kg,30,83,Bawang Merah import berkualitas tinggi untuk kebutuhan dapur Anda,True,2025-11-11 10:57:17
e6c6966e-a30f-4edd-9cb8-3467cfa0b1ed,Bawang Merah lokal,660e8400-e29b-41d4-a716-446655440004,Bumbu & Rempah,online,43700,kg,30,97,Bawang Merah lokal berkualitas tinggi untuk kebutuhan dapur Anda,True,2025-11-16 10:57:17
628a7cbe-09ba-4f85-a46f-e24df0ce6fd5,Bawang Merah import reguler,660e8400-e29b-41d4-a716-446655440004,Bumbu & Rempah,online,35908,kg,30,77,Bawang Merah import reguler berkualitas tinggi untuk kebutuhan dapur Anda,True,2025-11-19 10:57:17
11d15718-b49f-400d-85cf-e1b97d2d097c,Bawang Merah lokal,660e8400-e29b-41d4-a716-446655440004,Bumbu & Rempah,online,46532,kg,30,44,Bawang Merah lokal berkualitas tinggi untuk kebutuhan dapur Anda,True,2025-11-08 10:57:17
cc1f526e-9883-40c1-8b97-43000f9f8fe3,Bawang Merah import,660e8400-e29b-41d4-a716-446655440004,Bumbu & Rempah,online,39093,kg,30,23,Bawang Merah import berkualitas tinggi untuk kebutuhan dapur Anda,True,2025-11-25 10:57:17
89fa9a1f-8397-4de9-8a25-3bb924313209,Bawang Merah lokal reguler,660e8400-e29b-41d4-a716-446655440004,Bumbu & Rempah,online,42346,kg,30,90,Bawang Merah lokal reguler berkualitas tinggi untuk kebutuhan dapur Anda,True,2025-11-25 10:57:17
83021053-1638-4d9a-8fe4-e846cb4f2928,Bawang Merah import,660e8400-e29b-41d4-a716-446655440004,Bumbu & Rempah,online,38269,kg,30,81,Bawang Merah import berkualitas tinggi untuk kebutuhan dapur Anda,True,2025-11-04 10:57:17
f743d0c5-3c0f-42cf-829d-5be1576fc6ac,Bawang Merah lokal,660e8400-e29b-41d4-a716-446655440004,Bumbu & Rempah,online,46747,kg,30,34,Bawang Merah lokal berkualitas tinggi untuk kebutuhan dapur Anda,True,2025-11-04 10:57:17
3a118765-f844-4de3-a131-1432305de4d9,Bawang Merah import super,660e8400-e29b-41d4-a716-446655440004,Bumbu & Rempah,online,41195,kg,30,24,Bawang Merah import super berkualitas tinggi untuk kebutuhan dapur Anda,True,2025-10-27 10:57:17
4b0006ec-6421-4e34-9e77-f028df7d845f,Bawang Merah lokal,660e8400-e29b-41d4-a716-446655440004,Bumbu & Rempah,online,46890,kg,30,50,Bawang Merah lokal berkualitas tinggi untuk kebutuhan dapur Anda,True,2025-10-11 10:57:17
85560619-50e9-4814-a4ab-e56c1d385465,Kemiri kupas,660e8400-e29b-41d4-a716-446655440004,Bumbu & Rempah,online,60303,kg,180,78,Kemiri kupas berkualitas tinggi untuk kebutuhan dapur Anda,True,2025-11-09 10:57:17
66b20920-8fdd-4e94-a886-f1515d1c0ff0,Kemiri kupas,660e8400-e29b-41d4-a716-446655440004,Bumbu & Rempah,online,60897,kg,180,66,Kemiri kupas berkualitas tinggi untuk kebutuhan dapur Anda,True,2025-11-02 10:57:17
75cbe056-b4c1-4cc6-b474-cac064f44d8a,Kemiri kupas,660e8400-e29b-41d4-a716-446655440004,Bumbu & Rempah,online,57471,kg,180,91,Kemiri kupas berkualitas tinggi untuk kebutuhan dapur Anda,True,2025-10-19 10:57:17
6e84da79-d3ec-4655-84e9-fdb096b1c3cd,Kemiri kupas reguler,660e8400-e29b-41d4-a716-446655440004,Bumbu & Rempah,online,59923,kg,180,51,Kemiri kupas reguler berkualitas tinggi untuk kebutuhan dapur Anda,True,2025-11-04 10:57:17
0825cf48-2531-496a-9504-7b4a1bb683a0,Kemiri kupas,660e8400-e29b-41d4-a716-446655440004,Bumbu & Rempah,online,61192,kg,180,26,Kemiri kupas berkualitas tinggi untuk kebutuhan dapur Anda,True,2025-10-24 10:57:17
e3d6bb54-e819-46ab-a463-05ca36e39720,Kemiri kupas,660e8400-e29b-41d4-a716-446655440004,Bumbu & Rempah,online,62292,kg,180,88,Kemiri kupas berkualitas tinggi untuk kebutuhan dapur Anda,True,2025-10-16 10:57:17
21c5b36d-c7e0-4de6-aa37-489f3991f918,Kemiri kupas reguler,660e8400-e29b-41d4-a716-446655440004,Bumbu & Rempah,online,61835,kg,180,48,Kemiri kupas reguler berkualitas tinggi untuk kebutuhan dapur Anda,True,2025-10-10 10:57:17
c1692dc5-b0f9-4b5b-8e6d-04267cb4e5f9,Kemiri kupas,660e8400-e29b-41d4-a716-446655440004,Bumbu & Rempah,online,57981,kg,180,35,Kemiri kupas berkualitas tinggi untuk kebutuhan dapur Anda,True,2025-11-24 10:57:17
c45bf03b-1d83-424f-bd14-0e778e53360d,Kemiri kupas,660e8400-e29b-41d4-a716-446655440004,Bumbu & Rempah,online,57932,kg,180,38,Kemiri kupas berkualitas tinggi untuk kebutuhan dapur Anda,True,2025-10-02 10:57:17
0a0978c7-7451-4cc0-a2c8-4f2a9c398582,Lada hitam,660e8400-e29b-41d4-a716-446655440004,Bumbu & Rempah,online,123803,kg,360,21,Lada hitam berkualitas tinggi untuk kebutuhan dapur Anda,True,2025-11-04 10:57:17
952e2116-d524-418e-81fe-d7755b930405,Lada putih,660e8400-e29b-41d4-a716-446655440004,Bumbu & Rempah,online,105126,kg,360,50,Lada putih berkualitas tinggi untuk kebutuhan dapur Anda,True,2025-11-11 10:57:17
e8eab740-919c-440f-b331-e0c892328841,Lada hitam,660e8400-e29b-41d4-a716-446655440004,Bumbu & Rempah,online,122487,kg,360,65,Lada hitam berkualitas tinggi untuk kebutuhan dapur Anda,True,2025-10-21 10:57:17
b454022b-f0cd-4156-a6cd-64dd338aaa07,Lada putih reguler,660e8400-e29b-41d4-a716-446655440004,Bumbu & Rempah,online,113266,kg,360,26,Lada putih reguler berkualitas tinggi untuk kebutuhan dapur Anda,True,2025-10-14 10:57:17
20bb77ef-2f8d-4199-8466-3f162b3043b9,Lada hitam,660e8400-e29b-41d4-a716-446655440004,Bumbu & Rempah,online,122610,kg,360,49,Lada hitam berkualitas tinggi untuk kebutuhan dapur Anda,True,2025-11-01 10:57:17
54b58a63-a356-4aa8-bcce-b45777f9c077,Lada putih,660e8400-e29b-41d4-a716-446655440004,Bumbu & Rempah,online,114487,kg,360,88,Lada putih berkualitas tinggi untuk kebutuhan dapur Anda,True,2025-10-23 10:57:17
19d5bc7a-1cc9-4f11-a511-aa41d97cfc71,Lada hitam pilihan,660e8400-e29b-41d4-a716-446655440004,Bumbu & Rempah,online,112609,kg,360,78,Lada hitam pilihan berkualitas tinggi untuk kebutuhan dapur Anda,True,2025-10-09 10:57:17
0763499d-5f35-42c5-b9f2-e6a5505d322b,Lada putih,660e8400-e29b-41d4-a716-446655440004,Bumbu & Rempah,online,112183,kg,360,87,Lada putih berkualitas tinggi untuk kebutuhan dapur Anda,True,2025-10-03 10:57:17
110759d9-550e-4ac0-bf5d-cb3e90a23ee4,Lada hitam,660e8400-e29b-41d4-a716-446655440004,Bumbu & Rempah,online,115593,kg,360,72,Lada hitam berkualitas tinggi untuk kebutuhan dapur Anda,True,2025-10-27 10:57:17
8b5a1d2d-a24b-4b3b-9fd1-a5fd10e78825,Ketumbar bubuk,660e8400-e29b-41d4-a716-446655440004,Bumbu & Rempah,online,23931,kg,180,57,Ketumbar bubuk berkualitas tinggi untuk kebutuhan dapur Anda,True,2025-11-27 10:57:17
8cfbc07b-fdc2-484b-adfb-ad097f3d352a,Ketumbar biji,660e8400-e29b-41d4-a716-446655440004,Bumbu & Rempah,online,22082,kg,180,74,Ketumbar biji berkualitas tinggi untuk kebutuhan dapur Anda,True,2025-11-14 10:57:17
1601162b-30c8-4b28-add2-a33bd03bb3d6,Ketumbar bubuk,660e8400-e29b-41d4-a716-446655440004,Bumbu & Rempah,online,24499,kg,180,52,Ketumbar bubuk berkualitas tinggi untuk kebutuhan dapur Anda,True,2025-11-26 10:57:17
cf47bfdd-4f1b-45d5-8910-ed0106b25ed7,Ketumbar biji ekonomis,660e8400-e29b-41d4-a716-446655440004,Bumbu & Rempah,online,18120,kg,180,24,Ketumbar biji ekonomis berkualitas tinggi untuk kebutuhan dapur Anda,True,2025-10-02 10:57:17
93efd3b8-18c9-491f-a02e-56a6d2754fcb,Ketumbar bubuk,660e8400-e29b-41d4-a716-446655440004,Bumbu & Rempah,online,24528,kg,180,61,Ketumbar bubuk berkualitas tinggi untuk kebutuhan dapur Anda,True,2025-11-06 10:57:17
c3e83a7d-0c87-4ca9-a0ba-9518333ab431,Ketumbar biji,660e8400-e29b-41d4-a716-446655440004,Bumbu & Rempah,online,21605,kg,180,67,Ketumbar biji berkualitas tinggi untuk kebutuhan dapur Anda,True,2025-11-12 10:57:17
21483099-a589-4ba3-8637-71e085ca242f,Ketumbar bubuk super,660e8400-e29b-41d4-a716-446655440004,Bumbu & Rempah,online,30849,kg,180,98,Ketumbar bubuk super berkualitas tinggi untuk kebutuhan dapur Anda,True,2025-11-25 10:57:17
00eea0c7-d959-4ee9-96a8-c9ac24112793,Ketumbar biji,660e8400-e29b-41d4-a716-446655440004,Bumbu & Rempah,online,22463,kg,180,51,Ketumbar biji berkualitas tinggi untuk kebutuhan dapur Anda,True,2025-10-15 10:57:17
473c49df-8151-4c09-84cd-4c9647be6f97,Ketumbar bubuk,660e8400-e29b-41d4-a716-446655440004,Bumbu & Rempah,online,24721,kg,180,55,Ketumbar bubuk berkualitas tinggi untuk kebutuhan dapur Anda,True,2025-11-07 10:57:17
fcd2bff8-af87-48e7-ac93-e34122a0c64b,Kentang granola,660e8400-e29b-41d4-a716-446655440005,Sayuran,online,19285,kg,14,38,Kentang granola berkualitas tinggi untuk kebutuhan dapur Anda,True,2025-10-25 10:57:17
e4544431-9780-4a02-a69e-7b251cf530ce,Kentang lokal dieng,660e8400-e29b-41d4-a716-446655440005,Sayuran,online,16935,kg,14,87,Kentang lokal dieng berkualitas tinggi untuk kebutuhan dapur Anda,True,2025-10-08 10:57:17
ba19a585-f884-4668-b896-f4d55aa9532e,Kentang biasa,660e8400-e29b-41d4-a716-446655440005,Sayuran,online,18439,kg,14,25,Kentang biasa berkualitas tinggi untuk kebutuhan dapur Anda,True,2025-10-31 10:57:17
f8c54497-84a6-4da7-a544-51cfba67110f,Kentang granola ekonomis,660e8400-e29b-41d4-a716-446655440005,Sayuran,online,17516,kg,14,85,Kentang granola ekonomis berkualitas tinggi untuk kebutuhan dapur Anda,True,2025-11-10 10:57:17
0eac2f50-ed36-43a4-b1c0-64fd2117bb78,Kentang lokal dieng Sumatera,660e8400-e29b-41d4-a716-446655440005,Sayuran,online,16527,kg,14,81,Kentang lokal dieng Sumatera berkualitas tinggi untuk kebutuhan dapur Anda,True,2025-10-21 10:57:17
d3184ea5-2c47-47c1-8bc3-e42a0db534fe,Kentang biasa,660e8400-e29b-41d4-a716-446655440005,Sayuran,online,17395,kg,14,31,Kentang biasa berkualitas tinggi untuk kebutuhan dapur Anda,True,2025-11-28 10:57:17
2314e8d0-0d80-46d3-b6cd-ecf433a5de26,Kentang granola super,660e8400-e29b-41d4-a716-446655440005,Sayuran,online,23466,kg,14,36,Kentang granola super berkualitas tinggi untuk kebutuhan dapur Anda,True,2025-10-28 10:57:17
8ababcf7-91a0-4413-958c-e074ae498d88,Kentang lokal dieng Jawa Tengah,660e8400-e29b-41d4-a716-446655440005,Sayuran,online,17219,kg,14,25,Kentang lokal dieng Jawa Tengah berkualitas tinggi untuk kebutuhan dapur Anda,True,2025-11-06 10:57:17
61c001aa-74c1-4f3d-a302-deba4eda6e89,Kentang biasa,660e8400-e29b-41d4-a716-446655440005,Sayuran,online,17703,kg,14,30,Kentang biasa berkualitas tinggi untuk kebutuhan dapur Anda,True,2025-10-24 10:57:17
e6914ed9-f524-4937-8547-a731592e0474,Pete segar,660e8400-e29b-41d4-a716-446655440005,Sayuran,online,28985,iket,3,39,Pete segar berkualitas tinggi untuk kebutuhan dapur Anda,True,2025-11-18 10:57:17
5d9c4b82-9336-469f-98a3-c3f68ed42b79,Pete kupas,660e8400-e29b-41d4-a716-446655440005,Sayuran,online,35802,iket,3,44,Pete kupas berkualitas tinggi untuk kebutuhan dapur Anda,True,2025-10-29 10:57:17
752273e1-3593-4011-b96d-26a64fa56fa6,Pete segar,660e8400-e29b-41d4-a716-446655440005,Sayuran,online,30841,iket,3,51,Pete segar berkualitas tinggi untuk kebutuhan dapur Anda,True,2025-10-15 10:57:17
497743d1-0dc1-404d-a1a3-3b5955f62c9b,Pete kupas super,660e8400-e29b-41d4-a716-446655440005,Sayuran,online,39471,iket,3,31,Pete kupas super berkualitas tinggi untuk kebutuhan dapur Anda,True,2025-10-01 10:57:17
509e2c02-a658-477c-b2cb-2daa451a1a51,Pete segar Jawa Barat,660e8400-e29b-41d4-a716-446655440005,Sayuran,online,29668,iket,3,22,Pete segar Jawa Barat berkualitas tinggi untuk kebutuhan dapur Anda,True,2025-10-02 10:57:17
d7c86f5a-c6d4-49c2-a3d2-0f4ede3a19fd,Pete kupas,660e8400-e29b-41d4-a716-446655440005,Sayuran,online,34102,iket,3,32,Pete kupas berkualitas tinggi untuk kebutuhan dapur Anda,True,2025-10-06 10:57:17
8ba1bcc1-bf0a-4e1b-b3c4-7dad6a6b349f,Pete segar premium,660e8400-e29b-41d4-a716-446655440005,Sayuran,online,35502,iket,3,61,Pete segar premium berkualitas tinggi untuk kebutuhan dapur Anda,True,2025-11-15 10:57:17
f8b62814-7800-41d7-a8b9-b6ffa5d70721,Pete kupas Sumatera,660e8400-e29b-41d4-a716-446655440005,Sayuran,online,33943,iket,3,47,Pete kupas Sumatera berkualitas tinggi untuk kebutuhan dapur Anda,True,2025-10-23 10:57:17
a65557c1-2c4c-4ed1-95be-df0bd15dfe7e,Pete segar,660e8400-e29b-41d4-a716-446655440005,Sayuran,online,28952,iket,3,49,Pete segar berkualitas tinggi untuk kebutuhan dapur Anda,True,2025-11-26 10:57:17
486c03f1-55f5-4158-98f4-c96791e80292,Wortel segar,660e8400-e29b-41d4-a716-446655440005,Sayuran,online,13823,kg,14,31,Wortel segar berkualitas tinggi untuk kebutuhan dapur Anda,True,2025-11-01 10:57:17
299591ea-49b1-408e-909c-9d8e2f94e4ea,Wortel segar Sumatera,660e8400-e29b-41d4-a716-446655440005,Sayuran,online,14537,kg,14,75,Wortel segar Sumatera berkualitas tinggi untuk kebutuhan dapur Anda,True,2025-11-03 10:57:17
8ff2f9e7-f3cd-4363-824d-c4793a9ef4be,Wortel segar,660e8400-e29b-41d4-a716-446655440005,Sayuran,online,14600,kg,14,85,Wortel segar berkualitas tinggi untuk kebutuhan dapur Anda,True,2025-11-13 10:57:17
21c805b1-5d42-4dc8-bb52-52ca730f47a1,Wortel segar pilihan,660e8400-e29b-41d4-a716-446655440005,Sayuran,online,14481,kg,14,30,Wortel segar pilihan berkualitas tinggi untuk kebutuhan dapur Anda,True,2025-11-25 10:57:17
